Date,12MF_PE,FundFlow_Institutional,FundFlow_Retail,FundFlow_foreigner,WTI,Gold,S&P500,NASDAQ100,Shanghai,USGG_2Y,USGG_10Y,USDCNY,USDKRW,KRGG_3Y,KRGG_10Y
2021-12-05,11.43,89138.00,-266077.00,151738.00,66.26,1782.00,4538.43,15712.04,3607.43,0.61,1.36,184.61,1177.30,1.90,2.23
2021-12-06,11.46,241727.00,-435451.00,154773.00,69.49,1777.50,4591.67,15846.16,3589.31,0.63,1.43,184.84,1178.60,1.87,2.21
2021-12-07,11.53,166046.00,-574854.00,362086.00,72.05,1782.60,4686.75,16325.66,3595.09,0.69,1.48,185.64,1183.70,1.87,2.24
2021-12-08,11.57,968707.00,-1261016.00,283212.00,72.36,1783.40,4701.21,16394.34,3637.57,0.69,1.53,185.52,1181.20,1.83,2.19
2021-12-09,11.67,1605980.00,-1769478.00,609763.00,70.94,1774.60,4667.45,16149.57,3673.04,0.69,1.50,185.43,1176.40,1.79,2.19
2021-12-10,11.60,1845501.00,-1754824.00,321292.00,71.67,1782.90,4712.02,16331.98,3666.35,0.65,1.48,184.05,1173.80,1.81,2.20
2021-12-11,11.60,2085022.00,-1740170.00,32821.00,71.67,1782.90,4712.02,16331.98,3666.35,0.67,1.48,184.05,1173.80,1.81,2.20
2021-12-12,11.60,2324543.00,-1725516.00,-255650.00,71.67,1782.90,4712.02,16331.98,3666.35,0.63,1.48,184.05,1173.80,1.81,2.20
2021-12-13,11.56,2793571.00,-2094402.00,-393952.00,71.29,1786.30,4668.97,16082.55,3681.08,0.66,1.41,184.96,1178.20,1.79,2.17
2021-12-14,11.52,2606107.00,-2132291.00,-210583.00,70.73,1770.40,4634.09,15914.90,3661.53,0.67,1.44,185.14,1178.80,1.78,2.17
2021-12-15,11.52,2436116.00,-1965084.00,-233492.00,70.87,1762.60,4709.85,16289.59,3647.63,0.62,1.46,185.88,1183.60,1.81,2.17
2021-12-16,11.60,2384648.00,-2134442.00,-49964.00,72.38,1796.60,4668.67,15863.94,3675.02,0.64,1.42,186.29,1186.20,1.77,2.15
2021-12-17,11.63,2370876.00,-2661542.00,481769.00,70.86,1803.80,4620.64,15801.46,3632.36,0.62,1.41,185.84,1183.50,1.77,2.15
2021-12-18,11.63,2357104.00,-3188642.00,1013502.00,70.86,1803.80,4620.64,15801.46,3632.36,0.64,1.41,185.84,1183.50,1.77,2.15
2021-12-19,11.63,2343332.00,-3715742.00,1545235.00,70.86,1803.80,4620.64,15801.46,3632.36,0.67,1.41,185.84,1183.50,1.77,2.15
2021-12-20,11.39,1768754.00,-2629957.00,990740.00,68.23,1793.70,4568.02,15627.64,3593.60,0.66,1.43,185.76,1184.40,1.74,2.11
2021-12-21,11.44,2371086.00,-3277824.00,1020068.00,71.12,1787.90,4649.23,15986.28,3625.13,0.69,1.47,186.61,1189.80,1.72,2.10
2021-12-22,11.48,2432238.00,-3777584.00,1436196.00,72.76,1801.60,4696.56,16180.14,3622.62,0.69,1.45,186.99,1191.50,1.76,2.15
2021-12-23,11.54,3010794.00,-4598101.00,1662093.00,73.79,1811.20,4725.79,16308.21,3643.34,0.70,1.49,187.00,1191.20,1.81,2.21
2021-12-24,11.64,3926918.00,-5730490.00,1851599.00,73.79,1811.20,4725.79,16308.21,3618.05,0.76,1.49,186.41,1187.50,1.80,2.21
2021-12-25,11.63,4843042.00,-6862879.00,2041105.00,73.79,1811.20,4725.79,16308.21,3618.05,0.75,1.49,186.41,1187.50,1.80,2.21
2021-12-26,11.63,5759166.00,-7995268.00,2230611.00,73.79,1811.20,4725.79,16308.21,3618.05,0.73,1.49,186.41,1187.50,1.80,2.21
2021-12-27,11.59,6195363.00,-8539243.00,2279040.00,75.57,1808.10,4791.19,16567.50,3615.97,0.73,1.48,186.32,1186.40,1.78,2.21
2021-12-28,11.68,7713725.00,-10536578.00,2728177.00,75.98,1810.20,4786.35,16488.66,3630.11,0.73,1.48,186.18,1186.20,1.79,2.20
2021-12-29,11.55,5977584.00,-8684210.00,2605545.00,76.56,1805.10,4793.06,16491.01,3597.00,0.78,1.56,186.33,1186.70,1.78,2.18
2021-12-30,11.48,5216987.00,-7730361.00,2391594.00,76.99,1812.70,4778.73,16429.10,3619.19,0.76,1.51,186.33,1186.60,1.80,2.25
2021-12-31,11.48,4456390.00,-6776512.00,2177643.00,75.21,1827.50,4766.18,16320.08,3639.78,0.83,1.51,186.02,1185.50,1.80,2.25
2022-01-01,11.48,3695793.00,-5822663.00,1963692.00,75.21,1827.50,4766.18,16320.08,3639.78,0.87,1.51,186.02,1185.50,1.80,2.25
2022-01-02,11.48,2935196.00,-4868814.00,1749741.00,75.21,1827.50,4766.18,16320.08,3639.78,0.87,1.51,186.02,1185.50,1.80,2.25
2022-01-03,11.62,2123971.00,-4345389.00,2014960.00,76.08,1799.40,4796.56,16501.77,3639.78,0.87,1.64,186.51,1185.50,1.86,2.33
2022-01-04,11.60,1378605.00,-3699791.00,2105479.00,76.99,1814.00,4793.54,16279.73,3632.33,0.90,1.65,187.35,1190.80,1.87,2.32
2022-01-05,11.43,56262.00,-3001425.00,2723160.00,77.85,1824.60,4700.58,15771.78,3595.18,0.89,1.70,187.41,1194.30,1.91,2.38
2022-01-06,11.33,-429376.00,-2716372.00,2904156.00,79.46,1788.70,4696.05,15765.36,3586.08,0.92,1.73,188.27,1198.20,2.01,2.48
2022-01-07,11.47,-765263.00,-2960225.00,3559405.00,78.90,1797.00,4677.03,15592.19,3579.54,0.89,1.77,187.94,1199.60,2.02,2.46
2022-01-08,11.48,-1101150.00,-3204078.00,4214654.00,78.90,1797.00,4677.03,15592.19,3579.54,0.97,1.77,187.94,1199.60,2.02,2.46
2022-01-09,11.46,-1437037.00,-3447931.00,4869903.00,78.90,1797.00,4677.03,15592.19,3579.54,1.00,1.77,187.94,1199.60,2.02,2.46
2022-01-10,11.26,-1937089.00,-2875033.00,4788039.00,78.23,1798.40,4670.29,15614.43,3593.52,1.05,1.76,188.53,1202.40,2.06,2.48
2022-01-11,11.27,-2199044.00,-3093674.00,5270620.00,81.22,1818.60,4713.07,15844.12,3567.44,1.05,1.75,188.20,1200.00,2.04,2.49
2022-01-12,11.44,-1593545.00,-4166849.00,5725953.00,82.64,1827.20,4726.35,15905.10,3597.43,1.03,1.75,187.51,1195.20,2.00,2.43
2022-01-13,11.37,-1896609.00,-4260453.00,6095747.00,82.12,1821.20,4659.03,15495.62,3555.26,1.02,1.70,187.14,1189.90,1.95,2.40
2022-01-14,11.22,-2491886.00,-3453555.00,5850623.00,83.82,1816.50,4662.85,15611.59,3521.26,1.03,1.79,186.83,1188.20,2.04,2.45
2022-01-15,11.21,-3087163.00,-2646657.00,5605499.00,83.82,1816.50,4662.85,15611.59,3521.26,0.97,1.79,186.83,1188.20,2.04,2.45
2022-01-16,11.21,-3682440.00,-1839759.00,5360375.00,83.82,1816.50,4662.85,15611.59,3521.26,1.03,1.79,186.83,1188.20,2.04,2.45
2022-01-17,11.02,-3504263.00,-1358540.00,4671723.00,83.82,1816.50,4662.85,15611.59,3541.67,1.16,1.81,186.94,1187.60,2.15,2.57
2022-01-18,10.94,-3731684.00,-1158693.00,4687548.00,85.43,1812.30,4577.11,15210.76,3569.91,1.19,1.88,187.80,1192.30,2.13,2.55
2022-01-19,10.88,-3742508.00,-1188641.00,4721734.00,86.96,1843.10,4532.76,15047.84,3558.18,1.17,1.85,187.14,1188.90,2.07,2.54
2022-01-20,10.97,-3633411.00,-1042071.00,4443918.00,86.90,1842.50,4482.73,14846.46,3555.06,1.20,1.81,187.83,1191.80,2.12,2.56
2022-01-21,10.84,-4276837.00,-146207.00,4223240.00,85.14,1831.80,4397.94,14438.40,3522.57,1.18,1.77,187.73,1190.40,2.13,2.54
2022-01-22,10.84,-4920263.00,749657.00,4002562.00,85.14,1831.80,4397.94,14438.40,3522.57,1.17,1.77,187.73,1190.40,2.13,2.54
2022-01-23,10.84,-5563689.00,1645521.00,3781884.00,85.14,1831.80,4397.94,14438.40,3522.57,1.15,1.77,187.73,1190.40,2.13,2.54
2022-01-24,10.70,-4970093.00,1507414.00,3346025.00,83.31,1841.70,4410.13,14509.58,3524.11,1.20,1.78,188.29,1193.60,2.11,2.54
2022-01-25,10.44,-5137916.00,2080827.00,2914735.00,85.60,1852.70,4356.45,14149.12,3433.06,1.32,1.78,188.63,1194.20,2.17,2.58
2022-01-26,10.38,-5153567.00,2302247.00,2673265.00,87.35,1829.90,4349.93,14172.76,3455.67,1.32,1.87,189.34,1197.80,2.16,2.57
2022-01-27,10.62,-3305813.00,2163080.00,967725.00,86.61,1793.30,4326.51,14003.11,3394.25,1.29,1.80,189.37,1197.00,2.22,2.61
2022-01-28,10.85,-2913561.00,2436502.00,266906.00,86.82,1784.90,4431.85,14454.61,3361.44,1.35,1.78,188.81,1202.40,2.19,2.59
2022-01-29,10.86,-2521309.00,2709924.00,-433913.00,86.82,1784.90,4431.85,14454.61,3361.44,1.37,1.78,188.81,1202.40,2.19,2.59
2022-01-30,10.84,-2129057.00,2983346.00,-1134732.00,86.82,1784.90,4431.85,14454.61,3361.44,1.61,1.78,188.81,1202.40,2.19,2.59
2022-01-31,10.84,-1736805.00,3256768.00,-1835551.00,88.15,1795.00,4515.55,14930.05,3361.44,1.49,1.78,188.81,1202.40,2.19,2.59
2022-02-01,10.84,-1344553.00,3530190.00,-2536370.00,88.20,1800.30,4546.54,15019.68,3361.44,1.57,1.80,188.81,1202.40,2.19,2.59
2022-02-02,10.85,-952301.00,3803612.00,-3237189.00,88.26,1809.20,4589.38,15139.74,3361.44,1.58,1.77,188.81,1202.40,2.19,2.59
2022-02-03,10.97,-902655.00,3670290.00,-3153986.00,90.27,1803.00,4477.44,14501.11,3361.44,1.53,1.84,189.55,1205.70,2.16,2.57
2022-02-04,11.13,-688251.00,3255201.00,-2963402.00,92.31,1806.60,4500.53,14694.35,3361.44,1.47,1.92,189.50,1205.40,2.19,2.62
2022-02-05,11.13,-473847.00,2840112.00,-2772818.00,92.31,1806.60,4500.53,14694.35,3361.44,1.47,1.92,189.50,1205.40,2.19,2.62
2022-02-06,11.14,-259443.00,2425023.00,-2582234.00,92.31,1806.60,4500.53,14694.35,3361.44,1.44,1.92,189.50,1205.40,2.19,2.62
2022-02-07,11.12,-1091893.00,3236020.00,-2589286.00,91.32,1820.60,4483.87,14571.25,3429.58,1.56,1.92,189.42,1199.50,2.24,2.64
2022-02-08,11.18,-1052452.00,3280615.00,-2684502.00,89.36,1826.60,4521.54,14747.03,3452.63,1.61,1.97,188.52,1199.40,2.30,2.73
2022-02-09,11.31,-855400.00,2819907.00,-2444351.00,89.66,1835.20,4587.18,15056.96,3479.95,1.58,1.95,188.14,1197.80,2.28,2.69
2022-02-10,11.34,-1397270.00,2512993.00,-1609727.00,89.88,1836.20,4504.08,14705.64,3485.91,1.57,2.04,187.97,1196.00,2.26,2.69
2022-02-11,11.28,-2092639.00,2583509.00,-999336.00,93.10,1840.80,4418.64,14253.84,3462.95,1.49,1.92,188.22,1196.00,2.34,2.75
2022-02-12,11.26,-2788008.00,2654025.00,-388945.00,93.10,1840.80,4418.64,14253.84,3462.95,1.44,1.92,188.22,1196.00,2.34,2.75
2022-02-13,11.27,-3483377.00,2724541.00,221446.00,93.10,1840.80,4418.64,14253.84,3462.95,1.33,1.92,188.22,1196.00,2.34,2.75
2022-02-14,11.09,-3387345.00,2535323.00,288111.00,95.46,1868.00,4401.67,14268.59,3428.88,1.51,1.99,188.78,1199.60,2.35,2.71
2022-02-15,10.96,-3353176.00,2705783.00,69055.00,92.07,1854.80,4471.07,14620.82,3446.09,1.53,2.04,188.48,1198.30,2.35,2.71
2022-02-16,11.27,-3127792.00,2498554.00,23863.00,93.66,1870.20,4475.01,14603.64,3465.83,1.49,2.04,189.06,1198.50,2.33,2.70
2022-02-17,11.34,-2693414.00,1400349.00,673235.00,91.76,1900.70,4380.26,14171.74,3468.04,1.43,1.97,188.87,1196.90,2.30,2.71
2022-02-18,11.33,-2589418.00,1442468.00,521858.00,91.07,1898.60,4348.87,14009.54,3490.76,1.56,1.93,188.86,1197.10,2.32,2.73
2022-02-19,11.33,-2485422.00,1484587.00,370481.00,91.07,1898.60,4348.87,14009.54,3490.76,1.60,1.93,188.86,1197.10,2.32,2.73
2022-02-20,11.33,-2381426.00,1526706.00,219104.00,91.07,1898.60,4348.87,14009.54,3490.76,1.68,1.93,188.86,1197.10,2.32,2.73
2022-02-21,11.33,-2471040.00,1628385.00,155639.00,91.07,1898.60,4348.87,14009.54,3490.61,1.70,1.87,189.14,1196.40,2.36,2.77
2022-02-22,11.16,-2853415.00,2299721.00,-170780.00,92.35,1906.10,4304.76,13870.53,3457.15,1.75,1.94,188.56,1194.60,2.33,2.72
2022-02-23,11.20,-2663936.00,2363079.00,-437289.00,92.10,1909.20,4225.50,13509.43,3489.15,1.79,2.00,188.84,1194.70,2.32,2.72
2022-02-24,11.00,-3146670.00,3463065.00,-1104172.00,92.81,1925.10,4288.70,13974.67,3429.96,1.87,1.97,188.77,1192.10,2.23,2.62
2022-02-25,11.27,-2952582.00,3378013.00,-1227230.00,91.59,1886.50,4384.65,14189.16,3451.41,1.85,1.97,189.50,1199.40,2.24,2.67
2022-02-26,11.27,-2758494.00,3292961.00,-1350288.00,91.59,1886.50,4384.65,14189.16,3451.41,1.95,1.97,189.50,1199.40,2.24,2.67
2022-02-27,11.27,-2564406.00,3207909.00,-1473346.00,91.59,1886.50,4384.65,14189.16,3451.41,1.92,1.97,189.50,1199.40,2.24,2.67
2022-02-28,11.36,-2944553.00,3499293.00,-1377254.00,95.72,1899.40,4373.94,14237.81,3462.31,1.94,1.82,190.38,1202.70,2.24,2.68
2022-03-01,11.37,-3324700.00,3790677.00,-1281162.00,103.41,1942.40,4306.26,14005.99,3488.83,1.94,1.72,190.38,1202.70,2.24,2.68
2022-03-02,11.38,-3456970.00,4217409.00,-1587668.00,110.60,1920.90,4386.54,14243.69,3484.19,2.12,1.88,191.00,1205.60,2.19,2.61
2022-03-03,11.56,-3197821.00,3826365.00,-1454688.00,107.67,1934.40,4363.49,14035.21,3481.11,2.17,1.84,190.63,1205.00,2.20,2.65
2022-03-04,11.42,-3623355.00,4812892.00,-2041316.00,115.68,1965.10,4328.87,13837.83,3447.65,2.10,1.74,190.41,1203.60,2.21,2.66
2022-03-05,11.42,-4048889.00,5799419.00,-2627944.00,115.68,1965.10,4328.87,13837.83,3447.65,2.13,1.74,190.41,1203.60,2.21,2.66
2022-03-06,11.42,-4474423.00,6785946.00,-3214572.00,115.68,1965.10,4328.87,13837.83,3447.65,2.28,1.74,190.41,1203.60,2.21,2.66
2022-03-07,11.13,-5434356.00,8901239.00,-4395968.00,119.40,1993.90,4201.09,13319.38,3372.86,2.28,1.78,191.69,1211.50,2.29,2.71
2022-03-08,11.01,-5725667.00,9633135.00,-4869522.00,123.70,2040.10,4170.70,13267.61,3293.53,2.34,1.84,193.87,1225.40,2.29,2.72
2022-03-09,11.01,-6016978.00,10365031.00,-5343076.00,108.70,1985.90,4277.88,13742.20,3256.39,2.37,1.95,193.87,1225.40,2.29,2.72
2022-03-10,11.26,-5252157.00,10012423.00,-5770299.00,106.02,1998.10,4259.52,13591.00,3296.09,2.31,1.99,195.40,1234.50,2.27,2.73
2022-03-11,11.16,-5623283.00,11042275.00,-6456786.00,109.33,1982.70,4204.31,13301.83,3309.75,2.33,2.00,194.36,1228.70,2.26,2.70
2022-03-12,11.16,-5994409.00,12072127.00,-7143273.00,109.33,1982.70,4204.31,13301.83,3309.75,2.46,2.00,194.36,1228.70,2.26,2.70
2022-03-13,11.16,-6365535.00,13101979.00,-7829760.00,109.33,1982.70,4204.31,13301.83,3309.75,2.49,2.00,194.36,1228.70,2.26,2.70
2022-03-14,11.10,-6360055.00,13726156.00,-8468843.00,103.01,1959.60,4173.11,13046.64,3223.53,2.42,2.14,194.39,1232.40,2.28,2.74
2022-03-15,10.99,-6312566.00,14325343.00,-9144358.00,96.44,1928.50,4262.45,13458.56,3063.97,2.52,2.15,194.57,1238.60,2.29,2.75
2022-03-16,11.16,-5946861.00,14088985.00,-9278497.00,95.04,1908.00,4357.86,13956.78,3170.71,2.48,2.19,194.91,1241.70,2.27,2.77
2022-03-17,11.31,-5696505.00,13394260.00,-8815185.00,102.98,1942.10,4411.67,14118.60,3215.04,2.47,2.17,195.27,1240.40,2.22,2.70
2022-03-18,11.35,-5710682.00,13529476.00,-8917243.00,104.70,1928.20,4463.12,14420.08,3251.07,2.52,2.15,192.31,1220.60,2.23,2.74
2022-03-19,11.35,-5724859.00,13664692.00,-9019301.00,104.70,1928.20,4463.12,14420.08,3251.07,2.54,2.15,192.31,1220.60,2.23,2.74
2022-03-20,11.35,-5739036.00,13799908.00,-9121359.00,104.70,1928.20,4463.12,14420.08,3251.07,2.50,2.15,192.31,1220.60,2.23,2.74
2022-03-21,11.24,-6073644.00,14605432.00,-9610775.00,112.12,1928.60,4461.18,14376.09,3253.69,2.41,2.30,190.39,1211.10,2.27,2.74
2022-03-22,11.34,-6105987.00,14419897.00,-9390920.00,111.76,1920.70,4511.61,14654.33,3259.86,2.36,2.38,190.95,1213.70,2.40,2.83
2022-03-23,11.43,-5870460.00,14121304.00,-9333740.00,114.93,1936.60,4456.24,14447.55,3271.03,2.46,2.29,191.85,1221.40,2.43,2.83
2022-03-24,11.37,-7456393.00,14629729.00,-8317062.00,112.34,1961.60,4520.16,14765.69,3250.26,2.48,2.37,190.31,1212.70,2.46,2.86
2022-03-25,11.37,-7583963.00,15292399.00,-8868574.00,113.90,1953.80,4543.06,14754.31,3212.24,2.45,2.49,191.50,1219.40,2.51,2.87
2022-03-26,11.37,-7711533.00,15955069.00,-9420086.00,113.90,1953.80,4543.06,14754.31,3212.24,2.60,2.49,191.50,1219.40,2.51,2.87
2022-03-27,11.37,-7839103.00,16617739.00,-9971598.00,113.90,1953.80,4543.06,14754.31,3212.24,2.58,2.49,191.50,1219.40,2.51,2.87
2022-03-28,11.36,-7771349.00,16809270.00,-10233925.00,105.96,1939.60,4575.52,14987.40,3214.50,2.67,2.47,191.37,1218.30,2.75,3.03
2022-03-29,11.36,-7444914.00,16800460.00,-10513384.00,104.24,1912.00,4631.60,15239.32,3203.94,2.68,2.40,192.35,1225.70,2.70,2.97
2022-03-30,11.38,-7284475.00,16661692.00,-10523329.00,107.82,1933.50,4602.45,15071.55,3266.60,2.66,2.36,191.78,1220.50,2.62,2.89
2022-03-31,11.41,-7095920.00,16648607.00,-10697135.00,100.28,1949.20,4530.41,14838.49,3252.20,2.63,2.35,190.75,1210.80,2.66,2.97
2022-04-01,11.34,-7879001.00,17494622.00,-10765308.00,99.27,1919.10,4545.86,14861.21,3282.72,2.48,2.39,190.96,1210.70,2.78,3.01
2022-04-02,11.34,-8662082.00,18340637.00,-10833481.00,99.27,1919.10,4545.86,14861.21,3282.72,2.59,2.39,190.96,1210.70,2.78,3.01
2022-04-03,11.34,-9445163.00,19186652.00,-10901654.00,99.27,1919.10,4545.86,14861.21,3282.72,2.63,2.39,190.96,1210.70,2.78,3.01
2022-04-04,11.38,-9431505.00,19184234.00,-10879550.00,103.28,1929.20,4582.64,15159.58,3282.72,2.73,2.39,191.12,1216.10,2.84,3.07
2022-04-05,11.36,-9679024.00,19422464.00,-10865168.00,101.96,1922.90,4525.12,14820.64,3282.72,2.74,2.55,191.21,1216.70,2.88,3.08
2022-04-06,11.26,-10244715.00,20562801.00,-11448951.00,96.23,1918.40,4481.15,14498.89,3283.43,2.73,2.60,190.57,1212.60,2.94,3.13
2022-04-07,11.11,-10765168.00,21842560.00,-12216955.00,96.03,1933.80,4500.21,14531.81,3236.70,2.78,2.67,191.68,1219.10,2.91,3.13
2022-04-08,11.08,-10755437.00,22265857.00,-12671250.00,98.26,1941.60,4488.28,14327.26,3251.85,2.65,2.70,191.58,1218.50,2.99,3.17
2022-04-09,11.08,-10745706.00,22689154.00,-13125545.00,98.26,1941.60,4488.28,14327.26,3251.85,2.71,2.70,191.58,1218.50,2.99,3.17
2022-04-10,11.08,-10735975.00,23112451.00,-13579840.00,98.26,1941.60,4488.28,14327.26,3251.85,2.73,2.70,191.58,1218.50,2.99,3.17
2022-04-11,11.04,-10734308.00,23238739.00,-13714307.00,94.29,1944.30,4412.53,13990.20,3167.13,2.74,2.77,192.30,1224.00,3.19,3.31
2022-04-12,11.01,-10854840.00,23800289.00,-14180017.00,100.60,1972.10,4397.45,13940.24,3213.33,2.60,2.73,193.41,1232.00,3.11,3.31
2022-04-13,11.24,-10215877.00,23216559.00,-14245089.00,104.25,1981.00,4446.59,14217.29,3186.82,2.61,2.70,194.25,1236.60,3.00,3.29
2022-04-14,11.27,-10061402.00,23306225.00,-14497609.00,106.95,1970.90,4392.59,13893.22,3225.64,2.65,2.83,192.79,1227.70,2.89,3.22
2022-04-15,11.18,-10504218.00,24055046.00,-14815650.00,106.95,1970.90,4392.59,13893.22,3211.24,2.58,2.83,191.93,1224.20,2.94,3.30
2022-04-16,11.18,-10947034.00,24803867.00,-15133691.00,106.95,1970.90,4392.59,13893.22,3211.24,2.59,2.83,191.93,1224.20,2.94,3.30
2022-04-17,11.18,-11389850.00,25552688.00,-15451732.00,106.95,1970.90,4392.59,13893.22,3211.24,2.60,2.83,191.93,1224.20,2.94,3.30
2022-04-18,11.22,-11408906.00,25654882.00,-15546342.00,108.21,1982.90,4391.69,13910.76,3195.52,2.57,2.86,193.07,1230.10,2.99,3.36
2022-04-19,11.33,-11072353.00,25311777.00,-15513368.00,102.56,1955.70,4462.21,14210.26,3194.03,2.71,2.94,193.62,1232.80,2.98,3.35
2022-04-20,11.36,-11233140.00,25385424.00,-15418872.00,102.75,1952.30,4459.45,13998.53,3151.05,2.67,2.83,193.15,1234.90,2.96,3.31
2022-04-21,11.39,-10596118.00,24818181.00,-15478534.00,103.79,1944.90,4393.66,13720.45,3079.81,2.61,2.91,192.72,1237.10,2.93,3.30
2022-04-22,11.30,-11293830.00,25654465.00,-15633979.00,102.07,1931.00,4271.78,13356.87,3086.92,2.59,2.91,191.67,1236.40,2.97,3.31
2022-04-23,11.30,-11991542.00,26490749.00,-15789424.00,102.07,1931.00,4271.78,13356.87,3086.92,2.61,2.91,191.67,1236.40,2.97,3.31
2022-04-24,11.30,-12689254.00,27327033.00,-15944869.00,102.07,1931.00,4271.78,13356.87,3086.92,2.63,2.91,191.67,1236.40,2.97,3.31
2022-04-25,11.07,-13037222.00,28390470.00,-16667458.00,98.54,1893.20,4296.12,13533.22,2928.51,2.48,2.82,190.99,1241.70,2.86,3.19
2022-04-26,11.04,-12767595.00,28329743.00,-16914103.00,101.70,1901.40,4175.20,13009.71,2886.43,2.50,2.73,190.13,1247.10,2.83,3.19
2022-04-27,10.89,-13009451.00,29235030.00,-17593901.00,102.02,1885.90,4183.96,13003.36,2958.28,2.48,2.83,190.39,1248.30,2.90,3.19
2022-04-28,10.97,-12815315.00,29066479.00,-17630404.00,105.36,1888.70,4287.50,13456.06,2975.48,2.48,2.83,192.53,1263.10,2.93,3.17
2022-04-29,11.00,-12322199.00,28573370.00,-17616213.00,104.69,1909.30,4131.93,12854.80,3047.06,2.57,2.94,191.58,1269.40,2.96,3.24
2022-04-30,11.00,-11829083.00,28080261.00,-17602022.00,104.69,1909.30,4131.93,12854.80,3047.06,2.56,2.94,191.58,1269.40,2.96,3.24
2022-05-01,11.00,-11335967.00,27587152.00,-17587831.00,104.69,1909.30,4131.93,12854.80,3047.06,2.65,2.94,191.58,1269.40,2.96,3.24
2022-05-02,10.92,-11516729.00,27812063.00,-17655420.00,105.17,1861.80,4155.38,13075.85,3047.06,2.63,2.98,191.48,1265.40,3.09,3.38
2022-05-03,10.88,-11730992.00,27916418.00,-17536328.00,102.41,1868.80,4175.48,13089.90,3047.06,2.66,2.98,191.54,1265.80,3.14,3.41
2022-05-04,10.85,-11881294.00,28017473.00,-17504927.00,107.81,1867.00,4300.17,13535.71,3047.06,2.66,2.95,191.53,1265.70,3.18,3.43
2022-05-05,10.84,-12031596.00,28118528.00,-17473526.00,108.26,1874.00,4146.87,12850.55,3067.76,2.73,3.04,191.53,1265.70,3.18,3.43
2022-05-06,10.64,-12331706.00,28882876.00,-17954596.00,109.77,1881.20,4123.34,12693.54,3001.56,2.73,3.14,189.58,1261.80,3.15,3.43
2022-05-07,10.64,-12631816.00,29647224.00,-18435666.00,109.77,1881.20,4123.34,12693.54,3001.56,2.78,3.14,189.58,1261.80,3.15,3.43
2022-05-08,10.64,-12931926.00,30411572.00,-18916736.00,109.77,1881.20,4123.34,12693.54,3001.56,2.82,3.14,189.58,1261.80,3.15,3.43
2022-05-09,10.48,-13108583.00,30749384.00,-19112367.00,103.09,1857.10,3991.24,12187.72,3004.14,3.07,3.03,190.91,1272.70,3.06,3.41
2022-05-10,10.41,-13101156.00,31035383.00,-19432263.00,99.76,1839.90,4001.05,12345.86,3035.84,3.14,2.99,189.37,1274.60,3.05,3.40
2022-05-11,10.39,-13190490.00,31380707.00,-19721198.00,105.71,1852.60,3935.18,11967.56,3058.70,3.37,2.93,189.39,1275.50,2.93,3.27
2022-05-12,10.23,-13347953.00,31771483.00,-20000900.00,106.13,1823.80,3930.08,11945.50,3054.99,3.44,2.86,190.00,1277.00,2.90,3.17
2022-05-13,10.45,-12486180.00,30863401.00,-19936855.00,110.49,1807.40,4023.89,12387.40,3084.28,3.21,2.93,189.54,1286.40,2.91,3.22
2022-05-14,10.45,-11624407.00,29955319.00,-19872810.00,110.49,1807.40,4023.89,12387.40,3084.28,3.10,2.93,189.54,1286.40,2.91,3.22
2022-05-15,10.43,-10762634.00,29047237.00,-19808765.00,110.49,1807.40,4023.89,12387.40,3084.28,3.17,2.93,189.54,1286.40,2.91,3.22
2022-05-16,10.51,-10878456.00,29112276.00,-19807931.00,114.20,1813.50,4008.01,12243.58,3073.75,3.25,2.89,189.42,1286.00,3.05,3.28
2022-05-17,10.62,-10337399.00,28803668.00,-19862045.00,112.40,1818.20,4088.85,12564.10,3093.70,3.19,3.00,188.85,1281.60,3.03,3.29
2022-05-18,10.65,-10686985.00,28829923.00,-19565015.00,109.59,1815.90,3923.68,11928.31,3085.98,3.06,2.88,189.56,1277.20,3.07,3.32
2022-05-19,10.53,-11169866.00,29346468.00,-19654294.00,112.21,1841.20,3900.79,11875.63,3096.96,3.01,2.84,187.92,1269.30,3.05,3.31
2022-05-20,10.72,-10333241.00,28305003.00,-19459742.00,113.23,1841.80,3901.36,11835.62,3146.57,3.06,2.79,189.88,1274.60,3.01,3.25
2022-05-21,10.72,-9496616.00,27263538.00,-19265190.00,113.23,1841.80,3901.36,11835.62,3146.57,3.07,2.79,189.88,1274.60,3.01,3.25
2022-05-22,10.72,-8659991.00,26222073.00,-19070638.00,113.23,1841.80,3901.36,11835.62,3146.57,3.13,2.79,189.88,1274.60,3.01,3.25
2022-05-23,10.75,-8490235.00,26057702.00,-19101497.00,110.29,1847.80,3973.75,12034.28,3146.86,3.11,2.86,189.68,1269.50,3.02,3.26
2022-05-24,10.57,-8772331.00,26636351.00,-19425125.00,109.77,1865.10,3941.48,11769.84,3070.93,3.04,2.75,190.61,1267.70,2.97,3.21
2022-05-25,10.62,-8261113.00,26277974.00,-19591204.00,110.33,1846.20,3978.73,11943.93,3107.46,2.96,2.75,190.01,1264.30,2.95,3.18
2022-05-26,10.60,-8415686.00,26371566.00,-19555165.00,114.09,1847.40,4057.84,12276.79,3123.11,2.84,2.74,188.76,1263.30,2.96,3.24
2022-05-27,10.70,-7861305.00,25627331.00,-19281806.00,115.07,1851.30,4158.24,12681.42,3130.24,2.91,2.74,187.92,1266.40,2.95,3.21
2022-05-28,10.70,-7306924.00,24883096.00,-19008447.00,115.07,1851.30,4158.24,12681.42,3130.24,2.82,2.74,187.92,1266.40,2.95,3.21
2022-05-29,10.70,-6752543.00,24138861.00,-18735088.00,115.07,1851.30,4158.24,12681.42,3130.24,3.00,2.74,187.92,1266.40,2.95,3.21
2022-05-30,10.81,-6332216.00,23337563.00,-18386552.00,115.07,1851.30,4158.24,12681.42,3149.06,3.02,2.81,187.64,1256.90,2.94,3.21
2022-05-31,10.85,-6917719.00,22828776.00,-17327987.00,114.67,1842.70,4132.15,12642.10,3186.43,3.10,2.85,187.04,1245.80,3.03,3.33
2022-06-01,10.85,-7503222.00,22319989.00,-16269422.00,115.26,1843.30,4101.23,12548.36,3182.16,3.12,2.91,187.04,1245.80,3.03,3.33
2022-06-02,10.76,-8252137.00,23112787.00,-16356391.00,116.87,1866.50,4176.82,12892.89,3195.46,3.07,2.91,185.21,1238.40,3.13,3.42
2022-06-03,10.82,-7930200.00,22802362.00,-16368889.00,118.87,1845.40,4108.54,12548.03,3195.46,3.05,2.94,187.86,1251.20,3.12,3.41
2022-06-04,10.82,-7608263.00,22491937.00,-16381387.00,118.87,1845.40,4108.54,12548.03,3195.46,3.15,2.94,187.86,1251.20,3.12,3.41
2022-06-05,10.82,-7286326.00,22181512.00,-16393885.00,118.87,1845.40,4108.54,12548.03,3195.46,3.13,2.94,187.86,1251.20,3.12,3.41
2022-06-06,10.82,-6964389.00,21871087.00,-16406383.00,118.50,1839.20,4121.43,12599.63,3236.37,3.13,3.04,187.86,1251.20,3.12,3.41
2022-06-07,10.65,-7787399.00,22863633.00,-16611300.00,119.41,1847.50,4160.68,12711.67,3241.76,3.13,2.98,186.52,1241.10,3.23,3.54
2022-06-08,10.65,-7842835.00,23003480.00,-16734904.00,122.11,1851.90,4115.77,12615.13,3263.79,3.17,3.03,188.46,1257.10,3.21,3.47
2022-06-09,10.64,-7287585.00,23376514.00,-17668944.00,121.51,1848.80,4017.82,12269.78,3238.95,3.24,3.05,187.83,1255.40,3.17,3.47
2022-06-10,10.52,-7568724.00,24482944.00,-18517240.00,120.67,1871.50,3900.86,11832.82,3284.83,3.24,3.17,187.92,1257.60,3.28,3.50
2022-06-11,10.52,-7849863.00,25589374.00,-19365536.00,120.67,1871.50,3900.86,11832.82,3284.83,3.10,3.17,187.92,1257.60,3.28,3.50
2022-06-12,10.52,-8131002.00,26695804.00,-20213832.00,120.67,1871.50,3900.86,11832.82,3284.83,2.97,3.17,187.92,1257.60,3.28,3.50
2022-06-13,10.15,-8349184.00,27364036.00,-20709623.00,120.93,1828.00,3749.63,11288.32,3255.55,3.00,3.36,188.71,1266.00,3.51,3.65
2022-06-14,10.11,-8154188.00,27401321.00,-20987746.00,118.93,1809.50,3735.48,11311.69,3288.91,3.02,3.48,190.39,1286.00,3.55,3.69
2022-06-15,9.93,-8074481.00,27747999.00,-21463303.00,115.31,1815.30,3789.99,11593.77,3305.41,3.06,3.29,191.32,1289.70,3.67,3.80
2022-06-16,9.96,-8093142.00,27592131.00,-21308349.00,117.59,1845.70,3666.77,11127.57,3285.38,2.98,3.20,192.33,1291.30,3.73,3.77
2022-06-17,9.91,-8040122.00,27868750.00,-21696987.00,109.56,1835.60,3674.84,11265.99,3316.79,2.87,3.23,191.56,1284.10,3.75,3.80
2022-06-18,9.91,-7987102.00,28145369.00,-22085625.00,109.56,1835.60,3674.84,11265.99,3316.79,2.89,3.23,191.56,1284.10,3.75,3.80
2022-06-19,9.91,-7934082.00,28421988.00,-22474263.00,109.56,1835.60,3674.84,11265.99,3316.79,2.92,3.23,191.56,1284.10,3.75,3.80
2022-06-20,9.74,-7489226.00,28605268.00,-23137502.00,109.56,1835.60,3674.84,11265.99,3315.43,2.89,3.28,191.69,1287.50,3.68,3.78
2022-06-21,9.81,-6948679.00,28372054.00,-23458039.00,110.65,1834.60,3764.79,11546.76,3306.72,3.06,3.28,193.01,1291.70,3.66,3.78
2022-06-22,9.55,-7028181.00,28748104.00,-23779144.00,106.19,1834.30,3759.89,11527.71,3267.20,3.07,3.16,192.93,1290.60,3.52,3.68
2022-06-23,9.50,-6101797.00,28076083.00,-24075716.00,104.27,1825.70,3795.73,11697.68,3320.15,3.05,3.09,193.32,1295.70,3.61,3.73
2022-06-24,9.74,-5460560.00,27452783.00,-24113635.00,107.62,1826.50,3911.74,12105.85,3349.75,3.23,3.14,194.18,1300.70,3.52,3.64
2022-06-25,9.74,-4819323.00,26829483.00,-24151554.00,107.62,1826.50,3911.74,12105.85,3349.75,3.25,3.14,194.18,1300.70,3.52,3.64
2022-06-26,9.73,-4178086.00,26206183.00,-24189473.00,107.62,1826.50,3911.74,12105.85,3349.75,3.21,3.14,194.18,1300.70,3.52,3.64
2022-06-27,9.88,-4380660.00,26112708.00,-23923642.00,109.57,1820.90,3900.11,11987.36,3379.19,3.27,3.20,194.24,1299.40,3.57,3.72
2022-06-28,9.98,-4469178.00,26218634.00,-23961238.00,111.76,1817.50,3821.55,11637.77,3409.21,3.22,3.18,192.12,1285.60,3.55,3.68
2022-06-29,9.77,-4973819.00,26914013.00,-24188544.00,109.78,1813.70,3818.83,11658.26,3361.52,3.23,3.09,191.55,1284.90,3.55,3.67
2022-06-30,9.62,-5294252.00,27435329.00,-24422539.00,105.76,1804.10,3785.38,11503.72,3398.62,3.25,3.02,192.97,1292.90,3.55,3.64
2022-07-01,9.53,-5300208.00,27762819.00,-24762922.00,108.43,1798.90,3825.33,11585.68,3387.64,3.26,2.89,194.02,1299.80,3.44,3.49
2022-07-02,9.53,-5306164.00,28090309.00,-25103305.00,108.43,1798.90,3825.33,11585.68,3387.64,3.19,2.89,194.02,1299.80,3.44,3.49
2022-07-03,9.53,-5312120.00,28417799.00,-25443688.00,108.43,1798.90,3825.33,11585.68,3387.64,3.27,2.89,194.02,1299.80,3.44,3.49
2022-07-04,9.54,-5001202.00,28235443.00,-25584076.00,108.43,1798.90,3825.33,11585.68,3405.43,3.28,2.93,193.12,1294.20,3.43,3.49
2022-07-05,9.74,-4751220.00,27837721.00,-25451543.00,99.50,1761.80,3831.39,11779.91,3404.03,3.21,2.82,193.71,1297.90,3.30,3.38
2022-07-06,9.54,-5642088.00,28734688.00,-25497971.00,98.53,1734.90,3845.08,11852.59,3355.35,3.24,2.93,193.16,1298.00,3.24,3.30
2022-07-07,9.72,-5329137.00,28264425.00,-25354927.00,102.73,1737.90,3902.62,12109.05,3364.40,3.26,3.00,194.90,1307.40,3.26,3.31
2022-07-08,9.89,-5512233.00,28177058.00,-25107768.00,104.79,1740.60,3899.38,12125.69,3356.08,3.32,3.08,194.37,1302.70,3.32,3.36
2022-07-09,9.91,-5695329.00,28089691.00,-24860609.00,104.79,1740.60,3899.38,12125.69,3356.08,3.30,3.08,194.37,1302.70,3.32,3.36
2022-07-10,9.91,-5878425.00,28002324.00,-24613450.00,104.79,1740.60,3899.38,12125.69,3356.08,3.40,3.08,194.37,1302.70,3.32,3.36
2022-07-11,9.88,-6066419.00,28194491.00,-24631909.00,104.09,1730.00,3854.43,11860.28,3313.58,3.37,2.99,194.06,1299.30,3.32,3.39
2022-07-12,9.79,-6305218.00,28462235.00,-24675907.00,95.84,1723.30,3818.80,11744.99,3281.47,3.38,2.97,193.59,1300.60,3.29,3.35
2022-07-13,9.84,-5948789.00,28206957.00,-24778297.00,96.30,1734.20,3801.78,11728.53,3284.29,3.44,2.94,195.23,1312.90,3.21,3.30
2022-07-14,9.83,-6482353.00,28310583.00,-24379402.00,95.78,1704.50,3790.38,11768.39,3281.74,3.43,2.96,194.37,1305.90,3.26,3.30
2022-07-15,9.88,-6745143.00,28290464.00,-24116417.00,97.59,1702.40,3863.16,11983.62,3228.06,3.46,2.93,193.90,1310.00,3.21,3.24
2022-07-16,9.88,-7007933.00,28270345.00,-23853432.00,97.59,1702.40,3863.16,11983.62,3228.06,3.50,2.93,193.90,1310.00,3.21,3.24
2022-07-17,9.88,-7270723.00,28250226.00,-23590447.00,97.59,1702.40,3863.16,11983.62,3228.06,3.52,2.93,193.90,1310.00,3.21,3.24
2022-07-18,10.04,-7470587.00,27828445.00,-22962692.00,102.60,1709.20,3830.85,11877.50,3278.10,3.40,2.99,195.89,1323.70,3.21,3.27
2022-07-19,10.02,-7614523.00,27919908.00,-22924263.00,104.22,1710.00,3936.69,12249.42,3279.43,3.43,3.03,195.43,1317.80,3.19,3.25
2022-07-20,10.08,-7674020.00,27984061.00,-22964183.00,102.26,1699.50,3959.90,12439.68,3304.72,3.51,3.03,194.96,1314.90,3.30,3.36
2022-07-21,10.19,-7787243.00,27654422.00,-22524852.00,96.35,1712.70,3998.95,12619.41,3272.00,3.44,2.88,193.70,1308.60,3.29,3.37
2022-07-22,10.04,-8090704.00,27906729.00,-22487314.00,94.70,1727.10,3961.63,12396.47,3269.97,3.51,2.75,193.90,1312.10,3.22,3.30
2022-07-23,10.04,-8394165.00,28159036.00,-22449776.00,94.70,1727.10,3961.63,12396.47,3269.97,3.56,2.75,193.90,1312.10,3.22,3.30
2022-07-24,10.04,-8697626.00,28411343.00,-22412238.00,94.70,1727.10,3961.63,12396.47,3269.97,3.56,2.75,193.90,1312.10,3.22,3.30
2022-07-25,10.03,-8504692.00,28130958.00,-22322137.00,96.70,1719.00,3966.84,12328.41,3250.39,3.58,2.81,194.28,1311.70,3.15,3.21
2022-07-26,10.08,-8458604.00,28082243.00,-22319705.00,94.98,1717.70,3921.05,12086.90,3277.44,3.75,2.80,194.19,1311.00,3.12,3.18
2022-07-27,10.06,-8513753.00,28294082.00,-22436934.00,97.26,1719.10,4023.61,12601.47,3275.76,3.79,2.79,193.69,1310.00,3.09,3.12
2022-07-28,10.23,-8573906.00,27965966.00,-22027997.00,96.42,1750.30,4072.43,12717.87,3282.58,3.86,2.67,194.24,1312.80,3.13,3.20
2022-07-29,10.35,-8425963.00,27472727.00,-21690838.00,98.62,1762.90,4130.29,12947.97,3253.24,3.87,2.66,193.26,1304.00,3.01,3.13
2022-07-30,10.39,-8278020.00,26979488.00,-21353679.00,98.62,1762.90,4130.29,12947.97,3253.24,3.87,2.66,193.26,1304.00,3.01,3.13
2022-07-31,10.39,-8130077.00,26486249.00,-21016520.00,98.62,1762.90,4130.29,12947.97,3253.24,3.95,2.66,193.26,1304.00,3.01,3.13
2022-08-01,10.35,-8305749.00,26527475.00,-20880317.00,93.89,1769.00,4118.63,12940.78,3259.96,3.97,2.59,192.55,1298.60,3.08,3.18
2022-08-02,10.31,-8901582.00,26819653.00,-20584039.00,94.42,1771.10,4091.19,12901.60,3186.27,4.06,2.75,193.00,1306.40,3.01,3.09
2022-08-03,10.32,-9048081.00,26488793.00,-20108331.00,90.66,1758.00,4155.17,13253.26,3163.67,4.12,2.71,193.59,1307.20,3.07,3.13
2022-08-04,10.37,-9274542.00,26501061.00,-19911198.00,88.54,1788.50,4151.94,13311.04,3189.04,4.20,2.69,193.94,1310.50,3.11,3.15
2022-08-05,10.43,-9230707.00,26085627.00,-19535904.00,89.01,1772.90,4145.19,13207.69,3227.03,4.25,2.83,194.05,1309.70,3.08,3.12
2022-08-06,10.43,-9186872.00,25670193.00,-19160610.00,89.01,1772.90,4145.19,13207.69,3227.03,4.35,2.83,194.05,1309.70,3.08,3.12
2022-08-07,10.43,-9143037.00,25254759.00,-18785316.00,89.01,1772.90,4145.19,13207.69,3227.03,4.29,2.83,194.05,1309.70,3.08,3.12
2022-08-08,10.45,-9439193.00,25337880.00,-18609472.00,90.76,1786.80,4140.06,13159.16,3236.93,4.13,2.75,192.15,1299.30,3.13,3.18
2022-08-09,10.49,-9301994.00,25161059.00,-18576528.00,90.50,1794.00,4122.47,13008.17,3247.43,4.19,2.78,193.29,1304.80,3.13,3.17
2022-08-10,10.39,-9505158.00,25422999.00,-18678610.00,91.93,1795.60,4210.24,13378.32,3230.02,4.27,2.79,193.27,1305.10,3.15,3.21
2022-08-11,10.58,-9043992.00,24821643.00,-18539918.00,94.34,1789.70,4207.27,13291.99,3281.67,4.24,2.89,194.70,1309.10,3.12,3.22
2022-08-12,10.58,-8841309.00,24597390.00,-18552954.00,92.09,1798.60,4280.15,13565.87,3276.89,4.11,2.84,193.11,1302.50,3.18,3.28
2022-08-13,10.58,-8638626.00,24373137.00,-18565990.00,92.09,1798.60,4280.15,13565.87,3276.89,4.10,2.84,193.11,1302.50,3.18,3.28
2022-08-14,10.58,-8435943.00,24148884.00,-18579026.00,92.09,1798.60,4280.15,13565.87,3276.89,4.15,2.84,193.11,1302.50,3.18,3.28
2022-08-15,10.58,-8233260.00,23924631.00,-18592062.00,89.41,1781.40,4297.14,13667.18,3276.09,4.26,2.79,193.11,1302.50,3.18,3.28
2022-08-16,10.83,-8250677.00,23870359.00,-18542952.00,86.53,1773.20,4305.20,13635.21,3277.88,4.31,2.81,192.38,1303.10,3.08,3.16
2022-08-17,10.78,-8450444.00,24025064.00,-18491538.00,88.11,1760.30,4274.04,13470.86,3292.53,4.31,2.90,192.92,1309.60,3.09,3.19
2022-08-18,10.74,-8894456.00,24159551.00,-18188527.00,90.50,1755.30,4283.74,13505.99,3277.54,4.31,2.89,193.16,1309.80,3.13,3.22
2022-08-19,10.68,-9518768.00,24430254.00,-17854745.00,90.77,1747.60,4228.48,13242.90,3258.08,4.30,2.98,194.12,1317.30,3.20,3.31
2022-08-20,10.68,-10143080.00,24700957.00,-17520963.00,90.77,1747.60,4228.48,13242.90,3258.08,4.47,2.98,194.12,1317.30,3.20,3.31
2022-08-21,10.68,-10767392.00,24971660.00,-17187181.00,90.77,1747.60,4228.48,13242.90,3258.08,4.50,2.98,194.12,1317.30,3.20,3.31
2022-08-22,10.55,-11004908.00,25102685.00,-17067979.00,90.23,1734.00,4137.99,12890.54,3277.79,4.48,3.02,194.62,1326.70,3.25,3.34
2022-08-23,10.43,-11135791.00,25241408.00,-17067352.00,93.74,1746.80,4128.73,12881.79,3276.22,4.45,3.06,195.40,1338.20,3.28,3.36
2022-08-24,10.48,-11276885.00,25237579.00,-16916654.00,94.89,1747.80,4140.77,12917.86,3215.20,4.43,3.11,196.31,1341.80,3.31,3.43
2022-08-25,10.61,-11156950.00,25058004.00,-16874912.00,92.52,1757.70,4199.12,13143.58,3246.25,4.56,3.03,195.55,1341.40,3.53,3.59
2022-08-26,10.64,-10680156.00,24804111.00,-16634723.00,93.06,1736.10,4057.66,12605.17,3236.22,4.61,3.03,195.19,1336.90,3.53,3.62
2022-08-27,10.64,-10203362.00,24550218.00,-16394534.00,93.06,1736.10,4057.66,12605.17,3236.22,4.48,3.03,195.19,1336.90,3.53,3.62
2022-08-28,10.63,-9726568.00,24296325.00,-16154345.00,93.06,1736.10,4057.66,12605.17,3236.22,4.47,3.03,195.19,1336.90,3.53,3.62
2022-08-29,10.39,-10283204.00,24895698.00,-16213175.00,97.01,1736.60,4030.61,12484.32,3240.73,4.51,3.11,193.91,1332.50,3.65,3.72
2022-08-30,10.50,-10418622.00,25051774.00,-16253647.00,91.64,1723.20,3986.16,12342.70,3227.22,4.47,3.11,195.09,1347.70,3.64,3.70
2022-08-31,10.62,-10647369.00,25096358.00,-15509030.00,89.55,1712.80,3955.00,12272.03,3202.14,4.42,3.20,194.95,1347.50,3.69,3.72
2022-09-01,10.39,-11534432.00,26244486.00,-15797271.00,86.61,1696.60,3966.85,12274.63,3184.98,4.28,3.26,195.21,1345.10,3.78,3.81
2022-09-02,10.36,-11676955.00,26539145.00,-15970194.00,86.87,1709.80,3924.26,12098.44,3186.48,4.41,3.20,195.66,1351.40,3.68,3.74
2022-09-03,10.36,-11819478.00,26833804.00,-16143117.00,86.87,1709.80,3924.26,12098.44,3186.48,4.44,3.20,195.66,1351.40,3.68,3.74
2022-09-04,10.35,-11962001.00,27128463.00,-16316040.00,86.87,1709.80,3924.26,12098.44,3186.48,4.49,3.20,195.66,1351.40,3.68,3.74
2022-09-05,10.33,-11828232.00,27062143.00,-16385263.00,86.87,1709.80,3924.26,12098.44,3199.91,4.55,3.22,196.59,1356.50,3.62,3.67
2022-09-06,10.35,-11841472.00,27147363.00,-16464542.00,86.88,1700.40,3908.19,12011.31,3243.45,4.61,3.35,197.53,1369.70,3.68,3.71
2022-09-07,10.22,-12067795.00,27833256.00,-16953485.00,81.94,1715.30,3979.87,12259.39,3246.29,4.72,3.27,197.04,1370.30,3.69,3.74
2022-09-08,10.26,-11833580.00,27973887.00,-17339140.00,83.54,1708.00,4006.18,12321.19,3235.59,4.66,3.32,198.86,1385.30,3.54,3.62
2022-09-09,10.25,-11599365.00,28114518.00,-17724795.00,86.79,1716.20,4067.36,12588.29,3262.05,4.68,3.32,198.86,1385.30,3.54,3.62
2022-09-10,10.25,-11365150.00,28255149.00,-18110450.00,86.79,1716.20,4067.36,12588.29,3262.05,4.73,3.32,198.86,1385.30,3.54,3.62
2022-09-11,10.25,-11130935.00,28395780.00,-18496105.00,86.79,1716.20,4067.36,12588.29,3262.05,4.66,3.32,198.86,1385.30,3.54,3.62
2022-09-12,10.25,-10896720.00,28536411.00,-18881760.00,87.78,1728.10,4110.41,12739.72,3262.05,4.58,3.36,198.86,1385.30,3.54,3.62
2022-09-13,10.54,-10181206.00,27433370.00,-18484950.00,87.31,1705.00,3932.69,12033.62,3263.80,4.33,3.41,199.41,1381.20,3.54,3.62
2022-09-14,10.40,-10420770.00,27823158.00,-18648524.00,88.48,1696.50,3946.01,12134.40,3237.54,4.41,3.40,198.51,1374.80,3.59,3.65
2022-09-15,10.38,-10564522.00,28172414.00,-18871499.00,85.10,1665.40,3901.35,11927.49,3199.92,4.40,3.45,199.90,1391.70,3.77,3.79
2022-09-16,10.32,-10972678.00,28616879.00,-18917963.00,85.11,1671.70,3873.33,11861.38,3126.40,4.34,3.46,199.33,1394.20,3.77,3.77
2022-09-17,10.32,-11380834.00,29061344.00,-18964427.00,85.11,1671.70,3873.33,11861.38,3126.40,4.37,3.46,199.33,1394.20,3.77,3.77
2022-09-18,10.32,-11788990.00,29505809.00,-19010891.00,85.11,1671.70,3873.33,11861.38,3126.40,4.46,3.46,199.33,1394.20,3.77,3.77
2022-09-19,10.23,-11830084.00,29533352.00,-19010754.00,85.73,1666.20,3899.89,11953.27,3115.60,4.53,3.49,199.74,1394.20,3.76,3.79
2022-09-20,10.30,-11546761.00,29308360.00,-19069222.00,84.45,1659.70,3855.93,11851.54,3122.41,4.52,3.57,198.40,1390.10,3.82,3.84
2022-09-21,10.20,-11613990.00,29637472.00,-19344749.00,82.94,1664.60,3789.93,11637.79,3117.18,4.56,3.53,197.93,1389.10,3.85,3.89
2022-09-22,10.15,-11895414.00,29950191.00,-19403404.00,83.49,1670.80,3757.99,11501.65,3108.91,4.52,3.71,197.70,1393.60,4.10,4.00
2022-09-23,9.98,-12146422.00,30381486.00,-19593894.00,78.74,1645.30,3693.23,11311.24,3088.37,4.47,3.69,198.92,1408.00,4.20,4.11
2022-09-24,9.98,-12397430.00,30812781.00,-19784384.00,78.74,1645.30,3693.23,11311.24,3088.37,4.44,3.69,198.92,1408.00,4.20,4.11
2022-09-25,9.98,-12648438.00,31244076.00,-19974874.00,78.74,1645.30,3693.23,11311.24,3088.37,4.47,3.69,198.92,1408.00,4.20,4.11
2022-09-26,9.72,-12371519.00,31001670.00,-19980433.00,76.71,1623.30,3655.04,11254.11,3051.23,4.46,3.93,197.58,1408.40,4.55,4.34
2022-09-27,9.77,-12114184.00,30970928.00,-20224023.00,78.50,1626.70,3647.29,11271.75,3093.86,4.44,3.95,200.41,1429.70,4.30,4.21
2022-09-28,9.57,-12294975.00,31295128.00,-20366766.00,82.15,1660.40,3719.04,11493.83,3045.07,4.48,3.74,198.83,1427.20,4.34,4.33
2022-09-29,9.60,-12297201.00,31070736.00,-20147140.00,81.23,1658.50,3640.47,11164.78,3041.20,4.33,3.78,199.50,1436.50,4.30,4.23
2022-09-30,9.58,-12188540.00,30788553.00,-19982325.00,79.49,1662.40,3585.62,10971.22,3024.39,4.24,3.83,201.38,1434.80,4.19,4.10
2022-10-01,9.57,-12079879.00,30506370.00,-19817510.00,79.49,1662.40,3585.62,10971.22,3024.39,4.28,3.83,201.38,1434.80,4.19,4.10
2022-10-02,9.57,-11971218.00,30224187.00,-19652695.00,79.49,1662.40,3585.62,10971.22,3024.39,4.31,3.83,201.38,1434.80,4.19,4.10
2022-10-03,9.58,-11862557.00,29942004.00,-19487880.00,83.63,1692.90,3678.43,11229.73,3024.39,4.40,3.64,201.38,1434.80,4.19,4.10
2022-10-04,9.87,-11879881.00,29738172.00,-19269877.00,86.52,1721.10,3790.93,11582.54,3024.39,3.40,3.64,201.25,1432.10,4.08,4.01
2022-10-05,9.93,-12430825.00,30190618.00,-19191005.00,87.76,1711.40,3783.28,11573.18,3024.39,3.39,3.76,201.12,1431.20,4.16,4.10
2022-10-06,10.04,-12504800.00,30005426.00,-18938991.00,88.45,1711.70,3744.52,11485.50,3024.39,3.38,3.83,199.42,1419.10,4.15,4.10
2022-10-07,10.02,-12658590.00,30051144.00,-18838458.00,92.64,1700.50,3639.66,11039.47,3024.39,3.38,3.89,197.33,1404.20,4.28,4.21
2022-10-08,10.02,-12812380.00,30096862.00,-18737925.00,92.64,1700.50,3639.66,11039.47,3024.39,3.38,3.89,197.33,1404.20,4.28,4.21
2022-10-09,10.03,-12966170.00,30142580.00,-18637392.00,92.64,1700.50,3639.66,11039.47,3024.39,3.38,3.89,197.33,1404.20,4.28,4.21
2022-10-10,10.03,-13119960.00,30188298.00,-18536859.00,91.13,1667.30,3612.39,10926.97,2974.15,3.43,3.96,197.33,1404.20,4.28,4.21
2022-10-11,9.96,-13429663.00,30296420.00,-18339993.00,89.35,1678.70,3588.84,10791.35,2979.79,3.44,3.95,197.12,1410.30,4.34,4.31
2022-10-12,10.06,-13534554.00,30150412.00,-18102051.00,87.27,1670.30,3577.03,10785.61,3025.51,3.62,3.90,200.06,1433.50,4.11,4.11
2022-10-13,9.89,-13833902.00,30222314.00,-17900714.00,89.11,1670.00,3669.91,11033.58,3016.36,3.70,3.95,199.36,1430.40,4.20,4.24
2022-10-14,10.13,-13470768.00,29599809.00,-17639169.00,85.61,1641.70,3583.07,10692.06,3071.99,3.72,4.02,199.01,1427.00,4.21,4.18
2022-10-15,10.14,-13107634.00,28977304.00,-17377624.00,85.61,1641.70,3583.07,10692.06,3071.99,3.72,4.02,199.01,1427.00,4.21,4.18
2022-10-16,10.13,-12744500.00,28354799.00,-17116079.00,85.61,1641.70,3583.07,10692.06,3071.99,3.72,4.02,199.01,1427.00,4.21,4.18
2022-10-17,10.18,-13061340.00,28409053.00,-16854063.00,85.46,1657.00,3677.95,11062.53,3084.94,3.78,4.01,198.71,1428.90,4.24,4.22
2022-10-18,10.34,-12906185.00,28180770.00,-16776111.00,82.82,1649.00,3719.98,11147.74,3080.96,3.93,4.01,199.63,1436.60,4.24,4.28
2022-10-19,10.31,-12988254.00,28089350.00,-16626445.00,85.55,1627.50,3695.16,11103.38,3044.38,4.00,4.14,197.94,1425.60,4.33,4.40
2022-10-20,10.25,-13397542.00,28489164.00,-16649700.00,85.98,1630.80,3665.78,11046.71,3035.05,4.00,4.23,196.52,1420.60,4.35,4.44
2022-10-21,10.25,-13388533.00,28419402.00,-16616939.00,85.05,1651.00,3752.75,11310.33,3038.93,3.99,4.22,198.39,1431.70,4.50,4.63
2022-10-22,10.25,-13379524.00,28349640.00,-16584178.00,85.05,1651.00,3752.75,11310.33,3038.93,3.99,4.22,198.39,1431.70,4.50,4.63
2022-10-23,10.25,-13370515.00,28279878.00,-16551417.00,85.05,1651.00,3752.75,11310.33,3038.93,3.99,4.22,198.39,1431.70,4.50,4.63
2022-10-24,10.37,-13048832.00,27797527.00,-16406131.00,84.58,1648.70,3797.34,11430.26,2977.56,4.02,4.25,198.32,1436.60,4.31,4.50
2022-10-25,10.47,-12983124.00,27663401.00,-16333091.00,85.32,1652.80,3859.11,11669.99,2976.28,4.07,4.10,197.80,1436.60,4.22,4.35
2022-10-26,10.65,-13090955.00,27166370.00,-15732745.00,87.91,1664.00,3830.60,11405.90,2999.50,4.03,4.01,197.61,1436.50,4.21,4.28
2022-10-27,10.91,-12576433.00,26262683.00,-15354170.00,89.08,1660.70,3807.30,11191.63,2982.90,4.05,3.93,199.11,1428.20,4.25,4.31
2022-10-28,10.77,-12324467.00,26194692.00,-15546243.00,87.90,1639.60,3901.06,11546.21,2915.93,4.08,4.01,196.17,1418.10,4.11,4.17
2022-10-29,10.77,-12072501.00,26126701.00,-15738316.00,87.90,1639.60,3901.06,11546.21,2915.93,4.08,4.01,196.17,1418.10,4.11,4.17
2022-10-30,10.77,-11820535.00,26058710.00,-15930389.00,87.90,1639.60,3901.06,11546.21,2915.93,4.08,4.01,196.17,1418.10,4.11,4.17
2022-10-31,10.96,-11848334.00,25852883.00,-15700115.00,86.53,1635.90,3871.98,11405.57,2893.48,4.09,4.05,195.70,1419.30,4.19,4.24
2022-11-01,11.16,-11654020.00,25129443.00,-15207692.00,88.37,1645.00,3856.10,11288.95,2969.20,4.15,4.05,194.74,1422.20,4.07,4.14
2022-11-02,11.18,-11992395.00,24947593.00,-14683505.00,90.00,1645.70,3759.69,10906.34,3003.37,4.14,4.10,195.36,1421.70,4.10,4.14
2022-11-03,11.14,-12576482.00,25335126.00,-14510046.00,88.17,1627.30,3719.89,10690.60,2997.81,4.14,4.15,194.51,1418.00,4.16,4.20
2022-11-04,11.23,-12475000.00,25189324.00,-14468065.00,92.61,1672.50,3770.55,10857.03,3070.80,4.12,4.16,194.77,1422.10,4.12,4.18
2022-11-05,11.24,-12373518.00,25043522.00,-14426084.00,92.61,1672.50,3770.55,10857.03,3070.80,4.12,4.16,194.77,1422.10,4.12,4.18
2022-11-06,11.24,-12272036.00,24897720.00,-14384103.00,92.61,1672.50,3770.55,10857.03,3070.80,4.12,4.16,194.77,1422.10,4.12,4.18
2022-11-07,11.37,-11995246.00,24492705.00,-14272185.00,91.79,1676.50,3806.80,10977.00,3077.82,4.09,4.22,197.97,1422.40,4.19,4.26
2022-11-08,11.55,-11559098.00,23768936.00,-13994276.00,88.91,1712.10,3828.11,11059.50,3064.49,4.20,4.13,194.55,1406.50,4.16,4.24
2022-11-09,11.68,-11212524.00,22992617.00,-13580300.00,85.83,1710.10,3748.57,10797.55,3048.17,4.20,4.10,191.37,1387.30,4.09,4.18
2022-11-10,11.57,-11381224.00,23231389.00,-13687795.00,86.47,1750.30,3956.37,11605.96,3036.13,4.20,3.81,188.94,1368.30,4.03,4.07
2022-11-11,11.98,-10389655.00,21558044.00,-12987403.00,88.96,1766.00,3992.93,11817.01,3087.29,4.20,3.81,190.64,1370.10,3.83,3.89
2022-11-12,11.98,-9398086.00,19884699.00,-12287011.00,88.96,1766.00,3992.93,11817.01,3087.29,4.20,3.81,190.64,1370.10,3.83,3.89
2022-11-13,11.98,-8406517.00,18211354.00,-11586619.00,88.96,1766.00,3992.93,11817.01,3087.29,4.20,3.81,190.64,1370.10,3.83,3.89
2022-11-14,11.94,-8577808.00,18230907.00,-11443566.00,85.87,1773.60,3957.25,11700.94,3083.40,4.18,3.86,187.68,1334.10,3.85,3.93
2022-11-15,11.97,-8657806.00,18556798.00,-11679327.00,86.92,1773.80,3991.73,11871.15,3134.08,4.24,3.78,186.64,1320.30,3.75,3.86
2022-11-16,11.98,-8888247.00,18734947.00,-11590837.00,85.59,1773.00,3958.79,11699.09,3119.98,4.23,3.69,187.72,1322.40,3.81,3.90
2022-11-17,11.91,-9008632.00,19223036.00,-11973029.00,81.64,1760.80,3946.56,11676.86,3115.43,4.23,3.77,187.00,1325.60,3.80,3.85
2022-11-18,11.93,-9086162.00,19072324.00,-11773046.00,80.08,1751.90,3965.34,11677.02,3097.24,4.25,3.83,187.02,1338.40,3.79,3.80
2022-11-19,11.93,-9163692.00,18921612.00,-11573063.00,80.08,1751.90,3965.34,11677.02,3097.24,4.25,3.83,187.02,1338.40,3.79,3.80
2022-11-20,11.93,-9241222.00,18770900.00,-11373080.00,80.08,1751.90,3965.34,11677.02,3097.24,4.25,3.83,187.02,1338.40,3.79,3.80
2022-11-21,11.82,-9161396.00,18837087.00,-11537940.00,79.73,1737.40,3949.94,11553.45,3085.04,4.22,3.84,188.21,1340.00,3.84,3.76
2022-11-22,11.72,-9164657.00,18812714.00,-11522139.00,80.95,1738.30,4003.58,11724.84,3088.94,4.31,3.76,188.73,1352.30,3.84,3.77
2022-11-23,11.81,-9189056.00,18715874.00,-11431813.00,77.94,1744.90,4027.26,11838.72,3096.91,4.31,3.69,189.88,1355.70,3.85,3.77
2022-11-24,11.94,-9123012.00,18498147.00,-11305651.00,77.94,1744.90,4027.26,11838.72,3089.31,4.36,3.66,188.86,1352.30,3.69,3.62
2022-11-25,11.90,-9090047.00,18381685.00,-10992245.00,76.28,1753.30,4026.12,11759.62,3101.69,4.31,3.69,186.41,1333.20,3.64,3.62
2022-11-26,11.90,-9057082.00,18265223.00,-10678839.00,76.28,1753.30,4026.12,11759.62,3101.69,4.31,3.69,186.41,1333.20,3.64,3.62
2022-11-27,11.90,-9024117.00,18148761.00,-10365433.00,76.28,1753.30,4026.12,11759.62,3101.69,4.31,3.69,186.41,1333.20,3.64,3.62
2022-11-28,11.77,-9290233.00,18502016.00,-10487902.00,77.24,1740.10,3963.94,11587.75,3078.55,4.40,3.68,185.17,1326.80,3.67,3.61
2022-11-29,11.83,-8973076.00,18111176.00,-10427895.00,78.20,1740.10,3957.63,11503.45,3149.75,4.38,3.75,185.76,1339.00,3.72,3.67
2022-11-30,12.05,-9470307.00,17501327.00,-9299396.00,78.20,1740.10,4080.11,12030.06,3151.34,4.36,3.61,185.98,1331.50,3.69,3.67
2022-12-01,12.03,-9242697.00,17222078.00,-9266875.00,78.20,1740.10,4076.57,12041.89,3165.47,4.32,3.51,186.13,1320.10,3.65,3.66
2022-12-02,11.80,-9751887.00,18131751.00,-9670487.00,78.20,1740.10,4071.70,11994.26,3156.14,4.32,3.49,184.66,1300.80,3.62,3.58
2022-12-03,11.80,-10261077.00,19041424.00,-10074099.00,78.20,1740.10,4071.70,11994.26,3156.14,4.32,3.49,184.66,1300.80,3.62,3.58
2022-12-04,11.80,-10770267.00,19951097.00,-10477711.00,78.20,1740.10,4071.70,11994.26,3156.14,4.32,3.49,184.66,1300.80,3.62,3.58
2022-12-05,11.73,-10785171.00,20253445.00,-10771012.00,78.20,1740.10,3998.84,11786.80,3211.81,4.40,3.59,185.26,1300.40,3.61,3.55
