Date,PER (EA3)(배),순매수대금 누적액(기관계)(백만원),순매수대금 누적액(개인)(백만원),순매수대금 누적액(외국인계)(백만원),주요상품선물_WTI-1M($/bbl),주요상품선물_금(선물)($/ounce),미국 SP 500 Index(종가)(Pt),미국 Nasdaq 100(종가)(Pt),중국Shanghai Composite(종가)(Pt),국채금리_미국국채(2년)(%),국채금리_미국국채(10년)(%),시장평균_중국(위안)(통화대원),시장평균_미국(달러)(통화대원),시장금리:국고3년(국채관리기금채3년)(%),시장금리:국고10년(%)
2021-12-05,11.43,"89,138.00","-266,077.00","151,738.00",66.26,"1,782.00","4,538.43","15,712.04","3,607.43",0.61,1.36,184.61,"1,177.30",1.90,2.23
2021-12-06,11.46,"241,727.00","-435,451.00","154,773.00",69.49,"1,777.50","4,591.67","15,846.16","3,589.31",0.63,1.43,184.84,"1,178.60",1.87,2.21
2021-12-07,11.53,"166,046.00","-574,854.00","362,086.00",72.05,"1,782.60","4,686.75","16,325.66","3,595.09",0.69,1.48,185.64,"1,183.70",1.87,2.24
2021-12-08,11.57,"968,707.00","-1,261,016.00","283,212.00",72.36,"1,783.40","4,701.21","16,394.34","3,637.57",0.69,1.53,185.52,"1,181.20",1.83,2.19
2021-12-09,11.67,"1,605,980.00","-1,769,478.00","609,763.00",70.94,"1,774.60","4,667.45","16,149.57","3,673.04",0.69,1.50,185.43,"1,176.40",1.79,2.19
2021-12-10,11.60,"1,845,501.00","-1,754,824.00","321,292.00",71.67,"1,782.90","4,712.02","16,331.98","3,666.35",0.65,1.48,184.05,"1,173.80",1.81,2.20
2021-12-11,11.60,"2,085,022.00","-1,740,170.00","32,821.00",71.67,"1,782.90","4,712.02","16,331.98","3,666.35",0.67,1.48,184.05,"1,173.80",1.81,2.20
2021-12-12,11.60,"2,324,543.00","-1,725,516.00","-255,650.00",71.67,"1,782.90","4,712.02","16,331.98","3,666.35",0.63,1.48,184.05,"1,173.80",1.81,2.20
2021-12-13,11.56,"2,793,571.00","-2,094,402.00","-393,952.00",71.29,"1,786.30","4,668.97","16,082.55","3,681.08",0.66,1.41,184.96,"1,178.20",1.79,2.17
2021-12-14,11.52,"2,606,107.00","-2,132,291.00","-210,583.00",70.73,"1,770.40","4,634.09","15,914.90","3,661.53",0.67,1.44,185.14,"1,178.80",1.78,2.17
2021-12-15,11.52,"2,436,116.00","-1,965,084.00","-233,492.00",70.87,"1,762.60","4,709.85","16,289.59","3,647.63",0.62,1.46,185.88,"1,183.60",1.81,2.17
2021-12-16,11.60,"2,384,648.00","-2,134,442.00","-49,964.00",72.38,"1,796.60","4,668.67","15,863.94","3,675.02",0.64,1.42,186.29,"1,186.20",1.77,2.15
2021-12-17,11.63,"2,370,876.00","-2,661,542.00","481,769.00",70.86,"1,803.80","4,620.64","15,801.46","3,632.36",0.62,1.41,185.84,"1,183.50",1.77,2.15
2021-12-18,11.63,"2,357,104.00","-3,188,642.00","1,013,502.00",70.86,"1,803.80","4,620.64","15,801.46","3,632.36",0.64,1.41,185.84,"1,183.50",1.77,2.15
2021-12-19,11.63,"2,343,332.00","-3,715,742.00","1,545,235.00",70.86,"1,803.80","4,620.64","15,801.46","3,632.36",0.67,1.41,185.84,"1,183.50",1.77,2.15
2021-12-20,11.39,"1,768,754.00","-2,629,957.00","990,740.00",68.23,"1,793.70","4,568.02","15,627.64","3,593.60",0.66,1.43,185.76,"1,184.40",1.74,2.11
2021-12-21,11.44,"2,371,086.00","-3,277,824.00","1,020,068.00",71.12,"1,787.90","4,649.23","15,986.28","3,625.13",0.69,1.47,186.61,"1,189.80",1.72,2.10
2021-12-22,11.48,"2,432,238.00","-3,777,584.00","1,436,196.00",72.76,"1,801.60","4,696.56","16,180.14","3,622.62",0.69,1.45,186.99,"1,191.50",1.76,2.15
2021-12-23,11.54,"3,010,794.00","-4,598,101.00","1,662,093.00",73.79,"1,811.20","4,725.79","16,308.21","3,643.34",0.70,1.49,187.00,"1,191.20",1.81,2.21
2021-12-24,11.64,"3,926,918.00","-5,730,490.00","1,851,599.00",73.79,"1,811.20","4,725.79","16,308.21","3,618.05",0.76,1.49,186.41,"1,187.50",1.80,2.21
2021-12-25,11.63,"4,843,042.00","-6,862,879.00","2,041,105.00",73.79,"1,811.20","4,725.79","16,308.21","3,618.05",0.75,1.49,186.41,"1,187.50",1.80,2.21
2021-12-26,11.63,"5,759,166.00","-7,995,268.00","2,230,611.00",73.79,"1,811.20","4,725.79","16,308.21","3,618.05",0.73,1.49,186.41,"1,187.50",1.80,2.21
2021-12-27,11.59,"6,195,363.00","-8,539,243.00","2,279,040.00",75.57,"1,808.10","4,791.19","16,567.50","3,615.97",0.73,1.48,186.32,"1,186.40",1.78,2.21
2021-12-28,11.68,"7,713,725.00","-10,536,578.00","2,728,177.00",75.98,"1,810.20","4,786.35","16,488.66","3,630.11",0.73,1.48,186.18,"1,186.20",1.79,2.20
2021-12-29,11.55,"5,977,584.00","-8,684,210.00","2,605,545.00",76.56,"1,805.10","4,793.06","16,491.01","3,597.00",0.78,1.56,186.33,"1,186.70",1.78,2.18
2021-12-30,11.48,"5,216,987.00","-7,730,361.00","2,391,594.00",76.99,"1,812.70","4,778.73","16,429.10","3,619.19",0.76,1.51,186.33,"1,186.60",1.80,2.25
2021-12-31,11.48,"4,456,390.00","-6,776,512.00","2,177,643.00",75.21,"1,827.50","4,766.18","16,320.08","3,639.78",0.83,1.51,186.02,"1,185.50",1.80,2.25
2022-01-01,11.48,"3,695,793.00","-5,822,663.00","1,963,692.00",75.21,"1,827.50","4,766.18","16,320.08","3,639.78",0.87,1.51,186.02,"1,185.50",1.80,2.25
2022-01-02,11.48,"2,935,196.00","-4,868,814.00","1,749,741.00",75.21,"1,827.50","4,766.18","16,320.08","3,639.78",0.87,1.51,186.02,"1,185.50",1.80,2.25
2022-01-03,11.62,"2,123,971.00","-4,345,389.00","2,014,960.00",76.08,"1,799.40","4,796.56","16,501.77","3,639.78",0.87,1.64,186.51,"1,185.50",1.86,2.33
2022-01-04,11.60,"1,378,605.00","-3,699,791.00","2,105,479.00",76.99,"1,814.00","4,793.54","16,279.73","3,632.33",0.90,1.65,187.35,"1,190.80",1.87,2.32
2022-01-05,11.43,"56,262.00","-3,001,425.00","2,723,160.00",77.85,"1,824.60","4,700.58","15,771.78","3,595.18",0.89,1.70,187.41,"1,194.30",1.91,2.38
2022-01-06,11.33,"-429,376.00","-2,716,372.00","2,904,156.00",79.46,"1,788.70","4,696.05","15,765.36","3,586.08",0.92,1.73,188.27,"1,198.20",2.01,2.48
2022-01-07,11.47,"-765,263.00","-2,960,225.00","3,559,405.00",78.90,"1,797.00","4,677.03","15,592.19","3,579.54",0.89,1.77,187.94,"1,199.60",2.02,2.46
2022-01-08,11.48,"-1,101,150.00","-3,204,078.00","4,214,654.00",78.90,"1,797.00","4,677.03","15,592.19","3,579.54",0.97,1.77,187.94,"1,199.60",2.02,2.46
2022-01-09,11.46,"-1,437,037.00","-3,447,931.00","4,869,903.00",78.90,"1,797.00","4,677.03","15,592.19","3,579.54",1.00,1.77,187.94,"1,199.60",2.02,2.46
2022-01-10,11.26,"-1,937,089.00","-2,875,033.00","4,788,039.00",78.23,"1,798.40","4,670.29","15,614.43","3,593.52",1.05,1.76,188.53,"1,202.40",2.06,2.48
2022-01-11,11.27,"-2,199,044.00","-3,093,674.00","5,270,620.00",81.22,"1,818.60","4,713.07","15,844.12","3,567.44",1.05,1.75,188.20,"1,200.00",2.04,2.49
2022-01-12,11.44,"-1,593,545.00","-4,166,849.00","5,725,953.00",82.64,"1,827.20","4,726.35","15,905.10","3,597.43",1.03,1.75,187.51,"1,195.20",2.00,2.43
2022-01-13,11.37,"-1,896,609.00","-4,260,453.00","6,095,747.00",82.12,"1,821.20","4,659.03","15,495.62","3,555.26",1.02,1.70,187.14,"1,189.90",1.95,2.40
2022-01-14,11.22,"-2,491,886.00","-3,453,555.00","5,850,623.00",83.82,"1,816.50","4,662.85","15,611.59","3,521.26",1.03,1.79,186.83,"1,188.20",2.04,2.45
2022-01-15,11.21,"-3,087,163.00","-2,646,657.00","5,605,499.00",83.82,"1,816.50","4,662.85","15,611.59","3,521.26",0.97,1.79,186.83,"1,188.20",2.04,2.45
2022-01-16,11.21,"-3,682,440.00","-1,839,759.00","5,360,375.00",83.82,"1,816.50","4,662.85","15,611.59","3,521.26",1.03,1.79,186.83,"1,188.20",2.04,2.45
2022-01-17,11.02,"-3,504,263.00","-1,358,540.00","4,671,723.00",83.82,"1,816.50","4,662.85","15,611.59","3,541.67",1.16,1.81,186.94,"1,187.60",2.15,2.57
2022-01-18,10.94,"-3,731,684.00","-1,158,693.00","4,687,548.00",85.43,"1,812.30","4,577.11","15,210.76","3,569.91",1.19,1.88,187.80,"1,192.30",2.13,2.55
2022-01-19,10.88,"-3,742,508.00","-1,188,641.00","4,721,734.00",86.96,"1,843.10","4,532.76","15,047.84","3,558.18",1.17,1.85,187.14,"1,188.90",2.07,2.54
2022-01-20,10.97,"-3,633,411.00","-1,042,071.00","4,443,918.00",86.90,"1,842.50","4,482.73","14,846.46","3,555.06",1.20,1.81,187.83,"1,191.80",2.12,2.56
2022-01-21,10.84,"-4,276,837.00","-146,207.00","4,223,240.00",85.14,"1,831.80","4,397.94","14,438.40","3,522.57",1.18,1.77,187.73,"1,190.40",2.13,2.54
2022-01-22,10.84,"-4,920,263.00","749,657.00","4,002,562.00",85.14,"1,831.80","4,397.94","14,438.40","3,522.57",1.17,1.77,187.73,"1,190.40",2.13,2.54
2022-01-23,10.84,"-5,563,689.00","1,645,521.00","3,781,884.00",85.14,"1,831.80","4,397.94","14,438.40","3,522.57",1.15,1.77,187.73,"1,190.40",2.13,2.54
2022-01-24,10.70,"-4,970,093.00","1,507,414.00","3,346,025.00",83.31,"1,841.70","4,410.13","14,509.58","3,524.11",1.20,1.78,188.29,"1,193.60",2.11,2.54
2022-01-25,10.44,"-5,137,916.00","2,080,827.00","2,914,735.00",85.60,"1,852.70","4,356.45","14,149.12","3,433.06",1.32,1.78,188.63,"1,194.20",2.17,2.58
2022-01-26,10.38,"-5,153,567.00","2,302,247.00","2,673,265.00",87.35,"1,829.90","4,349.93","14,172.76","3,455.67",1.32,1.87,189.34,"1,197.80",2.16,2.57
2022-01-27,10.62,"-3,305,813.00","2,163,080.00","967,725.00",86.61,"1,793.30","4,326.51","14,003.11","3,394.25",1.29,1.80,189.37,"1,197.00",2.22,2.61
2022-01-28,10.85,"-2,913,561.00","2,436,502.00","266,906.00",86.82,"1,784.90","4,431.85","14,454.61","3,361.44",1.35,1.78,188.81,"1,202.40",2.19,2.59
2022-01-29,10.86,"-2,521,309.00","2,709,924.00","-433,913.00",86.82,"1,784.90","4,431.85","14,454.61","3,361.44",1.37,1.78,188.81,"1,202.40",2.19,2.59
2022-01-30,10.84,"-2,129,057.00","2,983,346.00","-1,134,732.00",86.82,"1,784.90","4,431.85","14,454.61","3,361.44",1.61,1.78,188.81,"1,202.40",2.19,2.59
2022-01-31,10.84,"-1,736,805.00","3,256,768.00","-1,835,551.00",88.15,"1,795.00","4,515.55","14,930.05","3,361.44",1.49,1.78,188.81,"1,202.40",2.19,2.59
2022-02-01,10.84,"-1,344,553.00","3,530,190.00","-2,536,370.00",88.20,"1,800.30","4,546.54","15,019.68","3,361.44",1.57,1.80,188.81,"1,202.40",2.19,2.59
2022-02-02,10.85,"-952,301.00","3,803,612.00","-3,237,189.00",88.26,"1,809.20","4,589.38","15,139.74","3,361.44",1.58,1.77,188.81,"1,202.40",2.19,2.59
2022-02-03,10.97,"-902,655.00","3,670,290.00","-3,153,986.00",90.27,"1,803.00","4,477.44","14,501.11","3,361.44",1.53,1.84,189.55,"1,205.70",2.16,2.57
2022-02-04,11.13,"-688,251.00","3,255,201.00","-2,963,402.00",92.31,"1,806.60","4,500.53","14,694.35","3,361.44",1.47,1.92,189.50,"1,205.40",2.19,2.62
2022-02-05,11.13,"-473,847.00","2,840,112.00","-2,772,818.00",92.31,"1,806.60","4,500.53","14,694.35","3,361.44",1.47,1.92,189.50,"1,205.40",2.19,2.62
2022-02-06,11.14,"-259,443.00","2,425,023.00","-2,582,234.00",92.31,"1,806.60","4,500.53","14,694.35","3,361.44",1.44,1.92,189.50,"1,205.40",2.19,2.62
2022-02-07,11.12,"-1,091,893.00","3,236,020.00","-2,589,286.00",91.32,"1,820.60","4,483.87","14,571.25","3,429.58",1.56,1.92,189.42,"1,199.50",2.24,2.64
2022-02-08,11.18,"-1,052,452.00","3,280,615.00","-2,684,502.00",89.36,"1,826.60","4,521.54","14,747.03","3,452.63",1.61,1.97,188.52,"1,199.40",2.30,2.73
2022-02-09,11.31,"-855,400.00","2,819,907.00","-2,444,351.00",89.66,"1,835.20","4,587.18","15,056.96","3,479.95",1.58,1.95,188.14,"1,197.80",2.28,2.69
2022-02-10,11.34,"-1,397,270.00","2,512,993.00","-1,609,727.00",89.88,"1,836.20","4,504.08","14,705.64","3,485.91",1.57,2.04,187.97,"1,196.00",2.26,2.69
2022-02-11,11.28,"-2,092,639.00","2,583,509.00","-999,336.00",93.10,"1,840.80","4,418.64","14,253.84","3,462.95",1.49,1.92,188.22,"1,196.00",2.34,2.75
2022-02-12,11.26,"-2,788,008.00","2,654,025.00","-388,945.00",93.10,"1,840.80","4,418.64","14,253.84","3,462.95",1.44,1.92,188.22,"1,196.00",2.34,2.75
2022-02-13,11.27,"-3,483,377.00","2,724,541.00","221,446.00",93.10,"1,840.80","4,418.64","14,253.84","3,462.95",1.33,1.92,188.22,"1,196.00",2.34,2.75
2022-02-14,11.09,"-3,387,345.00","2,535,323.00","288,111.00",95.46,"1,868.00","4,401.67","14,268.59","3,428.88",1.51,1.99,188.78,"1,199.60",2.35,2.71
2022-02-15,10.96,"-3,353,176.00","2,705,783.00","69,055.00",92.07,"1,854.80","4,471.07","14,620.82","3,446.09",1.53,2.04,188.48,"1,198.30",2.35,2.71
2022-02-16,11.27,"-3,127,792.00","2,498,554.00","23,863.00",93.66,"1,870.20","4,475.01","14,603.64","3,465.83",1.49,2.04,189.06,"1,198.50",2.33,2.70
2022-02-17,11.34,"-2,693,414.00","1,400,349.00","673,235.00",91.76,"1,900.70","4,380.26","14,171.74","3,468.04",1.43,1.97,188.87,"1,196.90",2.30,2.71
2022-02-18,11.33,"-2,589,418.00","1,442,468.00","521,858.00",91.07,"1,898.60","4,348.87","14,009.54","3,490.76",1.56,1.93,188.86,"1,197.10",2.32,2.73
2022-02-19,11.33,"-2,485,422.00","1,484,587.00","370,481.00",91.07,"1,898.60","4,348.87","14,009.54","3,490.76",1.60,1.93,188.86,"1,197.10",2.32,2.73
2022-02-20,11.33,"-2,381,426.00","1,526,706.00","219,104.00",91.07,"1,898.60","4,348.87","14,009.54","3,490.76",1.68,1.93,188.86,"1,197.10",2.32,2.73
2022-02-21,11.33,"-2,471,040.00","1,628,385.00","155,639.00",91.07,"1,898.60","4,348.87","14,009.54","3,490.61",1.70,1.87,189.14,"1,196.40",2.36,2.77
2022-02-22,11.16,"-2,853,415.00","2,299,721.00","-170,780.00",92.35,"1,906.10","4,304.76","13,870.53","3,457.15",1.75,1.94,188.56,"1,194.60",2.33,2.72
2022-02-23,11.20,"-2,663,936.00","2,363,079.00","-437,289.00",92.10,"1,909.20","4,225.50","13,509.43","3,489.15",1.79,2.00,188.84,"1,194.70",2.32,2.72
2022-02-24,11.00,"-3,146,670.00","3,463,065.00","-1,104,172.00",92.81,"1,925.10","4,288.70","13,974.67","3,429.96",1.87,1.97,188.77,"1,192.10",2.23,2.62
2022-02-25,11.27,"-2,952,582.00","3,378,013.00","-1,227,230.00",91.59,"1,886.50","4,384.65","14,189.16","3,451.41",1.85,1.97,189.50,"1,199.40",2.24,2.67
2022-02-26,11.27,"-2,758,494.00","3,292,961.00","-1,350,288.00",91.59,"1,886.50","4,384.65","14,189.16","3,451.41",1.95,1.97,189.50,"1,199.40",2.24,2.67
2022-02-27,11.27,"-2,564,406.00","3,207,909.00","-1,473,346.00",91.59,"1,886.50","4,384.65","14,189.16","3,451.41",1.92,1.97,189.50,"1,199.40",2.24,2.67
2022-02-28,11.36,"-2,944,553.00","3,499,293.00","-1,377,254.00",95.72,"1,899.40","4,373.94","14,237.81","3,462.31",1.94,1.82,190.38,"1,202.70",2.24,2.68
2022-03-01,11.37,"-3,324,700.00","3,790,677.00","-1,281,162.00",103.41,"1,942.40","4,306.26","14,005.99","3,488.83",1.94,1.72,190.38,"1,202.70",2.24,2.68
2022-03-02,11.38,"-3,456,970.00","4,217,409.00","-1,587,668.00",110.60,"1,920.90","4,386.54","14,243.69","3,484.19",2.12,1.88,191.00,"1,205.60",2.19,2.61
2022-03-03,11.56,"-3,197,821.00","3,826,365.00","-1,454,688.00",107.67,"1,934.40","4,363.49","14,035.21","3,481.11",2.17,1.84,190.63,"1,205.00",2.20,2.65
2022-03-04,11.42,"-3,623,355.00","4,812,892.00","-2,041,316.00",115.68,"1,965.10","4,328.87","13,837.83","3,447.65",2.10,1.74,190.41,"1,203.60",2.21,2.66
2022-03-05,11.42,"-4,048,889.00","5,799,419.00","-2,627,944.00",115.68,"1,965.10","4,328.87","13,837.83","3,447.65",2.13,1.74,190.41,"1,203.60",2.21,2.66
2022-03-06,11.42,"-4,474,423.00","6,785,946.00","-3,214,572.00",115.68,"1,965.10","4,328.87","13,837.83","3,447.65",2.28,1.74,190.41,"1,203.60",2.21,2.66
2022-03-07,11.13,"-5,434,356.00","8,901,239.00","-4,395,968.00",119.40,"1,993.90","4,201.09","13,319.38","3,372.86",2.28,1.78,191.69,"1,211.50",2.29,2.71
2022-03-08,11.01,"-5,725,667.00","9,633,135.00","-4,869,522.00",123.70,"2,040.10","4,170.70","13,267.61","3,293.53",2.34,1.84,193.87,"1,225.40",2.29,2.72
2022-03-09,11.01,"-6,016,978.00","10,365,031.00","-5,343,076.00",108.70,"1,985.90","4,277.88","13,742.20","3,256.39",2.37,1.95,193.87,"1,225.40",2.29,2.72
2022-03-10,11.26,"-5,252,157.00","10,012,423.00","-5,770,299.00",106.02,"1,998.10","4,259.52","13,591.00","3,296.09",2.31,1.99,195.40,"1,234.50",2.27,2.73
2022-03-11,11.16,"-5,623,283.00","11,042,275.00","-6,456,786.00",109.33,"1,982.70","4,204.31","13,301.83","3,309.75",2.33,2.00,194.36,"1,228.70",2.26,2.70
2022-03-12,11.16,"-5,994,409.00","12,072,127.00","-7,143,273.00",109.33,"1,982.70","4,204.31","13,301.83","3,309.75",2.46,2.00,194.36,"1,228.70",2.26,2.70
2022-03-13,11.16,"-6,365,535.00","13,101,979.00","-7,829,760.00",109.33,"1,982.70","4,204.31","13,301.83","3,309.75",2.49,2.00,194.36,"1,228.70",2.26,2.70
2022-03-14,11.10,"-6,360,055.00","13,726,156.00","-8,468,843.00",103.01,"1,959.60","4,173.11","13,046.64","3,223.53",2.42,2.14,194.39,"1,232.40",2.28,2.74
2022-03-15,10.99,"-6,312,566.00","14,325,343.00","-9,144,358.00",96.44,"1,928.50","4,262.45","13,458.56","3,063.97",2.52,2.15,194.57,"1,238.60",2.29,2.75
2022-03-16,11.16,"-5,946,861.00","14,088,985.00","-9,278,497.00",95.04,"1,908.00","4,357.86","13,956.78","3,170.71",2.48,2.19,194.91,"1,241.70",2.27,2.77
2022-03-17,11.31,"-5,696,505.00","13,394,260.00","-8,815,185.00",102.98,"1,942.10","4,411.67","14,118.60","3,215.04",2.47,2.17,195.27,"1,240.40",2.22,2.70
2022-03-18,11.35,"-5,710,682.00","13,529,476.00","-8,917,243.00",104.70,"1,928.20","4,463.12","14,420.08","3,251.07",2.52,2.15,192.31,"1,220.60",2.23,2.74
2022-03-19,11.35,"-5,724,859.00","13,664,692.00","-9,019,301.00",104.70,"1,928.20","4,463.12","14,420.08","3,251.07",2.54,2.15,192.31,"1,220.60",2.23,2.74
2022-03-20,11.35,"-5,739,036.00","13,799,908.00","-9,121,359.00",104.70,"1,928.20","4,463.12","14,420.08","3,251.07",2.50,2.15,192.31,"1,220.60",2.23,2.74
2022-03-21,11.24,"-6,073,644.00","14,605,432.00","-9,610,775.00",112.12,"1,928.60","4,461.18","14,376.09","3,253.69",2.41,2.30,190.39,"1,211.10",2.27,2.74
2022-03-22,11.34,"-6,105,987.00","14,419,897.00","-9,390,920.00",111.76,"1,920.70","4,511.61","14,654.33","3,259.86",2.36,2.38,190.95,"1,213.70",2.40,2.83
2022-03-23,11.43,"-5,870,460.00","14,121,304.00","-9,333,740.00",114.93,"1,936.60","4,456.24","14,447.55","3,271.03",2.46,2.29,191.85,"1,221.40",2.43,2.83
2022-03-24,11.37,"-7,456,393.00","14,629,729.00","-8,317,062.00",112.34,"1,961.60","4,520.16","14,765.69","3,250.26",2.48,2.37,190.31,"1,212.70",2.46,2.86
2022-03-25,11.37,"-7,583,963.00","15,292,399.00","-8,868,574.00",113.90,"1,953.80","4,543.06","14,754.31","3,212.24",2.45,2.49,191.50,"1,219.40",2.51,2.87
2022-03-26,11.37,"-7,711,533.00","15,955,069.00","-9,420,086.00",113.90,"1,953.80","4,543.06","14,754.31","3,212.24",2.60,2.49,191.50,"1,219.40",2.51,2.87
2022-03-27,11.37,"-7,839,103.00","16,617,739.00","-9,971,598.00",113.90,"1,953.80","4,543.06","14,754.31","3,212.24",2.58,2.49,191.50,"1,219.40",2.51,2.87
2022-03-28,11.36,"-7,771,349.00","16,809,270.00","-10,233,925.00",105.96,"1,939.60","4,575.52","14,987.40","3,214.50",2.67,2.47,191.37,"1,218.30",2.75,3.03
2022-03-29,11.36,"-7,444,914.00","16,800,460.00","-10,513,384.00",104.24,"1,912.00","4,631.60","15,239.32","3,203.94",2.68,2.40,192.35,"1,225.70",2.70,2.97
2022-03-30,11.38,"-7,284,475.00","16,661,692.00","-10,523,329.00",107.82,"1,933.50","4,602.45","15,071.55","3,266.60",2.66,2.36,191.78,"1,220.50",2.62,2.89
2022-03-31,11.41,"-7,095,920.00","16,648,607.00","-10,697,135.00",100.28,"1,949.20","4,530.41","14,838.49","3,252.20",2.63,2.35,190.75,"1,210.80",2.66,2.97
2022-04-01,11.34,"-7,879,001.00","17,494,622.00","-10,765,308.00",99.27,"1,919.10","4,545.86","14,861.21","3,282.72",2.48,2.39,190.96,"1,210.70",2.78,3.01
2022-04-02,11.34,"-8,662,082.00","18,340,637.00","-10,833,481.00",99.27,"1,919.10","4,545.86","14,861.21","3,282.72",2.59,2.39,190.96,"1,210.70",2.78,3.01
2022-04-03,11.34,"-9,445,163.00","19,186,652.00","-10,901,654.00",99.27,"1,919.10","4,545.86","14,861.21","3,282.72",2.63,2.39,190.96,"1,210.70",2.78,3.01
2022-04-04,11.38,"-9,431,505.00","19,184,234.00","-10,879,550.00",103.28,"1,929.20","4,582.64","15,159.58","3,282.72",2.73,2.39,191.12,"1,216.10",2.84,3.07
2022-04-05,11.36,"-9,679,024.00","19,422,464.00","-10,865,168.00",101.96,"1,922.90","4,525.12","14,820.64","3,282.72",2.74,2.55,191.21,"1,216.70",2.88,3.08
2022-04-06,11.26,"-10,244,715.00","20,562,801.00","-11,448,951.00",96.23,"1,918.40","4,481.15","14,498.89","3,283.43",2.73,2.60,190.57,"1,212.60",2.94,3.13
2022-04-07,11.11,"-10,765,168.00","21,842,560.00","-12,216,955.00",96.03,"1,933.80","4,500.21","14,531.81","3,236.70",2.78,2.67,191.68,"1,219.10",2.91,3.13
2022-04-08,11.08,"-10,755,437.00","22,265,857.00","-12,671,250.00",98.26,"1,941.60","4,488.28","14,327.26","3,251.85",2.65,2.70,191.58,"1,218.50",2.99,3.17
2022-04-09,11.08,"-10,745,706.00","22,689,154.00","-13,125,545.00",98.26,"1,941.60","4,488.28","14,327.26","3,251.85",2.71,2.70,191.58,"1,218.50",2.99,3.17
2022-04-10,11.08,"-10,735,975.00","23,112,451.00","-13,579,840.00",98.26,"1,941.60","4,488.28","14,327.26","3,251.85",2.73,2.70,191.58,"1,218.50",2.99,3.17
2022-04-11,11.04,"-10,734,308.00","23,238,739.00","-13,714,307.00",94.29,"1,944.30","4,412.53","13,990.20","3,167.13",2.74,2.77,192.30,"1,224.00",3.19,3.31
2022-04-12,11.01,"-10,854,840.00","23,800,289.00","-14,180,017.00",100.60,"1,972.10","4,397.45","13,940.24","3,213.33",2.60,2.73,193.41,"1,232.00",3.11,3.31
2022-04-13,11.24,"-10,215,877.00","23,216,559.00","-14,245,089.00",104.25,"1,981.00","4,446.59","14,217.29","3,186.82",2.61,2.70,194.25,"1,236.60",3.00,3.29
2022-04-14,11.27,"-10,061,402.00","23,306,225.00","-14,497,609.00",106.95,"1,970.90","4,392.59","13,893.22","3,225.64",2.65,2.83,192.79,"1,227.70",2.89,3.22
2022-04-15,11.18,"-10,504,218.00","24,055,046.00","-14,815,650.00",106.95,"1,970.90","4,392.59","13,893.22","3,211.24",2.58,2.83,191.93,"1,224.20",2.94,3.30
2022-04-16,11.18,"-10,947,034.00","24,803,867.00","-15,133,691.00",106.95,"1,970.90","4,392.59","13,893.22","3,211.24",2.59,2.83,191.93,"1,224.20",2.94,3.30
2022-04-17,11.18,"-11,389,850.00","25,552,688.00","-15,451,732.00",106.95,"1,970.90","4,392.59","13,893.22","3,211.24",2.60,2.83,191.93,"1,224.20",2.94,3.30
2022-04-18,11.22,"-11,408,906.00","25,654,882.00","-15,546,342.00",108.21,"1,982.90","4,391.69","13,910.76","3,195.52",2.57,2.86,193.07,"1,230.10",2.99,3.36
2022-04-19,11.33,"-11,072,353.00","25,311,777.00","-15,513,368.00",102.56,"1,955.70","4,462.21","14,210.26","3,194.03",2.71,2.94,193.62,"1,232.80",2.98,3.35
2022-04-20,11.36,"-11,233,140.00","25,385,424.00","-15,418,872.00",102.75,"1,952.30","4,459.45","13,998.53","3,151.05",2.67,2.83,193.15,"1,234.90",2.96,3.31
2022-04-21,11.39,"-10,596,118.00","24,818,181.00","-15,478,534.00",103.79,"1,944.90","4,393.66","13,720.45","3,079.81",2.61,2.91,192.72,"1,237.10",2.93,3.30
2022-04-22,11.30,"-11,293,830.00","25,654,465.00","-15,633,979.00",102.07,"1,931.00","4,271.78","13,356.87","3,086.92",2.59,2.91,191.67,"1,236.40",2.97,3.31
2022-04-23,11.30,"-11,991,542.00","26,490,749.00","-15,789,424.00",102.07,"1,931.00","4,271.78","13,356.87","3,086.92",2.61,2.91,191.67,"1,236.40",2.97,3.31
2022-04-24,11.30,"-12,689,254.00","27,327,033.00","-15,944,869.00",102.07,"1,931.00","4,271.78","13,356.87","3,086.92",2.63,2.91,191.67,"1,236.40",2.97,3.31
2022-04-25,11.07,"-13,037,222.00","28,390,470.00","-16,667,458.00",98.54,"1,893.20","4,296.12","13,533.22","2,928.51",2.48,2.82,190.99,"1,241.70",2.86,3.19
2022-04-26,11.04,"-12,767,595.00","28,329,743.00","-16,914,103.00",101.70,"1,901.40","4,175.20","13,009.71","2,886.43",2.50,2.73,190.13,"1,247.10",2.83,3.19
2022-04-27,10.89,"-13,009,451.00","29,235,030.00","-17,593,901.00",102.02,"1,885.90","4,183.96","13,003.36","2,958.28",2.48,2.83,190.39,"1,248.30",2.90,3.19
2022-04-28,10.97,"-12,815,315.00","29,066,479.00","-17,630,404.00",105.36,"1,888.70","4,287.50","13,456.06","2,975.48",2.48,2.83,192.53,"1,263.10",2.93,3.17
2022-04-29,11.00,"-12,322,199.00","28,573,370.00","-17,616,213.00",104.69,"1,909.30","4,131.93","12,854.80","3,047.06",2.57,2.94,191.58,"1,269.40",2.96,3.24
2022-04-30,11.00,"-11,829,083.00","28,080,261.00","-17,602,022.00",104.69,"1,909.30","4,131.93","12,854.80","3,047.06",2.56,2.94,191.58,"1,269.40",2.96,3.24
2022-05-01,11.00,"-11,335,967.00","27,587,152.00","-17,587,831.00",104.69,"1,909.30","4,131.93","12,854.80","3,047.06",2.65,2.94,191.58,"1,269.40",2.96,3.24
2022-05-02,10.92,"-11,516,729.00","27,812,063.00","-17,655,420.00",105.17,"1,861.80","4,155.38","13,075.85","3,047.06",2.63,2.98,191.48,"1,265.40",3.09,3.38
2022-05-03,10.88,"-11,730,992.00","27,916,418.00","-17,536,328.00",102.41,"1,868.80","4,175.48","13,089.90","3,047.06",2.66,2.98,191.54,"1,265.80",3.14,3.41
2022-05-04,10.85,"-11,881,294.00","28,017,473.00","-17,504,927.00",107.81,"1,867.00","4,300.17","13,535.71","3,047.06",2.66,2.95,191.53,"1,265.70",3.18,3.43
2022-05-05,10.84,"-12,031,596.00","28,118,528.00","-17,473,526.00",108.26,"1,874.00","4,146.87","12,850.55","3,067.76",2.73,3.04,191.53,"1,265.70",3.18,3.43
2022-05-06,10.64,"-12,331,706.00","28,882,876.00","-17,954,596.00",109.77,"1,881.20","4,123.34","12,693.54","3,001.56",2.73,3.14,189.58,"1,261.80",3.15,3.43
2022-05-07,10.64,"-12,631,816.00","29,647,224.00","-18,435,666.00",109.77,"1,881.20","4,123.34","12,693.54","3,001.56",2.78,3.14,189.58,"1,261.80",3.15,3.43
2022-05-08,10.64,"-12,931,926.00","30,411,572.00","-18,916,736.00",109.77,"1,881.20","4,123.34","12,693.54","3,001.56",2.82,3.14,189.58,"1,261.80",3.15,3.43
2022-05-09,10.48,"-13,108,583.00","30,749,384.00","-19,112,367.00",103.09,"1,857.10","3,991.24","12,187.72","3,004.14",3.07,3.03,190.91,"1,272.70",3.06,3.41
2022-05-10,10.41,"-13,101,156.00","31,035,383.00","-19,432,263.00",99.76,"1,839.90","4,001.05","12,345.86","3,035.84",3.14,2.99,189.37,"1,274.60",3.05,3.40
2022-05-11,10.39,"-13,190,490.00","31,380,707.00","-19,721,198.00",105.71,"1,852.60","3,935.18","11,967.56","3,058.70",3.37,2.93,189.39,"1,275.50",2.93,3.27
2022-05-12,10.23,"-13,347,953.00","31,771,483.00","-20,000,900.00",106.13,"1,823.80","3,930.08","11,945.50","3,054.99",3.44,2.86,190.00,"1,277.00",2.90,3.17
2022-05-13,10.45,"-12,486,180.00","30,863,401.00","-19,936,855.00",110.49,"1,807.40","4,023.89","12,387.40","3,084.28",3.21,2.93,189.54,"1,286.40",2.91,3.22
2022-05-14,10.45,"-11,624,407.00","29,955,319.00","-19,872,810.00",110.49,"1,807.40","4,023.89","12,387.40","3,084.28",3.10,2.93,189.54,"1,286.40",2.91,3.22
2022-05-15,10.43,"-10,762,634.00","29,047,237.00","-19,808,765.00",110.49,"1,807.40","4,023.89","12,387.40","3,084.28",3.17,2.93,189.54,"1,286.40",2.91,3.22
2022-05-16,10.51,"-10,878,456.00","29,112,276.00","-19,807,931.00",114.20,"1,813.50","4,008.01","12,243.58","3,073.75",3.25,2.89,189.42,"1,286.00",3.05,3.28
2022-05-17,10.62,"-10,337,399.00","28,803,668.00","-19,862,045.00",112.40,"1,818.20","4,088.85","12,564.10","3,093.70",3.19,3.00,188.85,"1,281.60",3.03,3.29
2022-05-18,10.65,"-10,686,985.00","28,829,923.00","-19,565,015.00",109.59,"1,815.90","3,923.68","11,928.31","3,085.98",3.06,2.88,189.56,"1,277.20",3.07,3.32
2022-05-19,10.53,"-11,169,866.00","29,346,468.00","-19,654,294.00",112.21,"1,841.20","3,900.79","11,875.63","3,096.96",3.01,2.84,187.92,"1,269.30",3.05,3.31
2022-05-20,10.72,"-10,333,241.00","28,305,003.00","-19,459,742.00",113.23,"1,841.80","3,901.36","11,835.62","3,146.57",3.06,2.79,189.88,"1,274.60",3.01,3.25
2022-05-21,10.72,"-9,496,616.00","27,263,538.00","-19,265,190.00",113.23,"1,841.80","3,901.36","11,835.62","3,146.57",3.07,2.79,189.88,"1,274.60",3.01,3.25
2022-05-22,10.72,"-8,659,991.00","26,222,073.00","-19,070,638.00",113.23,"1,841.80","3,901.36","11,835.62","3,146.57",3.13,2.79,189.88,"1,274.60",3.01,3.25
2022-05-23,10.75,"-8,490,235.00","26,057,702.00","-19,101,497.00",110.29,"1,847.80","3,973.75","12,034.28","3,146.86",3.11,2.86,189.68,"1,269.50",3.02,3.26
2022-05-24,10.57,"-8,772,331.00","26,636,351.00","-19,425,125.00",109.77,"1,865.10","3,941.48","11,769.84","3,070.93",3.04,2.75,190.61,"1,267.70",2.97,3.21
2022-05-25,10.62,"-8,261,113.00","26,277,974.00","-19,591,204.00",110.33,"1,846.20","3,978.73","11,943.93","3,107.46",2.96,2.75,190.01,"1,264.30",2.95,3.18
2022-05-26,10.60,"-8,415,686.00","26,371,566.00","-19,555,165.00",114.09,"1,847.40","4,057.84","12,276.79","3,123.11",2.84,2.74,188.76,"1,263.30",2.96,3.24
2022-05-27,10.70,"-7,861,305.00","25,627,331.00","-19,281,806.00",115.07,"1,851.30","4,158.24","12,681.42","3,130.24",2.91,2.74,187.92,"1,266.40",2.95,3.21
2022-05-28,10.70,"-7,306,924.00","24,883,096.00","-19,008,447.00",115.07,"1,851.30","4,158.24","12,681.42","3,130.24",2.82,2.74,187.92,"1,266.40",2.95,3.21
2022-05-29,10.70,"-6,752,543.00","24,138,861.00","-18,735,088.00",115.07,"1,851.30","4,158.24","12,681.42","3,130.24",3.00,2.74,187.92,"1,266.40",2.95,3.21
2022-05-30,10.81,"-6,332,216.00","23,337,563.00","-18,386,552.00",115.07,"1,851.30","4,158.24","12,681.42","3,149.06",3.02,2.81,187.64,"1,256.90",2.94,3.21
2022-05-31,10.85,"-6,917,719.00","22,828,776.00","-17,327,987.00",114.67,"1,842.70","4,132.15","12,642.10","3,186.43",3.10,2.85,187.04,"1,245.80",3.03,3.33
2022-06-01,10.85,"-7,503,222.00","22,319,989.00","-16,269,422.00",115.26,"1,843.30","4,101.23","12,548.36","3,182.16",3.12,2.91,187.04,"1,245.80",3.03,3.33
2022-06-02,10.76,"-8,252,137.00","23,112,787.00","-16,356,391.00",116.87,"1,866.50","4,176.82","12,892.89","3,195.46",3.07,2.91,185.21,"1,238.40",3.13,3.42
2022-06-03,10.82,"-7,930,200.00","22,802,362.00","-16,368,889.00",118.87,"1,845.40","4,108.54","12,548.03","3,195.46",3.05,2.94,187.86,"1,251.20",3.12,3.41
2022-06-04,10.82,"-7,608,263.00","22,491,937.00","-16,381,387.00",118.87,"1,845.40","4,108.54","12,548.03","3,195.46",3.15,2.94,187.86,"1,251.20",3.12,3.41
2022-06-05,10.82,"-7,286,326.00","22,181,512.00","-16,393,885.00",118.87,"1,845.40","4,108.54","12,548.03","3,195.46",3.13,2.94,187.86,"1,251.20",3.12,3.41
2022-06-06,10.82,"-6,964,389.00","21,871,087.00","-16,406,383.00",118.50,"1,839.20","4,121.43","12,599.63","3,236.37",3.13,3.04,187.86,"1,251.20",3.12,3.41
2022-06-07,10.65,"-7,787,399.00","22,863,633.00","-16,611,300.00",119.41,"1,847.50","4,160.68","12,711.67","3,241.76",3.13,2.98,186.52,"1,241.10",3.23,3.54
2022-06-08,10.65,"-7,842,835.00","23,003,480.00","-16,734,904.00",122.11,"1,851.90","4,115.77","12,615.13","3,263.79",3.17,3.03,188.46,"1,257.10",3.21,3.47
2022-06-09,10.64,"-7,287,585.00","23,376,514.00","-17,668,944.00",121.51,"1,848.80","4,017.82","12,269.78","3,238.95",3.24,3.05,187.83,"1,255.40",3.17,3.47
2022-06-10,10.52,"-7,568,724.00","24,482,944.00","-18,517,240.00",120.67,"1,871.50","3,900.86","11,832.82","3,284.83",3.24,3.17,187.92,"1,257.60",3.28,3.50
2022-06-11,10.52,"-7,849,863.00","25,589,374.00","-19,365,536.00",120.67,"1,871.50","3,900.86","11,832.82","3,284.83",3.10,3.17,187.92,"1,257.60",3.28,3.50
2022-06-12,10.52,"-8,131,002.00","26,695,804.00","-20,213,832.00",120.67,"1,871.50","3,900.86","11,832.82","3,284.83",2.97,3.17,187.92,"1,257.60",3.28,3.50
2022-06-13,10.15,"-8,349,184.00","27,364,036.00","-20,709,623.00",120.93,"1,828.00","3,749.63","11,288.32","3,255.55",3.00,3.36,188.71,"1,266.00",3.51,3.65
2022-06-14,10.11,"-8,154,188.00","27,401,321.00","-20,987,746.00",118.93,"1,809.50","3,735.48","11,311.69","3,288.91",3.02,3.48,190.39,"1,286.00",3.55,3.69
2022-06-15,9.93,"-8,074,481.00","27,747,999.00","-21,463,303.00",115.31,"1,815.30","3,789.99","11,593.77","3,305.41",3.06,3.29,191.32,"1,289.70",3.67,3.80
2022-06-16,9.96,"-8,093,142.00","27,592,131.00","-21,308,349.00",117.59,"1,845.70","3,666.77","11,127.57","3,285.38",2.98,3.20,192.33,"1,291.30",3.73,3.77
2022-06-17,9.91,"-8,040,122.00","27,868,750.00","-21,696,987.00",109.56,"1,835.60","3,674.84","11,265.99","3,316.79",2.87,3.23,191.56,"1,284.10",3.75,3.80
2022-06-18,9.91,"-7,987,102.00","28,145,369.00","-22,085,625.00",109.56,"1,835.60","3,674.84","11,265.99","3,316.79",2.89,3.23,191.56,"1,284.10",3.75,3.80
2022-06-19,9.91,"-7,934,082.00","28,421,988.00","-22,474,263.00",109.56,"1,835.60","3,674.84","11,265.99","3,316.79",2.92,3.23,191.56,"1,284.10",3.75,3.80
2022-06-20,9.74,"-7,489,226.00","28,605,268.00","-23,137,502.00",109.56,"1,835.60","3,674.84","11,265.99","3,315.43",2.89,3.28,191.69,"1,287.50",3.68,3.78
2022-06-21,9.81,"-6,948,679.00","28,372,054.00","-23,458,039.00",110.65,"1,834.60","3,764.79","11,546.76","3,306.72",3.06,3.28,193.01,"1,291.70",3.66,3.78
2022-06-22,9.55,"-7,028,181.00","28,748,104.00","-23,779,144.00",106.19,"1,834.30","3,759.89","11,527.71","3,267.20",3.07,3.16,192.93,"1,290.60",3.52,3.68
2022-06-23,9.50,"-6,101,797.00","28,076,083.00","-24,075,716.00",104.27,"1,825.70","3,795.73","11,697.68","3,320.15",3.05,3.09,193.32,"1,295.70",3.61,3.73
2022-06-24,9.74,"-5,460,560.00","27,452,783.00","-24,113,635.00",107.62,"1,826.50","3,911.74","12,105.85","3,349.75",3.23,3.14,194.18,"1,300.70",3.52,3.64
2022-06-25,9.74,"-4,819,323.00","26,829,483.00","-24,151,554.00",107.62,"1,826.50","3,911.74","12,105.85","3,349.75",3.25,3.14,194.18,"1,300.70",3.52,3.64
2022-06-26,9.73,"-4,178,086.00","26,206,183.00","-24,189,473.00",107.62,"1,826.50","3,911.74","12,105.85","3,349.75",3.21,3.14,194.18,"1,300.70",3.52,3.64
2022-06-27,9.88,"-4,380,660.00","26,112,708.00","-23,923,642.00",109.57,"1,820.90","3,900.11","11,987.36","3,379.19",3.27,3.20,194.24,"1,299.40",3.57,3.72
2022-06-28,9.98,"-4,469,178.00","26,218,634.00","-23,961,238.00",111.76,"1,817.50","3,821.55","11,637.77","3,409.21",3.22,3.18,192.12,"1,285.60",3.55,3.68
2022-06-29,9.77,"-4,973,819.00","26,914,013.00","-24,188,544.00",109.78,"1,813.70","3,818.83","11,658.26","3,361.52",3.23,3.09,191.55,"1,284.90",3.55,3.67
2022-06-30,9.62,"-5,294,252.00","27,435,329.00","-24,422,539.00",105.76,"1,804.10","3,785.38","11,503.72","3,398.62",3.25,3.02,192.97,"1,292.90",3.55,3.64
2022-07-01,9.53,"-5,300,208.00","27,762,819.00","-24,762,922.00",108.43,"1,798.90","3,825.33","11,585.68","3,387.64",3.26,2.89,194.02,"1,299.80",3.44,3.49
2022-07-02,9.53,"-5,306,164.00","28,090,309.00","-25,103,305.00",108.43,"1,798.90","3,825.33","11,585.68","3,387.64",3.19,2.89,194.02,"1,299.80",3.44,3.49
2022-07-03,9.53,"-5,312,120.00","28,417,799.00","-25,443,688.00",108.43,"1,798.90","3,825.33","11,585.68","3,387.64",3.27,2.89,194.02,"1,299.80",3.44,3.49
2022-07-04,9.54,"-5,001,202.00","28,235,443.00","-25,584,076.00",108.43,"1,798.90","3,825.33","11,585.68","3,405.43",3.28,2.93,193.12,"1,294.20",3.43,3.49
2022-07-05,9.74,"-4,751,220.00","27,837,721.00","-25,451,543.00",99.50,"1,761.80","3,831.39","11,779.91","3,404.03",3.21,2.82,193.71,"1,297.90",3.30,3.38
2022-07-06,9.54,"-5,642,088.00","28,734,688.00","-25,497,971.00",98.53,"1,734.90","3,845.08","11,852.59","3,355.35",3.24,2.93,193.16,"1,298.00",3.24,3.30
2022-07-07,9.72,"-5,329,137.00","28,264,425.00","-25,354,927.00",102.73,"1,737.90","3,902.62","12,109.05","3,364.40",3.26,3.00,194.90,"1,307.40",3.26,3.31
2022-07-08,9.89,"-5,512,233.00","28,177,058.00","-25,107,768.00",104.79,"1,740.60","3,899.38","12,125.69","3,356.08",3.32,3.08,194.37,"1,302.70",3.32,3.36
2022-07-09,9.91,"-5,695,329.00","28,089,691.00","-24,860,609.00",104.79,"1,740.60","3,899.38","12,125.69","3,356.08",3.30,3.08,194.37,"1,302.70",3.32,3.36
2022-07-10,9.91,"-5,878,425.00","28,002,324.00","-24,613,450.00",104.79,"1,740.60","3,899.38","12,125.69","3,356.08",3.40,3.08,194.37,"1,302.70",3.32,3.36
2022-07-11,9.88,"-6,066,419.00","28,194,491.00","-24,631,909.00",104.09,"1,730.00","3,854.43","11,860.28","3,313.58",3.37,2.99,194.06,"1,299.30",3.32,3.39
2022-07-12,9.79,"-6,305,218.00","28,462,235.00","-24,675,907.00",95.84,"1,723.30","3,818.80","11,744.99","3,281.47",3.38,2.97,193.59,"1,300.60",3.29,3.35
2022-07-13,9.84,"-5,948,789.00","28,206,957.00","-24,778,297.00",96.30,"1,734.20","3,801.78","11,728.53","3,284.29",3.44,2.94,195.23,"1,312.90",3.21,3.30
2022-07-14,9.83,"-6,482,353.00","28,310,583.00","-24,379,402.00",95.78,"1,704.50","3,790.38","11,768.39","3,281.74",3.43,2.96,194.37,"1,305.90",3.26,3.30
2022-07-15,9.88,"-6,745,143.00","28,290,464.00","-24,116,417.00",97.59,"1,702.40","3,863.16","11,983.62","3,228.06",3.46,2.93,193.90,"1,310.00",3.21,3.24
2022-07-16,9.88,"-7,007,933.00","28,270,345.00","-23,853,432.00",97.59,"1,702.40","3,863.16","11,983.62","3,228.06",3.50,2.93,193.90,"1,310.00",3.21,3.24
2022-07-17,9.88,"-7,270,723.00","28,250,226.00","-23,590,447.00",97.59,"1,702.40","3,863.16","11,983.62","3,228.06",3.52,2.93,193.90,"1,310.00",3.21,3.24
2022-07-18,10.04,"-7,470,587.00","27,828,445.00","-22,962,692.00",102.60,"1,709.20","3,830.85","11,877.50","3,278.10",3.40,2.99,195.89,"1,323.70",3.21,3.27
2022-07-19,10.02,"-7,614,523.00","27,919,908.00","-22,924,263.00",104.22,"1,710.00","3,936.69","12,249.42","3,279.43",3.43,3.03,195.43,"1,317.80",3.19,3.25
2022-07-20,10.08,"-7,674,020.00","27,984,061.00","-22,964,183.00",102.26,"1,699.50","3,959.90","12,439.68","3,304.72",3.51,3.03,194.96,"1,314.90",3.30,3.36
2022-07-21,10.19,"-7,787,243.00","27,654,422.00","-22,524,852.00",96.35,"1,712.70","3,998.95","12,619.41","3,272.00",3.44,2.88,193.70,"1,308.60",3.29,3.37
2022-07-22,10.04,"-8,090,704.00","27,906,729.00","-22,487,314.00",94.70,"1,727.10","3,961.63","12,396.47","3,269.97",3.51,2.75,193.90,"1,312.10",3.22,3.30
2022-07-23,10.04,"-8,394,165.00","28,159,036.00","-22,449,776.00",94.70,"1,727.10","3,961.63","12,396.47","3,269.97",3.56,2.75,193.90,"1,312.10",3.22,3.30
2022-07-24,10.04,"-8,697,626.00","28,411,343.00","-22,412,238.00",94.70,"1,727.10","3,961.63","12,396.47","3,269.97",3.56,2.75,193.90,"1,312.10",3.22,3.30
2022-07-25,10.03,"-8,504,692.00","28,130,958.00","-22,322,137.00",96.70,"1,719.00","3,966.84","12,328.41","3,250.39",3.58,2.81,194.28,"1,311.70",3.15,3.21
2022-07-26,10.08,"-8,458,604.00","28,082,243.00","-22,319,705.00",94.98,"1,717.70","3,921.05","12,086.90","3,277.44",3.75,2.80,194.19,"1,311.00",3.12,3.18
2022-07-27,10.06,"-8,513,753.00","28,294,082.00","-22,436,934.00",97.26,"1,719.10","4,023.61","12,601.47","3,275.76",3.79,2.79,193.69,"1,310.00",3.09,3.12
2022-07-28,10.23,"-8,573,906.00","27,965,966.00","-22,027,997.00",96.42,"1,750.30","4,072.43","12,717.87","3,282.58",3.86,2.67,194.24,"1,312.80",3.13,3.20
2022-07-29,10.35,"-8,425,963.00","27,472,727.00","-21,690,838.00",98.62,"1,762.90","4,130.29","12,947.97","3,253.24",3.87,2.66,193.26,"1,304.00",3.01,3.13
2022-07-30,10.39,"-8,278,020.00","26,979,488.00","-21,353,679.00",98.62,"1,762.90","4,130.29","12,947.97","3,253.24",3.87,2.66,193.26,"1,304.00",3.01,3.13
2022-07-31,10.39,"-8,130,077.00","26,486,249.00","-21,016,520.00",98.62,"1,762.90","4,130.29","12,947.97","3,253.24",3.95,2.66,193.26,"1,304.00",3.01,3.13
2022-08-01,10.35,"-8,305,749.00","26,527,475.00","-20,880,317.00",93.89,"1,769.00","4,118.63","12,940.78","3,259.96",3.97,2.59,192.55,"1,298.60",3.08,3.18
2022-08-02,10.31,"-8,901,582.00","26,819,653.00","-20,584,039.00",94.42,"1,771.10","4,091.19","12,901.60","3,186.27",4.06,2.75,193.00,"1,306.40",3.01,3.09
2022-08-03,10.32,"-9,048,081.00","26,488,793.00","-20,108,331.00",90.66,"1,758.00","4,155.17","13,253.26","3,163.67",4.12,2.71,193.59,"1,307.20",3.07,3.13
2022-08-04,10.37,"-9,274,542.00","26,501,061.00","-19,911,198.00",88.54,"1,788.50","4,151.94","13,311.04","3,189.04",4.20,2.69,193.94,"1,310.50",3.11,3.15
2022-08-05,10.43,"-9,230,707.00","26,085,627.00","-19,535,904.00",89.01,"1,772.90","4,145.19","13,207.69","3,227.03",4.25,2.83,194.05,"1,309.70",3.08,3.12
2022-08-06,10.43,"-9,186,872.00","25,670,193.00","-19,160,610.00",89.01,"1,772.90","4,145.19","13,207.69","3,227.03",4.35,2.83,194.05,"1,309.70",3.08,3.12
2022-08-07,10.43,"-9,143,037.00","25,254,759.00","-18,785,316.00",89.01,"1,772.90","4,145.19","13,207.69","3,227.03",4.29,2.83,194.05,"1,309.70",3.08,3.12
2022-08-08,10.45,"-9,439,193.00","25,337,880.00","-18,609,472.00",90.76,"1,786.80","4,140.06","13,159.16","3,236.93",4.13,2.75,192.15,"1,299.30",3.13,3.18
2022-08-09,10.49,"-9,301,994.00","25,161,059.00","-18,576,528.00",90.50,"1,794.00","4,122.47","13,008.17","3,247.43",4.19,2.78,193.29,"1,304.80",3.13,3.17
2022-08-10,10.39,"-9,505,158.00","25,422,999.00","-18,678,610.00",91.93,"1,795.60","4,210.24","13,378.32","3,230.02",4.27,2.79,193.27,"1,305.10",3.15,3.21
2022-08-11,10.58,"-9,043,992.00","24,821,643.00","-18,539,918.00",94.34,"1,789.70","4,207.27","13,291.99","3,281.67",4.24,2.89,194.70,"1,309.10",3.12,3.22
2022-08-12,10.58,"-8,841,309.00","24,597,390.00","-18,552,954.00",92.09,"1,798.60","4,280.15","13,565.87","3,276.89",4.11,2.84,193.11,"1,302.50",3.18,3.28
2022-08-13,10.58,"-8,638,626.00","24,373,137.00","-18,565,990.00",92.09,"1,798.60","4,280.15","13,565.87","3,276.89",4.10,2.84,193.11,"1,302.50",3.18,3.28
2022-08-14,10.58,"-8,435,943.00","24,148,884.00","-18,579,026.00",92.09,"1,798.60","4,280.15","13,565.87","3,276.89",4.15,2.84,193.11,"1,302.50",3.18,3.28
2022-08-15,10.58,"-8,233,260.00","23,924,631.00","-18,592,062.00",89.41,"1,781.40","4,297.14","13,667.18","3,276.09",4.26,2.79,193.11,"1,302.50",3.18,3.28
2022-08-16,10.83,"-8,250,677.00","23,870,359.00","-18,542,952.00",86.53,"1,773.20","4,305.20","13,635.21","3,277.88",4.31,2.81,192.38,"1,303.10",3.08,3.16
2022-08-17,10.78,"-8,450,444.00","24,025,064.00","-18,491,538.00",88.11,"1,760.30","4,274.04","13,470.86","3,292.53",4.31,2.90,192.92,"1,309.60",3.09,3.19
2022-08-18,10.74,"-8,894,456.00","24,159,551.00","-18,188,527.00",90.50,"1,755.30","4,283.74","13,505.99","3,277.54",4.31,2.89,193.16,"1,309.80",3.13,3.22
2022-08-19,10.68,"-9,518,768.00","24,430,254.00","-17,854,745.00",90.77,"1,747.60","4,228.48","13,242.90","3,258.08",4.30,2.98,194.12,"1,317.30",3.20,3.31
2022-08-20,10.68,"-10,143,080.00","24,700,957.00","-17,520,963.00",90.77,"1,747.60","4,228.48","13,242.90","3,258.08",4.47,2.98,194.12,"1,317.30",3.20,3.31
2022-08-21,10.68,"-10,767,392.00","24,971,660.00","-17,187,181.00",90.77,"1,747.60","4,228.48","13,242.90","3,258.08",4.50,2.98,194.12,"1,317.30",3.20,3.31
2022-08-22,10.55,"-11,004,908.00","25,102,685.00","-17,067,979.00",90.23,"1,734.00","4,137.99","12,890.54","3,277.79",4.48,3.02,194.62,"1,326.70",3.25,3.34
2022-08-23,10.43,"-11,135,791.00","25,241,408.00","-17,067,352.00",93.74,"1,746.80","4,128.73","12,881.79","3,276.22",4.45,3.06,195.40,"1,338.20",3.28,3.36
2022-08-24,10.48,"-11,276,885.00","25,237,579.00","-16,916,654.00",94.89,"1,747.80","4,140.77","12,917.86","3,215.20",4.43,3.11,196.31,"1,341.80",3.31,3.43
2022-08-25,10.61,"-11,156,950.00","25,058,004.00","-16,874,912.00",92.52,"1,757.70","4,199.12","13,143.58","3,246.25",4.56,3.03,195.55,"1,341.40",3.53,3.59
2022-08-26,10.64,"-10,680,156.00","24,804,111.00","-16,634,723.00",93.06,"1,736.10","4,057.66","12,605.17","3,236.22",4.61,3.03,195.19,"1,336.90",3.53,3.62
2022-08-27,10.64,"-10,203,362.00","24,550,218.00","-16,394,534.00",93.06,"1,736.10","4,057.66","12,605.17","3,236.22",4.48,3.03,195.19,"1,336.90",3.53,3.62
2022-08-28,10.63,"-9,726,568.00","24,296,325.00","-16,154,345.00",93.06,"1,736.10","4,057.66","12,605.17","3,236.22",4.47,3.03,195.19,"1,336.90",3.53,3.62
2022-08-29,10.39,"-10,283,204.00","24,895,698.00","-16,213,175.00",97.01,"1,736.60","4,030.61","12,484.32","3,240.73",4.51,3.11,193.91,"1,332.50",3.65,3.72
2022-08-30,10.50,"-10,418,622.00","25,051,774.00","-16,253,647.00",91.64,"1,723.20","3,986.16","12,342.70","3,227.22",4.47,3.11,195.09,"1,347.70",3.64,3.70
2022-08-31,10.62,"-10,647,369.00","25,096,358.00","-15,509,030.00",89.55,"1,712.80","3,955.00","12,272.03","3,202.14",4.42,3.20,194.95,"1,347.50",3.69,3.72
2022-09-01,10.39,"-11,534,432.00","26,244,486.00","-15,797,271.00",86.61,"1,696.60","3,966.85","12,274.63","3,184.98",4.28,3.26,195.21,"1,345.10",3.78,3.81
2022-09-02,10.36,"-11,676,955.00","26,539,145.00","-15,970,194.00",86.87,"1,709.80","3,924.26","12,098.44","3,186.48",4.41,3.20,195.66,"1,351.40",3.68,3.74
2022-09-03,10.36,"-11,819,478.00","26,833,804.00","-16,143,117.00",86.87,"1,709.80","3,924.26","12,098.44","3,186.48",4.44,3.20,195.66,"1,351.40",3.68,3.74
2022-09-04,10.35,"-11,962,001.00","27,128,463.00","-16,316,040.00",86.87,"1,709.80","3,924.26","12,098.44","3,186.48",4.49,3.20,195.66,"1,351.40",3.68,3.74
2022-09-05,10.33,"-11,828,232.00","27,062,143.00","-16,385,263.00",86.87,"1,709.80","3,924.26","12,098.44","3,199.91",4.55,3.22,196.59,"1,356.50",3.62,3.67
2022-09-06,10.35,"-11,841,472.00","27,147,363.00","-16,464,542.00",86.88,"1,700.40","3,908.19","12,011.31","3,243.45",4.61,3.35,197.53,"1,369.70",3.68,3.71
2022-09-07,10.22,"-12,067,795.00","27,833,256.00","-16,953,485.00",81.94,"1,715.30","3,979.87","12,259.39","3,246.29",4.72,3.27,197.04,"1,370.30",3.69,3.74
2022-09-08,10.26,"-11,833,580.00","27,973,887.00","-17,339,140.00",83.54,"1,708.00","4,006.18","12,321.19","3,235.59",4.66,3.32,198.86,"1,385.30",3.54,3.62
2022-09-09,10.25,"-11,599,365.00","28,114,518.00","-17,724,795.00",86.79,"1,716.20","4,067.36","12,588.29","3,262.05",4.68,3.32,198.86,"1,385.30",3.54,3.62
2022-09-10,10.25,"-11,365,150.00","28,255,149.00","-18,110,450.00",86.79,"1,716.20","4,067.36","12,588.29","3,262.05",4.73,3.32,198.86,"1,385.30",3.54,3.62
2022-09-11,10.25,"-11,130,935.00","28,395,780.00","-18,496,105.00",86.79,"1,716.20","4,067.36","12,588.29","3,262.05",4.66,3.32,198.86,"1,385.30",3.54,3.62
2022-09-12,10.25,"-10,896,720.00","28,536,411.00","-18,881,760.00",87.78,"1,728.10","4,110.41","12,739.72","3,262.05",4.58,3.36,198.86,"1,385.30",3.54,3.62
2022-09-13,10.54,"-10,181,206.00","27,433,370.00","-18,484,950.00",87.31,"1,705.00","3,932.69","12,033.62","3,263.80",4.33,3.41,199.41,"1,381.20",3.54,3.62
2022-09-14,10.40,"-10,420,770.00","27,823,158.00","-18,648,524.00",88.48,"1,696.50","3,946.01","12,134.40","3,237.54",4.41,3.40,198.51,"1,374.80",3.59,3.65
2022-09-15,10.38,"-10,564,522.00","28,172,414.00","-18,871,499.00",85.10,"1,665.40","3,901.35","11,927.49","3,199.92",4.40,3.45,199.90,"1,391.70",3.77,3.79
2022-09-16,10.32,"-10,972,678.00","28,616,879.00","-18,917,963.00",85.11,"1,671.70","3,873.33","11,861.38","3,126.40",4.34,3.46,199.33,"1,394.20",3.77,3.77
2022-09-17,10.32,"-11,380,834.00","29,061,344.00","-18,964,427.00",85.11,"1,671.70","3,873.33","11,861.38","3,126.40",4.37,3.46,199.33,"1,394.20",3.77,3.77
2022-09-18,10.32,"-11,788,990.00","29,505,809.00","-19,010,891.00",85.11,"1,671.70","3,873.33","11,861.38","3,126.40",4.46,3.46,199.33,"1,394.20",3.77,3.77
2022-09-19,10.23,"-11,830,084.00","29,533,352.00","-19,010,754.00",85.73,"1,666.20","3,899.89","11,953.27","3,115.60",4.53,3.49,199.74,"1,394.20",3.76,3.79
2022-09-20,10.30,"-11,546,761.00","29,308,360.00","-19,069,222.00",84.45,"1,659.70","3,855.93","11,851.54","3,122.41",4.52,3.57,198.40,"1,390.10",3.82,3.84
2022-09-21,10.20,"-11,613,990.00","29,637,472.00","-19,344,749.00",82.94,"1,664.60","3,789.93","11,637.79","3,117.18",4.56,3.53,197.93,"1,389.10",3.85,3.89
2022-09-22,10.15,"-11,895,414.00","29,950,191.00","-19,403,404.00",83.49,"1,670.80","3,757.99","11,501.65","3,108.91",4.52,3.71,197.70,"1,393.60",4.10,4.00
2022-09-23,9.98,"-12,146,422.00","30,381,486.00","-19,593,894.00",78.74,"1,645.30","3,693.23","11,311.24","3,088.37",4.47,3.69,198.92,"1,408.00",4.20,4.11
2022-09-24,9.98,"-12,397,430.00","30,812,781.00","-19,784,384.00",78.74,"1,645.30","3,693.23","11,311.24","3,088.37",4.44,3.69,198.92,"1,408.00",4.20,4.11
2022-09-25,9.98,"-12,648,438.00","31,244,076.00","-19,974,874.00",78.74,"1,645.30","3,693.23","11,311.24","3,088.37",4.47,3.69,198.92,"1,408.00",4.20,4.11
2022-09-26,9.72,"-12,371,519.00","31,001,670.00","-19,980,433.00",76.71,"1,623.30","3,655.04","11,254.11","3,051.23",4.46,3.93,197.58,"1,408.40",4.55,4.34
2022-09-27,9.77,"-12,114,184.00","30,970,928.00","-20,224,023.00",78.50,"1,626.70","3,647.29","11,271.75","3,093.86",4.44,3.95,200.41,"1,429.70",4.30,4.21
2022-09-28,9.57,"-12,294,975.00","31,295,128.00","-20,366,766.00",82.15,"1,660.40","3,719.04","11,493.83","3,045.07",4.48,3.74,198.83,"1,427.20",4.34,4.33
2022-09-29,9.60,"-12,297,201.00","31,070,736.00","-20,147,140.00",81.23,"1,658.50","3,640.47","11,164.78","3,041.20",4.33,3.78,199.50,"1,436.50",4.30,4.23
2022-09-30,9.58,"-12,188,540.00","30,788,553.00","-19,982,325.00",79.49,"1,662.40","3,585.62","10,971.22","3,024.39",4.24,3.83,201.38,"1,434.80",4.19,4.10
2022-10-01,9.57,"-12,079,879.00","30,506,370.00","-19,817,510.00",79.49,"1,662.40","3,585.62","10,971.22","3,024.39",4.28,3.83,201.38,"1,434.80",4.19,4.10
2022-10-02,9.57,"-11,971,218.00","30,224,187.00","-19,652,695.00",79.49,"1,662.40","3,585.62","10,971.22","3,024.39",4.31,3.83,201.38,"1,434.80",4.19,4.10
2022-10-03,9.58,"-11,862,557.00","29,942,004.00","-19,487,880.00",83.63,"1,692.90","3,678.43","11,229.73","3,024.39",4.40,3.64,201.38,"1,434.80",4.19,4.10
2022-10-04,9.87,"-11,879,881.00","29,738,172.00","-19,269,877.00",86.52,"1,721.10","3,790.93","11,582.54","3,024.39",3.40,3.64,201.25,"1,432.10",4.08,4.01
2022-10-05,9.93,"-12,430,825.00","30,190,618.00","-19,191,005.00",87.76,"1,711.40","3,783.28","11,573.18","3,024.39",3.39,3.76,201.12,"1,431.20",4.16,4.10
2022-10-06,10.04,"-12,504,800.00","30,005,426.00","-18,938,991.00",88.45,"1,711.70","3,744.52","11,485.50","3,024.39",3.38,3.83,199.42,"1,419.10",4.15,4.10
2022-10-07,10.02,"-12,658,590.00","30,051,144.00","-18,838,458.00",92.64,"1,700.50","3,639.66","11,039.47","3,024.39",3.38,3.89,197.33,"1,404.20",4.28,4.21
2022-10-08,10.02,"-12,812,380.00","30,096,862.00","-18,737,925.00",92.64,"1,700.50","3,639.66","11,039.47","3,024.39",3.38,3.89,197.33,"1,404.20",4.28,4.21
2022-10-09,10.03,"-12,966,170.00","30,142,580.00","-18,637,392.00",92.64,"1,700.50","3,639.66","11,039.47","3,024.39",3.38,3.89,197.33,"1,404.20",4.28,4.21
2022-10-10,10.03,"-13,119,960.00","30,188,298.00","-18,536,859.00",91.13,"1,667.30","3,612.39","10,926.97","2,974.15",3.43,3.96,197.33,"1,404.20",4.28,4.21
2022-10-11,9.96,"-13,429,663.00","30,296,420.00","-18,339,993.00",89.35,"1,678.70","3,588.84","10,791.35","2,979.79",3.44,3.95,197.12,"1,410.30",4.34,4.31
2022-10-12,10.06,"-13,534,554.00","30,150,412.00","-18,102,051.00",87.27,"1,670.30","3,577.03","10,785.61","3,025.51",3.62,3.90,200.06,"1,433.50",4.11,4.11
2022-10-13,9.89,"-13,833,902.00","30,222,314.00","-17,900,714.00",89.11,"1,670.00","3,669.91","11,033.58","3,016.36",3.70,3.95,199.36,"1,430.40",4.20,4.24
2022-10-14,10.13,"-13,470,768.00","29,599,809.00","-17,639,169.00",85.61,"1,641.70","3,583.07","10,692.06","3,071.99",3.72,4.02,199.01,"1,427.00",4.21,4.18
2022-10-15,10.14,"-13,107,634.00","28,977,304.00","-17,377,624.00",85.61,"1,641.70","3,583.07","10,692.06","3,071.99",3.72,4.02,199.01,"1,427.00",4.21,4.18
2022-10-16,10.13,"-12,744,500.00","28,354,799.00","-17,116,079.00",85.61,"1,641.70","3,583.07","10,692.06","3,071.99",3.72,4.02,199.01,"1,427.00",4.21,4.18
2022-10-17,10.18,"-13,061,340.00","28,409,053.00","-16,854,063.00",85.46,"1,657.00","3,677.95","11,062.53","3,084.94",3.78,4.01,198.71,"1,428.90",4.24,4.22
2022-10-18,10.34,"-12,906,185.00","28,180,770.00","-16,776,111.00",82.82,"1,649.00","3,719.98","11,147.74","3,080.96",3.93,4.01,199.63,"1,436.60",4.24,4.28
2022-10-19,10.31,"-12,988,254.00","28,089,350.00","-16,626,445.00",85.55,"1,627.50","3,695.16","11,103.38","3,044.38",4.00,4.14,197.94,"1,425.60",4.33,4.40
2022-10-20,10.25,"-13,397,542.00","28,489,164.00","-16,649,700.00",85.98,"1,630.80","3,665.78","11,046.71","3,035.05",4.00,4.23,196.52,"1,420.60",4.35,4.44
2022-10-21,10.25,"-13,388,533.00","28,419,402.00","-16,616,939.00",85.05,"1,651.00","3,752.75","11,310.33","3,038.93",3.99,4.22,198.39,"1,431.70",4.50,4.63
2022-10-22,10.25,"-13,379,524.00","28,349,640.00","-16,584,178.00",85.05,"1,651.00","3,752.75","11,310.33","3,038.93",3.99,4.22,198.39,"1,431.70",4.50,4.63
2022-10-23,10.25,"-13,370,515.00","28,279,878.00","-16,551,417.00",85.05,"1,651.00","3,752.75","11,310.33","3,038.93",3.99,4.22,198.39,"1,431.70",4.50,4.63
2022-10-24,10.37,"-13,048,832.00","27,797,527.00","-16,406,131.00",84.58,"1,648.70","3,797.34","11,430.26","2,977.56",4.02,4.25,198.32,"1,436.60",4.31,4.50
2022-10-25,10.47,"-12,983,124.00","27,663,401.00","-16,333,091.00",85.32,"1,652.80","3,859.11","11,669.99","2,976.28",4.07,4.10,197.80,"1,436.60",4.22,4.35
2022-10-26,10.65,"-13,090,955.00","27,166,370.00","-15,732,745.00",87.91,"1,664.00","3,830.60","11,405.90","2,999.50",4.03,4.01,197.61,"1,436.50",4.21,4.28
2022-10-27,10.91,"-12,576,433.00","26,262,683.00","-15,354,170.00",89.08,"1,660.70","3,807.30","11,191.63","2,982.90",4.05,3.93,199.11,"1,428.20",4.25,4.31
2022-10-28,10.77,"-12,324,467.00","26,194,692.00","-15,546,243.00",87.90,"1,639.60","3,901.06","11,546.21","2,915.93",4.08,4.01,196.17,"1,418.10",4.11,4.17
2022-10-29,10.77,"-12,072,501.00","26,126,701.00","-15,738,316.00",87.90,"1,639.60","3,901.06","11,546.21","2,915.93",4.08,4.01,196.17,"1,418.10",4.11,4.17
2022-10-30,10.77,"-11,820,535.00","26,058,710.00","-15,930,389.00",87.90,"1,639.60","3,901.06","11,546.21","2,915.93",4.08,4.01,196.17,"1,418.10",4.11,4.17
2022-10-31,10.96,"-11,848,334.00","25,852,883.00","-15,700,115.00",86.53,"1,635.90","3,871.98","11,405.57","2,893.48",4.09,4.05,195.70,"1,419.30",4.19,4.24
2022-11-01,11.16,"-11,654,020.00","25,129,443.00","-15,207,692.00",88.37,"1,645.00","3,856.10","11,288.95","2,969.20",4.15,4.05,194.74,"1,422.20",4.07,4.14
2022-11-02,11.18,"-11,992,395.00","24,947,593.00","-14,683,505.00",90.00,"1,645.70","3,759.69","10,906.34","3,003.37",4.14,4.10,195.36,"1,421.70",4.10,4.14
2022-11-03,11.14,"-12,576,482.00","25,335,126.00","-14,510,046.00",88.17,"1,627.30","3,719.89","10,690.60","2,997.81",4.14,4.15,194.51,"1,418.00",4.16,4.20
2022-11-04,11.23,"-12,475,000.00","25,189,324.00","-14,468,065.00",92.61,"1,672.50","3,770.55","10,857.03","3,070.80",4.12,4.16,194.77,"1,422.10",4.12,4.18
2022-11-05,11.24,"-12,373,518.00","25,043,522.00","-14,426,084.00",92.61,"1,672.50","3,770.55","10,857.03","3,070.80",4.12,4.16,194.77,"1,422.10",4.12,4.18
2022-11-06,11.24,"-12,272,036.00","24,897,720.00","-14,384,103.00",92.61,"1,672.50","3,770.55","10,857.03","3,070.80",4.12,4.16,194.77,"1,422.10",4.12,4.18
2022-11-07,11.37,"-11,995,246.00","24,492,705.00","-14,272,185.00",91.79,"1,676.50","3,806.80","10,977.00","3,077.82",4.09,4.22,197.97,"1,422.40",4.19,4.26
2022-11-08,11.55,"-11,559,098.00","23,768,936.00","-13,994,276.00",88.91,"1,712.10","3,828.11","11,059.50","3,064.49",4.20,4.13,194.55,"1,406.50",4.16,4.24
2022-11-09,11.68,"-11,212,524.00","22,992,617.00","-13,580,300.00",85.83,"1,710.10","3,748.57","10,797.55","3,048.17",4.20,4.10,191.37,"1,387.30",4.09,4.18
2022-11-10,11.57,"-11,381,224.00","23,231,389.00","-13,687,795.00",86.47,"1,750.30","3,956.37","11,605.96","3,036.13",4.20,3.81,188.94,"1,368.30",4.03,4.07
2022-11-11,11.98,"-10,389,655.00","21,558,044.00","-12,987,403.00",88.96,"1,766.00","3,992.93","11,817.01","3,087.29",4.20,3.81,190.64,"1,370.10",3.83,3.89
2022-11-12,11.98,"-9,398,086.00","19,884,699.00","-12,287,011.00",88.96,"1,766.00","3,992.93","11,817.01","3,087.29",4.20,3.81,190.64,"1,370.10",3.83,3.89
2022-11-13,11.98,"-8,406,517.00","18,211,354.00","-11,586,619.00",88.96,"1,766.00","3,992.93","11,817.01","3,087.29",4.20,3.81,190.64,"1,370.10",3.83,3.89
2022-11-14,11.94,"-8,577,808.00","18,230,907.00","-11,443,566.00",85.87,"1,773.60","3,957.25","11,700.94","3,083.40",4.18,3.86,187.68,"1,334.10",3.85,3.93
2022-11-15,11.97,"-8,657,806.00","18,556,798.00","-11,679,327.00",86.92,"1,773.80","3,991.73","11,871.15","3,134.08",4.24,3.78,186.64,"1,320.30",3.75,3.86
2022-11-16,11.98,"-8,888,247.00","18,734,947.00","-11,590,837.00",85.59,"1,773.00","3,958.79","11,699.09","3,119.98",4.23,3.69,187.72,"1,322.40",3.81,3.90
2022-11-17,11.91,"-9,008,632.00","19,223,036.00","-11,973,029.00",81.64,"1,760.80","3,946.56","11,676.86","3,115.43",4.23,3.77,187.00,"1,325.60",3.80,3.85
2022-11-18,11.93,"-9,086,162.00","19,072,324.00","-11,773,046.00",80.08,"1,751.90","3,965.34","11,677.02","3,097.24",4.25,3.83,187.02,"1,338.40",3.79,3.80
2022-11-19,11.93,"-9,163,692.00","18,921,612.00","-11,573,063.00",80.08,"1,751.90","3,965.34","11,677.02","3,097.24",4.25,3.83,187.02,"1,338.40",3.79,3.80
2022-11-20,11.93,"-9,241,222.00","18,770,900.00","-11,373,080.00",80.08,"1,751.90","3,965.34","11,677.02","3,097.24",4.25,3.83,187.02,"1,338.40",3.79,3.80
2022-11-21,11.82,"-9,161,396.00","18,837,087.00","-11,537,940.00",79.73,"1,737.40","3,949.94","11,553.45","3,085.04",4.22,3.84,188.21,"1,340.00",3.84,3.76
2022-11-22,11.72,"-9,164,657.00","18,812,714.00","-11,522,139.00",80.95,"1,738.30","4,003.58","11,724.84","3,088.94",4.31,3.76,188.73,"1,352.30",3.84,3.77
2022-11-23,11.81,"-9,189,056.00","18,715,874.00","-11,431,813.00",77.94,"1,744.90","4,027.26","11,838.72","3,096.91",4.31,3.69,189.88,"1,355.70",3.85,3.77
2022-11-24,11.94,"-9,123,012.00","18,498,147.00","-11,305,651.00",77.94,"1,744.90","4,027.26","11,838.72","3,089.31",4.36,3.66,188.86,"1,352.30",3.69,3.62
2022-11-25,11.90,"-9,090,047.00","18,381,685.00","-10,992,245.00",76.28,"1,753.30","4,026.12","11,759.62","3,101.69",4.31,3.69,186.41,"1,333.20",3.64,3.62
2022-11-26,11.90,"-9,057,082.00","18,265,223.00","-10,678,839.00",76.28,"1,753.30","4,026.12","11,759.62","3,101.69",4.31,3.69,186.41,"1,333.20",3.64,3.62
2022-11-27,11.90,"-9,024,117.00","18,148,761.00","-10,365,433.00",76.28,"1,753.30","4,026.12","11,759.62","3,101.69",4.31,3.69,186.41,"1,333.20",3.64,3.62
2022-11-28,11.77,"-9,290,233.00","18,502,016.00","-10,487,902.00",77.24,"1,740.10","3,963.94","11,587.75","3,078.55",4.40,3.68,185.17,"1,326.80",3.67,3.61
2022-11-29,11.83,"-8,973,076.00","18,111,176.00","-10,427,895.00",78.20,"1,740.10","3,957.63","11,503.45","3,149.75",4.38,3.75,185.76,"1,339.00",3.72,3.67
2022-11-30,12.05,"-9,470,307.00","17,501,327.00","-9,299,396.00",78.20,"1,740.10","4,080.11","12,030.06","3,151.34",4.36,3.61,185.98,"1,331.50",3.69,3.67
2022-12-01,12.03,"-9,242,697.00","17,222,078.00","-9,266,875.00",78.20,"1,740.10","4,076.57","12,041.89","3,165.47",4.32,3.51,186.13,"1,320.10",3.65,3.66
2022-12-02,11.80,"-9,751,887.00","18,131,751.00","-9,670,487.00",78.20,"1,740.10","4,071.70","11,994.26","3,156.14",4.32,3.49,184.66,"1,300.80",3.62,3.58
2022-12-03,11.80,"-10,261,077.00","19,041,424.00","-10,074,099.00",78.20,"1,740.10","4,071.70","11,994.26","3,156.14",4.32,3.49,184.66,"1,300.80",3.62,3.58
2022-12-04,11.80,"-10,770,267.00","19,951,097.00","-10,477,711.00",78.20,"1,740.10","4,071.70","11,994.26","3,156.14",4.32,3.49,184.66,"1,300.80",3.62,3.58
2022-12-05,11.73,"-10,785,171.00","20,253,445.00","-10,771,012.00",78.20,"1,740.10","3,998.84","11,786.80","3,211.81",4.40,3.59,185.26,"1,300.40",3.61,3.55
