Date,KOSPI 1M Chg,12M Fwd PE 1M Chg,CESI Global,CESI USD,US Bond Spread,Citi Macro Risk Index,USDKRW 1M Chg,VIX,VKOSPI,12M Fwd EPS 1M Chg,12M Fwd EPS 3M Chg,GDP OUTPUT GAP
2006-06-04,-9.1588,-12.4355,40.9000,39.7000,19.0880,0.5640,0.8940,14.3200,21.7400,3.4968,5.3649,0.8150
2006-06-11,-14.4997,-14.6225,46.0000,46.4000,10.2530,0.5610,2.3208,18.1200,28.4000,0.2519,5.3894,0.8150
2006-06-18,-8.0231,-7.3348,46.9000,46.7000,24.5530,0.5400,1.0040,17.2500,24.3200,-0.7296,3.9557,0.8150
2006-06-25,-7.0938,-5.3207,45.0000,44.1000,31.5070,0.5430,1.1158,15.8900,26.1200,-1.8688,5.3806,0.8150
2006-07-02,-1.0611,-0.3451,49.0000,43.8000,16.8530,0.4850,0.0738,13.0800,22.7200,-0.5846,5.2465,0.4290
2006-07-09,3.0980,2.9789,43.2000,23.8000,17.2710,0.5080,-0.6915,13.9700,23.9400,-0.0543,8.9422,0.4290
2006-07-16,-0.5593,-2.2347,41.2000,16.6000,1.2430,0.5540,-0.1988,18.0500,26.8800,1.7172,9.5340,0.4290
2006-07-23,3.4763,1.9883,37.1000,14.1000,-3.2860,0.5390,-0.7479,17.4000,24.2900,1.4697,1.7857,0.4290
2006-07-30,0.1482,-0.3272,25.0000,-1.8000,-5.5790,0.4720,0.5481,14.3300,22.9100,0.5197,2.9556,0.4290
2006-08-06,2.4004,2.1020,20.3000,-8.7000,-14.0180,0.4830,1.7776,14.3400,22.1000,0.3058,3.8627,0.4290
2006-08-13,2.9455,4.7932,23.1000,-4.1000,-9.9630,0.4170,0.8387,14.3000,22.9800,-1.9583,-1.1506,0.4290
2006-08-20,4.7014,4.9982,19.7000,0.3000,-22.8370,0.3230,1.0222,11.6400,19.2300,-0.2856,-0.0136,0.4290
2006-08-27,2.4887,2.6214,13.9000,-1.3000,-28.7140,0.4380,0.8439,12.3100,19.2200,-0.1633,-0.6297,0.4290
2006-09-03,3.9984,3.5115,3.7000,-5.5000,-28.0080,0.4700,-0.4353,11.9600,17.8500,0.4674,0.8226,0.4290
2006-09-10,4.8595,3.1847,4.5000,-4.9000,-15.4170,0.4290,-0.5718,13.1600,19.3100,1.8321,0.4075,0.4290
2006-09-17,2.2538,1.3736,-6.4000,-21.8000,-13.0260,0.3680,-0.2347,11.7600,16.6200,0.8729,1.6004,0.4290
2006-09-24,1.4315,-0.6353,-19.2000,-46.0000,-28.1780,0.5060,-1.5645,12.5900,18.2500,2.3576,3.6500,0.4290
2006-10-01,1.0865,-0.1059,-16.8000,-39.2000,-24.8930,0.4630,-1.4887,11.9800,16.7100,1.2272,2.6600,0.7620
2006-10-08,-0.2133,-1.8751,-13.8000,-49.0000,-22.6420,0.4370,-0.7476,11.5600,18.2400,1.8059,2.2763,0.7620
2006-10-15,-0.9184,-2.1758,-19.0000,-68.1000,-21.6850,0.3380,-0.2300,10.7500,18.9600,1.2507,1.1344,0.7620
2006-10-22,1.1762,0.7737,-15.0000,-49.3000,-27.3090,0.2150,1.1036,10.6300,17.7700,0.7056,2.8696,0.7620
2006-10-29,-0.1692,-0.8463,-9.4000,-44.9000,-41.3070,0.2080,0.1162,10.8000,17.2500,0.6394,2.7823,0.7620
2006-11-05,2.3580,0.3866,-7.7000,-51.5000,-33.5230,0.2750,-1.2537,11.1600,15.7300,2.0064,4.0103,0.7620
2006-11-12,3.4947,1.1598,-9.3000,-46.5000,-47.4270,0.2710,-2.1066,10.7900,14.4300,2.2635,5.4894,0.7620
2006-11-19,3.5170,1.6753,-11.2000,-55.3000,-46.1940,0.1950,-1.9324,10.0500,14.2900,1.2692,4.4735,0.7620
2006-11-26,3.8449,1.6221,-4.3000,-50.7000,-46.2350,0.2970,-1.6098,10.7300,14.2800,2.2106,5.2262,0.7620
2006-12-03,3.6477,3.0314,-4.7000,-60.3000,-57.2590,0.3820,-0.9335,11.6600,14.4400,0.4429,3.9849,0.7620
2006-12-10,-0.3797,-0.8645,-6.3000,-44.1000,-40.2580,0.3300,-1.4667,12.0700,18.2300,0.5615,4.1731,0.7620
2006-12-17,0.6833,2.3584,11.8000,3.1000,-31.9160,0.1810,-1.6776,10.0500,15.1000,-1.6841,1.8253,0.7620
2006-12-24,1.1085,3.9400,14.2000,3.8000,-31.4310,0.2140,-0.4023,11.3600,14.6500,-2.7391,-0.0133,0.7620
2006-12-31,0.0070,1.9045,18.3000,22.0000,-28.4150,0.1880,0.1238,11.5600,15.4000,-0.8754,1.8251,0.7620
2007-01-07,-0.3359,0.3807,23.2000,40.0000,-37.3170,0.2040,1.4994,12.1400,17.2500,-0.7272,1.5812,0.5480
2007-01-14,-2.3561,-3.7995,31.5000,59.1000,-29.2930,0.0740,1.8362,10.1500,16.5400,1.4872,2.0632,0.5480
2007-01-21,-5.3517,-6.2147,35.5000,61.6000,-31.8620,0.0640,0.8564,10.4000,17.4800,0.8522,0.1322,0.5480
2007-01-28,-4.4010,-5.3612,30.1000,66.1000,-23.3980,0.1030,1.1724,11.1300,17.2300,0.0065,1.1847,0.5480
2007-02-04,1.9758,3.0540,24.3000,58.5000,-28.9970,0.0820,0.3265,10.0800,16.3900,-1.0334,-1.4459,0.5480
2007-02-11,2.8314,1.2366,24.2000,60.7000,-34.6230,0.1330,-0.5798,11.1000,16.0500,1.5766,1.3776,0.5480
2007-02-18,6.4863,3.9327,15.8000,32.4000,-46.7850,0.1070,0.0214,10.0200,16.0800,2.6604,1.5078,0.5480
2007-02-25,7.1865,5.2127,17.4000,34.2000,-49.9780,0.1140,-0.2711,10.5800,17.1200,2.5510,1.5217,0.5480
2007-03-04,0.0941,-3.8964,14.4000,28.2000,-59.8750,0.5520,0.6242,18.6100,20.0600,4.0048,2.0490,0.5480
2007-03-11,-0.2872,-2.2984,13.7000,14.4000,-47.1850,0.3990,1.2037,14.0900,18.7000,2.1124,2.9412,0.5480
2007-03-18,-1.4446,-3.1231,16.4000,4.8000,-47.7250,0.4710,0.8809,16.7900,20.2900,1.6140,4.9130,0.5480
2007-03-25,-1.5307,-2.5577,16.4000,3.5000,-41.3420,0.3430,-0.0693,12.9500,19.2800,0.3636,4.7603,0.5480
2007-04-01,2.6922,4.3059,19.6000,4.8000,-38.3510,0.3650,-0.2386,14.6400,19.6400,-1.3280,1.5830,0.6790
2007-04-08,4.2548,5.6326,20.6000,-0.8000,-28.4400,0.3400,-1.4854,13.2300,18.6300,-1.2804,2.3676,0.6790
2007-04-15,6.5061,9.0445,11.4000,-1.6000,-23.8710,0.2910,-1.6459,12.2000,18.0000,-2.2529,1.0467,0.6790
2007-04-22,5.9210,6.8685,25.0000,-17.5000,-29.4870,0.2770,-1.0614,12.0700,17.6700,-0.8770,2.9641,0.6790
2007-04-29,6.1939,4.7429,27.6000,-26.9000,-21.9000,0.2590,-1.2383,12.4500,18.7800,1.2815,2.8781,0.6790
2007-05-06,5.6322,5.0195,34.7000,-7.1000,-20.8020,0.2860,-0.4486,12.9100,17.3400,0.7156,4.1766,0.6790
2007-05-13,5.4433,2.7982,31.4000,-28.3000,-10.8420,0.2870,-0.2604,12.9500,17.4300,1.1071,0.5796,0.6790
2007-05-20,5.1641,5.6646,34.7000,-13.3000,1.0610,0.2580,0.7116,12.7600,17.1200,-0.4873,-0.1929,0.6790
2007-05-27,6.6151,7.1407,28.9000,-8.6000,4.5890,0.2600,-0.1022,13.3400,17.9600,-0.7948,-0.4784,0.6790
2007-06-03,9.4722,10.5749,31.8000,6.6000,19.7580,0.2590,0.0733,12.7800,20.1400,-1.1355,-0.9722,0.6790
2007-06-10,7.7153,8.5183,29.3000,35.1000,38.2440,0.3640,0.4553,14.8400,21.1600,0.6275,-0.8830,0.6790
2007-06-17,9.9246,7.9855,31.0000,43.8000,61.1420,0.3230,-0.5728,13.9400,19.2500,1.8749,0.0633,0.6790
2007-06-24,7.6872,6.8845,18.1000,48.8000,53.4240,0.3950,-0.0108,15.7500,21.8400,1.0895,0.2415,0.6790
2007-07-01,1.5942,-0.8460,14.0000,40.5000,22.4180,0.5320,-0.4740,16.2300,19.9500,2.3099,2.6789,0.7710
2007-07-08,7.7422,7.1634,19.3000,48.6000,28.5630,0.4420,-1.2299,14.7200,20.5100,0.5600,0.9647,0.7710
2007-07-15,10.7586,9.4683,18.4000,42.8000,18.5680,0.5650,-1.2760,15.1500,27.8000,0.9107,3.3018,0.7710
2007-07-22,12.0024,10.9521,22.1000,62.9000,2.3840,0.6530,-1.4169,16.9500,22.7600,0.9827,2.1222,0.7710
2007-07-29,8.0076,8.8057,24.3000,63.4000,-8.2540,0.8900,-0.2327,24.1700,26.7800,-0.3951,0.9791,0.7710
2007-08-05,0.8485,-1.9362,21.3000,51.5000,-10.0500,0.8930,0.3567,25.1600,29.5300,3.0437,3.2987,0.7710
2007-08-12,-6.8489,-9.2475,23.2000,56.4000,29.0600,0.9040,1.6415,28.3000,37.3500,2.9769,5.2123,0.7710
2007-08-19,-17.4168,-20.3115,27.8000,73.2000,99.3790,0.9450,3.8855,29.9900,46.6900,3.8737,6.5975,0.7710
2007-08-26,-4.8794,-12.7392,28.0000,70.8000,39.5670,0.8650,2.1622,20.7200,33.3100,8.8906,10.8377,0.7710
2007-09-02,-0.1897,-6.1567,31.6000,59.1000,47.4700,0.9170,1.6764,23.3800,32.3300,6.1778,10.9400,0.7710
2007-09-09,3.0851,-2.8771,22.9000,34.8000,36.1230,0.9320,0.6492,26.2300,31.8400,6.0556,10.8877,0.7710
2007-09-16,14.1600,8.9766,17.6000,15.5000,45.2570,0.9160,-2.3356,24.9200,32.0100,4.4727,9.3157,0.7710
2007-09-23,7.1416,6.3859,11.6000,-2.7000,93.8200,0.8290,-2.1908,19.0000,25.7600,-0.2313,9.3895,0.7710
2007-09-30,3.9098,3.8650,6.1000,-14.0000,83.9560,0.8290,-2.4534,18.0000,25.7800,-0.0347,8.3976,0.7710
2007-10-07,5.8958,5.9052,-0.3000,-17.4000,66.9410,0.7810,-2.2709,16.9100,30.2000,-0.0803,10.1816,0.8760
2007-10-14,8.3646,10.5873,1.4000,-12.8000,53.3470,0.6590,-1.0772,17.7300,27.0000,-2.0827,6.0730,0.8760
2007-10-21,2.6489,4.2688,-6.7000,-42.2000,58.1490,0.8400,-0.5646,22.9600,29.6400,-0.8288,7.4272,0.8760
2007-10-28,4.1912,3.7461,-7.6000,-46.2000,46.3350,0.8530,-0.5769,19.5600,32.6500,0.4339,9.2998,0.8760
2007-11-04,1.1678,4.2218,-1.6000,-29.6000,71.4120,0.8750,-1.0418,23.0100,34.7700,-2.8084,3.9241,0.8760
2007-11-11,-1.7750,-1.2943,-9.4000,-25.2000,97.1140,0.9680,-1.2578,28.5000,34.5400,-0.6086,2.3796,0.8760
2007-11-18,-2.2283,-1.8269,-19.7000,-42.0000,75.2920,0.9700,0.1692,25.4900,34.7800,-0.3331,3.0765,0.8760
2007-11-25,-12.5825,-12.1392,-19.5000,-39.7000,81.4370,0.9780,2.2692,25.6100,37.7600,-0.5473,-0.1735,0.8760
2007-12-02,-5.6127,-7.9544,-9.9000,-39.9000,82.2970,0.9040,1.5511,22.8700,32.7600,2.3696,0.1966,0.8760
2007-12-09,-2.8209,-5.6571,1.3000,-29.4000,103.5180,0.8950,1.3752,20.8500,31.3200,3.2339,-0.3443,0.8760
2007-12-16,-1.6172,-0.8243,15.5000,6.4000,138.9500,0.8630,1.3734,23.2700,30.0700,-0.6567,-1.9844,0.8760
2007-12-23,5.9474,7.9750,18.0000,17.1000,122.4930,0.8360,1.0853,18.4700,26.8400,-1.8362,-1.7793,0.8760
2007-12-30,-0.4654,0.8671,20.4000,27.3000,95.5010,0.8370,1.6240,20.7400,25.1300,-1.2468,-1.0183,0.8760
2008-01-06,-3.6406,-4.5724,14.4000,7.8000,71.2980,0.8800,2.0920,23.9400,24.9700,0.2937,0.0287,-0.0320
2008-01-13,-5.9513,-9.9981,12.3000,-4.4000,67.1150,0.8360,0.8172,23.6800,26.5000,4.3088,4.4136,-0.0320
2008-01-20,-7.6451,-8.8699,9.6000,-3.8000,79.6330,0.8960,0.2126,27.1800,27.4000,1.3277,0.3565,-0.0320
2008-01-27,-10.7910,-9.4307,14.6000,-5.1000,133.0790,0.8640,1.1024,29.0800,28.2500,-1.2743,-2.7018,-0.0320
2008-02-03,-12.3059,-6.8428,7.0000,-17.6000,157.8430,0.8520,0.6127,24.0200,29.7100,-5.1157,-2.3459,-0.0320
2008-02-10,-4.8085,1.4011,4.0000,-40.8000,144.4250,0.9020,0.5919,28.0100,28.4000,-6.0378,-1.2900,-0.0320
2008-02-17,-2.3030,1.1535,9.5000,-39.4000,156.9150,0.8950,0.2599,25.0200,30.4400,-3.2611,-2.5918,-0.0320
2008-02-24,-0.3522,2.1878,5.2000,-42.6000,160.6190,0.8740,0.2219,24.0600,31.2600,-3.0314,-5.1321,-0.0320
2008-03-02,4.7163,5.0808,1.0000,-64.6000,167.6300,0.9200,-0.5507,26.5400,29.2100,-0.8169,-5.3856,-0.0320
2008-03-09,-1.9215,-0.7622,0.5000,-69.5000,209.3720,0.9710,1.5321,27.4900,30.9900,-1.2225,-5.5511,-0.0320
2008-03-16,-5.5766,-6.0028,0.5000,-87.5000,222.3300,0.9630,5.5174,31.1600,32.6000,0.0241,-1.9242,-0.0320
2008-03-23,-2.4169,-5.1874,3.9000,-88.9000,277.4650,0.8440,5.7562,26.6200,27.6500,3.0407,-0.4190,-0.0320
2008-03-30,-0.5720,-3.5671,9.0000,-98.5000,208.7570,0.8770,5.7476,25.7100,26.2000,3.0138,-1.3035,-0.0320
2008-04-06,6.1612,2.5376,8.7000,-83.8000,210.0830,0.7520,1.6865,22.4500,27.5100,2.6460,-3.3358,0.0620
2008-04-13,11.2138,9.3170,8.8000,-98.2000,228.3510,0.7820,-2.1758,23.4600,25.1900,1.1736,-4.8721,0.0620
2008-04-20,7.6691,9.2244,15.8000,-88.0000,238.3550,0.7200,-0.2562,20.1300,24.0600,-1.7895,-3.4824,0.0620
2008-04-27,7.2187,9.6647,5.4000,-85.5000,253.5040,0.6600,0.2890,19.5900,22.6100,-2.2268,-2.2558,0.0620
2008-05-04,4.6295,9.2115,6.6000,-58.2000,239.4990,0.5590,3.6765,18.1800,21.7900,-3.6291,-1.8214,0.0620
2008-05-11,2.4718,6.4842,3.5000,-32.3000,209.8200,0.5840,7.0650,19.4100,21.4900,-3.0575,-1.8549,0.0620
2008-05-18,6.6020,9.2577,0.5000,-25.1000,203.8250,0.4810,4.0347,16.4700,20.8600,-1.8825,-2.1069,0.0620
2008-05-25,0.1787,1.2953,-2.0000,-17.0000,199.7830,0.5330,5.1826,19.5500,23.3800,-0.9934,-0.2015,0.0620
2008-06-01,0.2029,-1.2662,-4.8000,-9.7000,216.2620,0.4790,2.0306,17.8300,23.0600,2.1818,1.1470,0.0620
2008-06-08,0.4721,-1.1628,-7.9000,-5.3000,209.8720,0.6590,-2.0132,23.5600,23.1300,1.9636,1.3108,0.0620
2008-06-15,-7.4928,-9.5781,-3.1000,6.7000,232.7100,0.5760,0.0432,21.2200,24.1100,2.3060,0.1264,0.0620
2008-06-22,-5.3032,-7.1061,-2.4000,12.3000,242.3790,0.5850,-1.8445,22.8700,22.8100,2.3065,-0.9125,0.0620
2008-06-29,-9.0480,-10.4032,-9.6000,7.5000,227.1120,0.6920,1.1165,23.4400,24.7100,1.2003,-0.6337,0.0620
2008-07-06,-13.8825,-14.5747,-12.2000,9.7000,224.7730,0.7260,2.6183,24.7800,25.0900,0.6981,-0.6118,-0.9140
2008-07-13,-10.2922,-9.4003,-14.6000,27.3000,243.8000,0.7110,-3.7162,27.4900,24.6700,-1.0819,-2.1058,-0.9140
2008-07-20,-12.7678,-12.3659,-14.1000,30.9000,266.2990,0.6470,-1.3889,24.0500,27.0900,-0.3349,0.5551,-0.9140
2008-07-27,-5.1364,-4.7474,-22.4000,35.1000,239.5290,0.5310,-3.1011,22.9100,25.2900,0.0417,1.6718,-0.9140
2008-08-03,-0.2643,-0.9824,-22.6000,26.8000,230.7650,0.5520,-3.4131,22.5700,24.6200,1.0040,4.1664,-0.9140
2008-08-10,0.0772,-1.5976,-25.3000,22.2000,229.2040,0.5860,2.4933,20.6600,24.7300,0.9054,1.8961,-0.9140
2008-08-17,4.1192,5.4400,-14.2000,46.5000,203.9820,0.5910,2.6631,19.5800,23.2100,-0.2820,2.1953,-0.9140
2008-08-24,-6.3219,-5.3879,-11.7000,45.8000,222.6170,0.5920,5.2811,18.8100,24.3900,-1.4179,1.2359,-0.9140
2008-08-31,-6.3243,-3.6723,-8.0000,72.5000,214.5590,0.5940,7.3386,20.6500,25.6600,-3.3252,-1.4476,-0.9140
2008-09-07,-10.4761,-7.1198,-10.2000,66.2000,193.5670,0.7650,8.7817,23.0600,26.2500,-2.9026,-2.9668,-0.9140
2008-09-14,-5.9961,-4.4140,-12.2000,46.0000,225.5190,0.7100,6.5331,25.6600,28.3600,-3.2734,-3.3780,-0.9140
2008-09-21,-2.7477,0.8934,-7.1000,33.6000,273.6110,0.8820,7.2326,32.0700,35.5800,-3.7167,-4.7243,-0.9140
2008-09-28,0.1418,1.5982,-16.5000,16.1000,339.3990,0.8790,6.6440,34.7400,34.1100,-0.9670,-3.5582,-0.9140
2008-10-05,1.0873,1.2458,-21.4000,1.2000,322.0250,0.8980,10.0273,45.1400,36.0800,-0.6512,-4.2670,-3.4860
2008-10-12,-15.9988,-17.1114,-20.6000,-6.9000,363.9360,0.8380,17.9240,69.9500,62.7300,2.6003,0.2188,-3.4860
2008-10-19,-18.8978,-11.9379,-30.5000,-38.8000,314.9750,0.8190,17.0704,70.3300,72.3300,-8.1346,-12.1805,-3.4860
2008-10-26,-36.4133,-27.3984,-34.2000,-43.5000,287.2380,0.8320,22.4059,79.1300,77.1200,-16.0991,-19.1183,-3.4860
2008-11-02,-21.5962,0.9989,-43.1000,-71.4000,361.6310,0.7990,4.9144,59.8900,81.2700,-22.4359,-26.4836,-3.4860
2008-11-09,-8.6172,21.6716,-56.5000,-96.2000,351.2980,0.7970,1.6136,56.1000,69.5000,-25.7382,-26.2435,-3.4860
2008-11-16,-7.8269,11.5936,-64.4000,-120.0000,353.5160,0.8150,4.9516,66.3100,73.1200,-18.0650,-27.8416,-3.4860
2008-11-23,6.9220,24.1766,-62.2000,-114.0000,316.3520,0.8180,5.1882,72.6700,74.0300,-10.7248,-26.7541,-3.4860
2008-11-30,-3.3233,0.0865,-74.2000,-117.6000,289.7250,0.7960,13.8125,55.2800,57.7900,-2.3581,-25.7482,-3.4860
2008-12-07,-9.3751,-6.4891,-90.0000,-140.6000,269.0160,0.7980,11.0559,59.9300,56.7000,-4.0823,-27.1397,-3.4860
2008-12-14,1.4298,6.6480,-92.9000,-130.0000,255.7440,0.7760,-1.9715,54.2800,64.7900,-5.5871,-29.5677,-3.4860
2008-12-21,17.6581,31.3538,-99.5000,-127.8000,211.4560,0.7700,-13.7703,44.9300,54.8100,-10.6353,-32.0173,-3.4860
2008-12-28,3.8836,16.0195,-95.3000,-118.4000,211.9060,0.7560,-11.5234,43.3800,48.8500,-10.7979,-33.1191,-3.4860
2009-01-04,12.5733,23.0408,-97.8000,-117.3000,233.5870,0.7440,-10.4025,39.1900,47.8800,-6.6309,-31.5251,-4.9790
2009-01-11,6.9885,15.0238,-98.3000,-100.5000,233.2560,0.7100,-2.1569,42.8200,44.5000,-6.8274,-36.0395,-4.9790
2009-01-18,-3.8756,2.0027,-94.6000,-85.7000,221.3100,0.7130,5.3399,46.1100,48.7100,-4.4594,-29.2976,-4.9790
2009-01-25,-2.1881,5.5091,-86.5000,-76.3000,252.8080,0.7110,7.0181,47.2700,53.0500,-8.7415,-27.2540,-4.9790
2009-02-01,0.4069,16.4135,-73.8000,-39.2000,265.9800,0.6890,4.3491,44.8400,48.2100,-13.5108,-23.6459,-4.9790
2009-02-08,2.4810,15.7104,-74.9000,-40.0000,270.6030,0.6460,3.0385,43.3700,45.0700,-9.7071,-22.2322,-4.9790
2009-02-15,5.0423,12.5977,-71.7000,-26.0000,260.7600,0.6420,3.3979,42.9300,43.7400,-7.4314,-20.1217,-4.9790
2009-02-22,-2.5105,4.3793,-65.5000,-29.3000,255.3360,0.6650,8.3001,49.3000,49.9400,-4.8603,-22.4752,-4.9790
2009-03-01,-8.5259,-5.0210,-80.7000,-54.0000,278.5810,0.6510,11.2170,46.3500,47.3600,-4.3006,-25.1649,-4.9790
2009-03-08,-12.8262,-6.9399,-71.3000,-47.9000,266.7910,0.6750,12.0632,49.3300,45.7300,-6.5722,-24.2509,-4.9790
2009-03-15,-5.5693,3.1798,-79.2000,-20.7000,271.4550,0.6030,5.6040,42.3600,39.8300,-8.1324,-22.2752,-4.9790
2009-03-22,9.8494,12.4207,-70.1000,-23.3000,242.8280,0.6230,-6.2332,45.8900,41.1100,-2.2350,-15.1879,-4.9790
2009-03-29,16.4135,13.3847,-62.4000,-7.0000,263.8550,0.5260,-12.1335,41.0400,35.9000,1.2887,-15.0249,-4.9790
2009-04-05,21.6790,18.0773,-62.3000,-14.6000,272.4890,0.4870,-13.5154,39.7000,38.7600,3.0565,-16.3916,-5.4790
2009-04-12,18.6505,12.0367,-50.2000,17.7000,276.2360,0.4630,-10.1379,36.5300,35.3900,5.7045,-11.8210,-5.4790
2009-04-19,13.4986,12.5861,-37.6000,24.8000,281.5140,0.4380,-5.7143,33.9400,35.4900,0.7076,-10.6011,-5.4790
2009-04-26,9.4213,8.0147,-23.5000,23.8000,289.0080,0.4340,-0.3805,36.8200,33.1900,2.5337,-4.5261,-5.4790
2009-05-03,6.6687,1.8815,-14.9000,18.3000,300.7080,0.3930,-4.3180,35.3000,34.5700,4.8086,1.3176,-5.4790
2009-05-10,5.6952,2.1962,5.5000,37.0000,311.0960,0.3570,-6.4381,32.0500,33.5900,3.4831,1.0604,-5.4790
2009-05-17,4.7201,-0.7659,8.9000,42.7000,297.4710,0.3740,-5.5987,33.1200,29.4800,5.7399,2.1192,-5.4790
2009-05-24,3.6666,-2.4905,17.2000,45.5000,327.2870,0.3720,-7.1010,32.6300,31.6300,6.3633,6.7369,-5.4790
2009-05-31,1.9374,-1.6592,33.8000,59.9000,332.6410,0.3630,-2.1629,28.9200,33.4200,3.9950,10.1002,-5.4790
2009-06-07,-1.2336,-5.5042,38.2000,64.8000,364.7340,0.4040,-0.3007,29.6200,32.9500,4.4878,13.0239,-5.4790
2009-06-14,2.6485,-1.2490,42.9000,61.9000,362.3150,0.3630,-0.2363,28.1500,29.7800,3.7109,15.2841,-5.4790
2009-06-21,-1.4540,-4.4901,49.0000,54.5000,360.9330,0.3640,1.6607,27.9900,30.8200,3.3603,12.8456,-5.4790
2009-06-28,-0.0974,-2.8340,51.2000,51.9000,336.0690,0.3600,2.3103,25.9300,28.2600,2.4510,11.3636,-5.4790
2009-07-05,1.8161,0.1482,43.9000,35.8000,334.2190,0.3320,1.8300,27.9500,25.2600,4.9712,15.1238,-5.4560
2009-07-12,0.0021,-5.4198,47.6000,37.9000,313.2050,0.3360,2.2703,29.0200,24.3900,6.5057,16.1578,-5.4560
2009-07-19,4.1031,-2.4480,36.3000,35.4000,347.7880,0.3080,-0.7174,24.3400,24.9500,7.3895,20.3329,-5.4560
2009-07-26,7.7488,-5.6897,35.7000,32.6000,347.7220,0.2600,-2.7020,23.0900,24.6600,15.5258,25.4746,-5.4560
2009-08-02,9.6652,-6.5381,34.9000,30.9000,330.0940,0.2940,-2.9599,25.9200,25.6200,13.5726,24.7503,-5.4560
2009-08-09,10.3162,-2.3329,39.9000,55.5000,367.6730,0.2720,-4.4912,24.7600,24.7600,12.1425,25.8778,-5.4560
2009-08-16,10.5069,-1.3504,41.9000,40.9000,339.9260,0.2500,-1.6017,24.2700,24.5300,11.0852,26.4159,-5.4560
2009-08-23,5.2170,-0.9804,47.5000,49.8000,340.5510,0.2700,0.0240,25.0100,25.2000,5.0968,23.9805,-5.4560
2009-08-30,3.2524,-3.8248,54.5000,66.6000,330.5460,0.2430,1.2878,24.7600,23.0900,7.8225,29.3417,-5.4560
2009-09-06,2.0876,-4.3101,53.7000,58.1000,330.8820,0.2030,1.3307,25.2600,23.3200,7.2213,29.1708,-5.4560
2009-09-13,3.7885,-4.1182,42.5000,44.7000,320.8850,0.1810,-1.4026,24.1500,22.0900,8.4587,32.2031,-5.4560
2009-09-20,7.5099,-1.3761,44.3000,52.7000,338.0900,0.1610,-3.3644,23.9200,22.0400,8.7904,30.4939,-5.4560
2009-09-27,5.1955,-0.5666,37.6000,50.4000,321.8790,0.1660,-4.6815,25.6100,22.5400,5.4065,33.0729,-5.4560
2009-10-04,2.2208,-6.2934,32.0000,30.0000,312.7310,0.2110,-5.3899,28.6800,23.8200,9.3365,34.5425,-4.7550
2009-10-11,-0.2973,-7.8694,30.2000,33.2000,331.3120,0.1280,-4.6957,23.1200,21.9500,7.9854,34.0398,-4.7550
2009-10-18,-3.4918,-12.4310,30.4000,43.7000,335.1540,0.1650,-3.6264,21.4300,23.0600,10.3866,34.1358,-4.7550
2009-10-25,-3.0334,-12.4440,26.4000,37.0000,343.6070,0.1370,-0.4005,22.2700,22.0300,10.6325,27.4364,-4.7550
2009-11-01,-3.8878,-11.5126,25.1000,29.2000,333.4940,0.2740,0.6600,30.6900,25.4100,8.7223,28.7966,-4.7550
2009-11-08,-4.5136,-11.8216,12.4000,0.7000,345.2310,0.1430,0.2637,24.1900,23.6700,8.4099,29.5783,-4.7550
2009-11-15,-4.1680,-8.4336,6.1000,-17.0000,336.2810,0.1230,-0.3153,23.3600,22.4400,4.6276,26.3383,-4.7550
2009-11-22,-1.1932,-5.0022,5.0000,-23.1000,335.7360,0.1330,-1.8794,22.1900,20.6800,4.0260,26.1380,-4.7550
2009-11-29,-3.5548,-5.8672,9.4000,-24.7000,318.6680,0.2470,-0.5668,24.7400,22.8700,1.6188,21.3860,-4.7550
2009-12-06,3.3260,4.5183,21.8000,3.7000,343.0460,0.1350,-1.2437,21.2500,20.2800,-1.3056,19.2734,-4.7550
2009-12-13,5.4014,6.3761,20.5000,30.0000,352.6380,0.1090,0.3206,21.5900,20.9000,-0.5377,15.8589,-4.7550
2009-12-20,1.6315,1.6718,15.6000,17.2000,349.7100,0.1640,1.4624,21.6800,20.3300,0.0510,16.0050,-4.7550
2009-12-27,10.3536,10.0605,14.4000,6.3000,376.0310,0.1250,-0.0638,19.4700,19.0900,0.2676,15.4682,-4.7550
2010-01-03,3.5704,1.4280,16.9000,18.4000,377.6100,0.0920,0.9602,21.6800,20.3500,-1.1100,7.8775,-4.5900
2010-01-10,2.3152,-1.6498,13.2000,5.2000,378.7060,0.0200,-2.8607,18.1300,19.4500,3.5524,11.1027,-4.5900
2010-01-17,3.3248,1.6025,11.7000,-11.8000,361.9560,0.0450,-4.5000,17.9100,18.1900,1.5486,6.7171,-4.5900
2010-01-24,0.1195,-0.9751,15.9000,-2.0000,356.0390,0.1790,-2.0220,27.3100,20.9200,0.9151,5.3260,-4.5900
2010-01-31,-4.7743,-6.4983,25.7000,14.8000,351.2260,0.1570,-0.2019,24.6200,23.2900,5.8079,4.9858,-4.5900
2010-02-07,-7.5587,-11.5858,30.7000,45.3000,347.7100,0.2240,3.4225,26.1100,22.7100,4.5926,7.1906,-4.5900
2010-02-14,-6.3544,-11.0545,33.9000,42.1000,360.2400,0.1040,2.5216,22.7300,21.7400,5.2463,7.3481,-4.5900
2010-02-21,-5.3700,-10.8309,29.3000,37.6000,367.5120,0.0830,0.8385,20.0200,20.8000,6.1272,7.4535,-4.5900
2010-02-28,-0.4899,-5.5557,20.3000,23.7000,349.3900,0.0660,-0.1550,19.5000,20.5900,4.6380,8.1050,-4.5900
2010-03-07,4.3041,3.5961,20.4000,23.4000,353.3450,0.0480,-2.4926,17.4200,18.7600,0.6179,9.2798,-4.5900
2010-03-14,4.3347,2.5536,24.5000,36.1000,355.5410,0.0370,-2.0149,17.5800,17.7800,1.7173,9.7818,-4.5900
2010-03-21,5.7852,4.5304,26.1000,38.4000,354.2020,0.0300,-2.3869,16.9700,16.9300,1.2520,8.7433,-4.5900
2010-03-28,6.4682,6.1038,30.5000,36.3000,370.8780,0.0540,-1.8149,17.7700,17.2000,0.3595,8.2041,-4.5900
2010-04-04,5.4400,4.6495,30.8000,40.1000,378.4260,0.0430,-1.2672,17.4700,16.4700,0.9507,11.5570,-3.9870
2010-04-11,3.7125,2.2275,24.6000,42.2000,373.2280,0.0210,-0.8908,16.1400,16.9100,1.4303,7.5322,-3.9870
2010-04-18,2.8693,0.0131,22.1000,28.0000,360.8280,0.0590,-1.9924,18.3600,16.2400,2.8364,10.1224,-3.9870
2010-04-25,2.3155,-3.1034,31.4000,23.5000,365.6000,0.0710,-2.6300,16.6200,17.5400,5.6146,13.2431,-3.9870
2010-05-02,1.0485,-7.1090,31.3000,20.3000,349.5880,0.1730,-1.5588,22.0500,18.2700,10.5762,16.5844,-3.9870
2010-05-09,-4.4634,-14.5936,34.9000,11.5000,330.2620,0.5640,3.3359,40.9500,26.4500,11.8881,15.0327,-3.9870
2010-05-16,-2.2404,-11.8743,39.8000,14.3000,330.5180,0.4420,1.8645,31.2400,20.4700,11.3346,16.4928,-3.9870
2010-05-23,-7.8784,-14.5220,42.2000,19.4000,308.2480,0.6660,10.7905,40.1000,25.8800,6.4728,13.6118,-3.9870
2010-05-30,-6.8203,-9.2207,50.8000,21.7000,313.3820,0.5800,7.7867,32.0700,23.8900,1.0369,12.5722,-3.9870
2010-06-06,1.0094,1.7443,43.1000,8.2000,307.8320,0.7700,4.0114,35.4800,21.8000,-0.6973,13.5290,-3.9870
2010-06-13,-1.1966,-0.5403,46.9000,-14.2000,316.2440,0.6870,10.1837,28.7900,20.5200,-1.3666,12.9609,-3.9870
2010-06-20,6.9848,7.3400,38.5000,-15.8000,312.1960,0.5280,-2.1042,23.9500,19.4500,0.8409,13.1505,-3.9870
2010-06-27,6.5973,3.5923,35.2000,-24.3000,297.7740,0.6580,1.7236,28.5300,19.7000,2.6127,15.0995,-3.9870
2010-07-04,0.4621,-2.0654,35.1000,-19.9000,281.3450,0.7030,2.2425,30.1200,22.4700,2.4967,15.2676,-3.5810
2010-07-11,2.8454,1.4589,35.4000,-19.6000,290.3690,0.5220,-4.0326,24.9800,18.1300,1.7229,13.2867,-3.5810
2010-07-18,1.5479,-0.9054,21.9000,-33.5000,277.3190,0.5910,0.0615,26.2500,19.7300,2.4239,12.6966,-3.5810
2010-07-25,1.6314,0.3522,27.9000,-37.0000,284.6050,0.4290,-1.3200,23.4700,19.6200,1.3930,10.4988,-3.5810
2010-08-01,5.2344,4.9841,25.7000,-37.4000,276.1990,0.4090,-3.7436,23.5000,19.2600,-0.0051,4.2374,-3.5810
2010-08-08,3.5299,2.1904,21.4000,-32.9000,267.6350,0.3510,-2.8390,21.7400,17.5500,1.2601,2.5258,-3.5810
2010-08-15,0.4481,-0.0489,17.5000,-57.4000,252.1220,0.5170,-1.6362,26.2400,18.5900,0.5765,1.8068,-3.5810
2010-08-22,0.9943,-0.2020,12.4000,-59.0000,246.2330,0.4700,-1.3359,25.4900,18.2500,1.0870,4.9094,-3.5810
2010-08-29,-1.6921,-4.4634,9.9000,-59.6000,250.3460,0.4430,1.1845,24.4500,18.6500,3.1922,6.4611,-3.5810
2010-09-05,-0.2136,-2.8309,15.1000,-38.4000,256.9000,0.3460,1.1361,21.3100,16.8000,2.6601,5.9922,-3.5810
2010-09-12,3.2264,0.6750,21.2000,-16.9000,265.6650,0.3530,-1.5080,21.9900,15.8700,2.6797,5.9834,-3.5810
2010-09-19,2.9180,0.5903,21.1000,-13.7000,258.6870,0.3460,-1.8958,22.0100,15.3200,2.2751,6.4015,-3.5810
2010-09-26,6.7670,5.4500,20.7000,-8.7000,246.1750,0.4390,-3.4685,21.7100,16.4700,1.2590,5.0566,-3.5810
2010-10-03,5.4331,2.9099,25.1000,-6.4000,235.6350,0.4330,-3.8065,22.5000,16.3500,2.5274,6.0239,-3.4290
2010-10-10,5.2419,2.6990,28.2000,-2.8000,227.4060,0.4280,-3.9113,20.7100,16.2100,2.2230,6.5044,-3.4290
2010-10-17,4.1010,3.1342,26.4000,-3.3000,242.1510,0.2990,-4.2431,19.0300,16.4300,0.8080,4.7229,-3.4290
2010-10-24,2.7461,1.8067,22.7000,-4.7000,243.1190,0.3670,-2.7786,18.7800,17.0000,2.3265,6.0239,-3.4290
2010-10-31,0.3314,-0.4928,19.7000,1.7000,248.5500,0.3590,-0.4529,21.2000,18.6000,0.9047,6.9884,-3.4290
2010-11-07,2.2081,0.7960,20.3000,26.0000,241.2500,0.2710,-1.1542,18.2600,19.6100,1.5615,6.8215,-3.4290
2010-11-14,0.5693,-1.6470,18.6000,36.0000,265.9140,0.3170,1.4684,20.6100,20.6800,2.2260,6.4404,-3.4290
2010-11-21,2.3006,0.2759,21.6000,29.7000,273.8290,0.2240,0.9420,18.0400,18.4300,0.6360,5.5509,-3.4290
2010-11-28,1.0011,0.3164,19.8000,24.1000,271.0900,0.3860,3.0642,22.2200,22.4900,0.5930,4.2935,-3.4290
2010-12-05,0.9438,0.8607,14.7000,-9.6000,287.0420,0.2460,2.8384,18.0100,18.8400,0.1556,4.2155,-3.4290
2010-12-12,3.8168,3.8390,21.5000,1.7000,319.9250,0.2210,1.3930,17.6100,17.5000,0.2126,3.8829,-3.4290
2010-12-19,4.3968,3.7874,27.1000,17.7000,322.3340,0.2660,1.6600,16.1100,15.9900,0.5235,3.7432,-3.4290
2010-12-26,6.7199,5.9472,24.6000,12.5000,325.8300,0.2260,-0.7812,16.4700,18.1000,1.2072,4.2401,-3.4290
2011-01-02,4.7893,3.0323,23.0000,14.6000,317.0690,0.2760,-1.1196,17.7500,15.8300,-0.4426,1.1966,-4.0200
2011-01-09,5.0379,5.3812,31.9000,35.1000,318.5660,0.2250,-1.8636,17.1400,15.4100,-0.3064,1.3124,-4.0200
2011-01-16,4.0404,4.5518,27.0000,36.2000,317.4930,0.1930,-3.3101,15.4600,15.6400,-0.3613,2.5398,-4.0200
2011-01-23,1.9866,2.1120,33.5000,38.6000,325.0970,0.1840,-2.3047,18.4700,16.8700,-0.2656,1.5996,-4.0200
2011-01-30,2.7728,3.3887,27.7000,28.2000,317.8330,0.3220,-1.0817,20.0400,14.5000,1.5372,1.8310,-4.0200
2011-02-06,-0.6792,-1.5354,36.8000,64.1000,348.7540,0.2080,-1.6860,15.9300,16.2800,1.0780,0.8301,-4.0200
2011-02-13,-6.2130,-7.2040,31.2000,67.1000,351.4000,0.2300,1.2742,15.6900,19.4600,1.1584,1.4690,-4.0200
2011-02-20,-2.7431,-3.3157,33.0000,72.0000,348.7470,0.2520,-1.0693,16.4300,17.7600,0.3551,1.3159,-4.0200
2011-02-27,-6.8524,-6.7993,34.4000,70.2000,328.4520,0.3480,1.1312,19.2200,19.8300,-0.1630,1.0657,-4.0200
2011-03-06,-3.2504,-3.9076,38.2000,97.5000,337.6200,0.2970,1.0360,19.0600,16.2500,0.3695,1.0454,-4.0200
2011-03-13,-1.0950,-1.6860,24.1000,68.3000,333.0270,0.3620,-0.3810,20.0800,19.2300,0.3259,1.5837,-4.0200
2011-03-20,-1.5901,-1.2955,23.6000,63.3000,320.0660,0.4930,1.2993,24.4400,20.4200,-0.4050,0.3800,-4.0200
2011-03-27,4.6149,4.7930,24.4000,54.2000,335.5460,0.3110,-1.0760,17.9100,15.5600,-0.2800,-0.4193,-4.0200
2011-04-03,5.8029,6.1848,26.3000,51.5000,338.3200,0.3000,-2.1109,17.4000,16.3900,-0.0233,1.4710,-3.7430
2011-04-10,8.8175,7.7751,23.3000,34.1000,353.8510,0.2630,-3.6440,17.8700,18.1300,1.6750,3.6027,-3.7430
2011-04-17,8.0444,5.5651,23.7000,23.0000,334.6390,0.2710,-3.2647,15.3200,18.0400,1.6406,2.3969,-3.7430
2011-04-24,6.9999,4.7487,21.3000,11.6000,334.1840,0.2770,-3.0064,14.6900,16.8500,2.4050,2.2471,-3.7430
2011-05-01,3.3640,0.5716,11.2000,1.0000,324.7560,0.3090,-1.8009,14.7500,18.3600,3.6638,3.5962,-3.7430
2011-05-08,0.9154,-1.9954,-0.4000,-31.3000,314.0100,0.4630,-0.0074,18.4000,19.6200,2.7062,5.2715,-3.7430
2011-05-15,-0.9540,-3.5561,2.9000,-34.4000,314.6000,0.4210,-0.2890,17.0700,20.2400,3.4261,4.6923,-3.7430
2011-05-22,-3.9275,-7.1996,-3.2000,-49.1000,310.0430,0.4356,0.1804,17.4300,17.2900,3.1710,5.1161,-3.7430
2011-05-29,-4.2019,-6.5572,-10.8000,-57.2000,302.8830,0.4650,0.9986,15.9800,18.1300,1.2096,5.0205,-3.7430
2011-06-05,-1.5823,-2.3263,-28.6000,-117.2000,295.3770,0.5020,-0.2973,17.9500,18.7500,0.4488,5.3546,-3.7430
2011-06-12,-3.4626,-4.9763,-29.7000,-97.8000,292.6980,0.5450,-0.3607,18.8600,19.3600,1.4540,5.8695,-3.7430
2011-06-19,-3.7684,-4.6067,-36.1000,-101.9000,291.4880,0.6240,0.3002,21.8500,21.3200,0.6023,6.1793,-3.7430
2011-06-26,-0.4490,-0.8184,-37.9000,-97.9000,285.4350,0.7000,-0.3096,21.1000,18.9200,0.5020,5.8441,-3.7430
2011-07-03,0.5806,-0.3453,-34.9000,-85.2000,316.5460,0.3460,-1.2342,15.8700,17.6500,1.0926,6.5306,-4.1630
2011-07-10,6.5316,6.7319,-34.0000,-91.4000,300.2300,0.4570,-2.3718,15.9500,17.4100,0.8152,4.9742,-4.1630
2011-07-17,5.5745,3.9839,-34.1000,-99.9000,289.9090,0.7030,-2.5875,19.5300,20.5300,1.8753,6.4245,-4.1630
2011-07-24,3.8464,1.8645,-37.2000,-92.8000,293.0060,0.5110,-2.4980,17.5200,17.9000,2.0247,5.4510,-4.1630
2011-07-31,0.3514,-0.7209,-34.3000,-91.4000,270.2920,0.6750,-1.1812,25.2500,21.0000,0.9364,3.7277,-4.1630
2011-08-07,-10.8515,-12.3501,-27.5000,-76.1000,255.2170,0.9320,0.9810,32.0000,28.3100,0.7825,3.0081,-4.1630
2011-08-14,-16.4036,-16.0623,-28.2000,-79.1000,224.2970,0.9700,2.0323,36.3600,37.1500,-0.3846,2.5033,-4.1630
2011-08-21,-19.6363,-19.9836,-35.8000,-82.5000,206.1090,0.9720,3.3958,43.0500,41.9100,0.3206,2.5376,-4.1630
2011-08-28,-16.6069,-15.9069,-38.2000,-67.8000,219.3720,0.9410,2.6250,35.5900,38.3700,-0.8497,1.6172,-4.1630
2011-09-04,-3.9100,-2.5950,-35.2000,-57.7000,197.1410,0.9300,-0.4000,33.9200,30.6300,-1.3674,1.1457,-4.1630
2011-09-11,1.0941,2.9015,-31.2000,-41.8000,191.1930,0.9760,-0.1973,38.5200,36.9600,-1.9043,-0.8897,-4.1630
2011-09-18,5.4571,8.4509,-29.9000,-43.1000,204.6200,0.9360,2.2306,30.9800,35.4200,-2.7340,-0.8628,-4.1630
2011-09-25,-4.5819,-2.8755,-27.7000,-40.8000,183.6760,0.9900,8.6664,41.2500,45.9500,-1.8538,-0.7648,-4.1630
2011-10-02,-5.2523,-3.0878,-22.5000,-29.5000,189.3420,0.9680,10.8122,42.9600,40.5600,-2.3091,-2.2578,-3.4830
2011-10-09,-2.9323,-0.9399,-16.8000,-7.5000,207.0520,0.9160,9.3691,36.2000,39.8400,-1.6804,-3.3430,-3.4830
2011-10-16,-0.2554,1.4095,-8.3000,2.2000,223.3400,0.8650,3.9770,28.2400,31.4900,-1.4964,-4.1440,-3.4830
2011-10-23,8.3031,10.5886,-0.6000,14.8000,220.2350,0.8730,-2.3964,31.3200,34.4200,-2.3387,-5.0089,-3.4830
2011-10-30,9.0317,12.8319,-1.7000,17.8000,231.5480,0.7810,-6.1939,24.5300,29.2300,-3.0128,-6.0820,-3.4830
2011-11-06,9.5831,12.1805,-6.3000,18.7000,203.6170,0.8370,-5.7316,30.1600,31.1200,-2.4557,-6.4487,-3.4830
2011-11-13,1.5283,4.2094,-0.5000,34.3000,205.5210,0.8550,-2.5474,30.0400,34.1800,-2.5335,-6.2118,-3.4830
2011-11-20,0.0430,1.6209,7.4000,48.9000,200.8720,0.8850,-0.7382,32.0000,36.1600,-1.2088,-6.4570,-3.4830
2011-11-27,-7.9337,-8.4906,15.6000,41.1000,194.7050,0.9270,5.3541,34.4700,32.6300,0.3139,-4.9799,-3.4830
2011-12-04,-0.6415,-0.5444,22.8000,85.7000,203.6480,0.8280,1.8232,27.5200,26.6700,-1.1020,-6.1970,-3.4830
2011-12-11,0.6064,0.5326,21.4000,78.0000,205.9460,0.8120,1.7734,26.3800,31.0700,0.1850,-4.2142,-3.4830
2011-12-18,0.0430,-0.0365,18.6000,75.5000,185.0800,0.8270,1.7465,24.2900,25.4200,0.1708,-3.6634,-3.4830
2011-12-25,5.1126,5.1782,18.8000,71.2000,202.7840,0.7470,-1.2196,20.7300,24.5400,-0.2347,-3.4123,-3.4830
2012-01-01,-4.7128,-5.0742,12.5000,68.5000,186.4350,0.7920,1.8976,23.4000,26.4000,-0.1166,-4.0917,-3.0990
2012-01-08,-1.6861,-0.1175,19.7000,91.9000,194.8540,0.7170,1.4076,20.6300,27.1700,-1.8790,-4.4077,-3.0990
2012-01-15,1.9413,4.6809,15.9000,72.4000,184.1580,0.7030,-0.8906,20.9100,22.2800,-2.7241,-4.8641,-3.0990
2012-01-22,4.4274,8.3713,25.4000,71.2000,198.2230,0.5620,-1.3755,18.2800,23.1200,-3.4453,-4.5067,-3.0990
2012-01-29,7.6183,11.6308,25.9000,65.4000,183.8510,0.5440,-2.5365,18.5300,23.8300,-1.9698,-3.0602,-3.0990
2012-02-05,7.0098,8.6069,32.3000,83.7000,184.9520,0.4780,-3.8443,17.1000,22.8500,-1.5526,-3.5227,-3.0990
2012-02-12,6.2927,7.2198,29.4000,73.3000,190.3130,0.5260,-2.1525,20.7900,21.5600,-1.1277,-3.4920,-3.0990
2012-02-19,3.7735,4.7705,32.1000,64.9000,192.3780,0.4560,-0.7714,17.7800,20.1400,-0.9410,-4.2479,-3.0990
2012-02-26,2.8023,3.9667,28.5000,58.0000,188.2480,0.4230,0.2475,17.3100,20.2900,-1.3665,-4.6841,-3.0990
2012-03-04,3.1582,4.5298,25.5000,45.1000,191.1200,0.4470,-0.2138,17.2900,18.6400,-1.1709,-3.5899,-3.0990
2012-03-11,1.2334,2.0648,16.8000,39.0000,194.4840,0.4150,-0.5233,17.1100,18.0700,-0.4074,-4.0626,-3.0990
2012-03-18,0.5421,-0.2121,15.7000,33.1000,221.1030,0.3280,0.0258,14.4700,17.6500,0.8487,-3.5999,-3.0990
2012-03-25,0.3436,-0.8889,11.2000,27.4000,215.8860,0.3580,0.8215,14.8200,17.3500,1.4531,-3.0717,-3.0990
2012-04-01,-1.0120,-2.7126,10.7000,18.9000,214.1950,0.3640,1.5569,15.5000,17.5600,1.9247,-1.6197,-3.0730
2012-04-08,0.5316,-0.6055,9.9000,6.9000,198.1610,0.4110,1.2479,16.7000,16.7500,1.1886,-1.0633,-3.0730
2012-04-15,-1.2549,-2.2004,9.2000,14.7000,189.9290,0.3570,0.8154,19.5500,17.4700,0.9420,0.0332,-3.0730
2012-04-22,-2.5745,-3.3183,5.2000,5.0000,189.5190,0.4230,0.3894,17.4400,17.8100,0.6186,1.0079,-3.0730
2012-04-29,-1.9210,-2.5774,-6.4000,-8.0000,184.7560,0.3370,0.1853,16.3200,17.5500,1.1292,1.4903,-3.0730
2012-05-06,-1.9655,-4.2796,-18.8000,-23.4000,180.5770,0.3780,-0.0239,19.1600,16.3400,2.3207,2.8293,-3.0730
2012-05-13,-4.5686,-6.7318,-30.7000,-24.3000,174.4400,0.4670,1.0176,19.8900,18.9900,2.2737,3.4746,-3.0730
2012-05-20,-9.7329,-11.4718,-26.4000,-25.1000,164.4670,0.6790,2.9045,25.1000,25.4300,2.0619,4.0698,-3.0730
2012-05-27,-7.6533,-9.2998,-32.1000,-24.5000,165.4930,0.6070,4.4179,21.7600,21.9100,1.1776,4.1081,-3.0730
2012-06-03,-7.7742,-8.2407,-44.2000,-53.6000,138.4400,0.7490,4.0847,26.6600,23.4900,0.3951,4.4586,-3.0730
2012-06-10,-4.2506,-4.2887,-39.5000,-50.1000,155.7530,0.5820,2.5101,21.2300,23.8600,0.0787,3.9796,-3.0730
2012-06-17,4.2469,3.9677,-43.2000,-60.6000,148.6840,0.5330,-0.5969,21.1100,25.6100,0.2502,3.4522,-3.0730
2012-06-24,1.2729,0.7927,-46.2000,-64.4000,159.6250,0.4290,-2.3834,18.1100,21.0600,0.4127,3.0405,-3.0730
2012-07-01,1.0630,0.9396,-45.2000,-60.3000,156.2100,0.3640,-2.7060,17.0800,20.0300,0.1805,2.6712,-3.3250
2012-07-08,1.2290,0.8480,-40.6000,-62.5000,147.6430,0.3770,-3.1821,17.1000,18.6700,0.3425,3.1101,-3.3250
2012-07-15,-2.4363,-2.6757,-38.0000,-61.6000,140.2290,0.3390,-1.3271,16.7400,18.4200,0.2403,2.7332,-3.3250
2012-07-22,-1.3240,-1.3128,-36.5000,-64.5000,136.8580,0.3170,-1.3742,16.2700,17.5900,-0.0647,2.3409,-3.3250
2012-07-29,-1.3403,-0.6813,-33.8000,-51.0000,144.3210,0.2660,-0.6632,16.7000,18.5000,-0.8965,0.6146,-3.3250
2012-08-05,-0.5123,1.0997,-30.4000,-36.2000,148.5330,0.1900,-0.2733,15.6400,19.4400,-1.6050,-0.8459,-3.3250
2012-08-12,7.3645,9.0598,-28.9000,-20.9000,155.4240,0.1390,-1.7344,14.7400,18.9700,-1.6876,-1.2459,-3.3250
2012-08-19,6.7808,9.2913,-26.2000,-18.1000,174.2700,0.0990,-0.6047,13.4500,18.7200,-2.1810,-1.9136,-3.3250
2012-08-26,4.9558,6.2943,-19.7000,-9.3000,159.3580,0.1430,-0.3646,15.1800,19.6700,-1.0072,-1.5580,-3.3250
2012-09-02,3.0530,3.2794,-16.5000,-3.4000,147.5740,0.2400,-0.0150,17.4700,20.3500,-0.2484,-1.4814,-3.3250
2012-09-09,-0.8642,-0.4649,-12.7000,15.0000,156.4720,0.0760,0.0088,14.3800,18.9700,-0.2345,-1.5550,-3.3250
2012-09-16,3.1358,2.4701,-9.7000,20.4000,176.7730,0.0320,-1.5006,14.5100,17.9800,0.7133,-1.4605,-3.3250
2012-09-23,4.3004,3.4199,-6.3000,20.6000,164.9690,0.0610,-1.3120,13.9800,18.1500,0.8196,-1.1591,-3.3250
2012-09-30,4.7813,3.1094,-12.7000,5.8000,154.0590,0.1150,-2.0491,15.7300,17.2300,0.2537,-1.4094,-3.3250
2012-10-07,3.3992,0.7546,-3.1000,43.5000,164.4770,0.0390,-1.6747,14.3300,17.0600,1.1706,-0.7426,-3.6450
2012-10-14,-3.7020,-6.4957,0.8000,49.4000,155.7740,0.0960,-0.5174,16.1400,17.1900,1.3415,-0.3781,-3.6450
2012-10-21,-2.9230,-4.5655,7.4000,53.2000,166.6950,0.0950,-1.4090,17.0600,16.8200,0.4812,-0.6192,-3.6450
2012-10-28,-5.2489,-5.7648,8.3000,54.6000,162.8480,0.1430,-1.2975,17.8100,19.0000,0.6984,0.1772,-3.6450
2012-11-04,-3.8318,-3.6803,8.8000,56.6000,161.8310,0.1660,-1.8579,17.5900,17.4600,-0.0046,0.8718,-3.6450
2012-11-11,-1.4923,-1.0820,11.1000,60.7000,150.9720,0.2590,-2.1261,18.6100,17.1900,-0.1342,1.1959,-3.6450
2012-11-18,-4.2704,-4.5510,3.3000,47.5000,149.9740,0.2570,-1.0539,16.4100,17.0700,0.1581,1.7573,-3.6450
2012-11-25,1.0521,1.0046,6.4000,47.4000,159.8670,0.1410,-0.9845,15.1400,15.3700,0.1117,1.3095,-3.6450
2012-12-02,0.7390,0.1816,8.4000,43.1000,153.4460,0.1810,-0.7288,15.8700,14.8700,0.0000,1.1231,-3.6450
2012-12-09,2.7851,2.9227,10.2000,50.8000,153.5340,0.1550,-0.5672,15.9000,15.1100,-0.1298,1.3022,-3.6450
2012-12-16,7.2124,7.2276,13.1000,50.6000,167.1060,0.1650,-1.5726,17.0000,14.0800,0.0836,1.1210,-3.6450
2012-12-23,3.6148,2.4752,9.7000,54.8000,170.1480,0.1760,-1.0891,17.8400,16.0300,0.9857,1.4764,-3.6450
2012-12-30,3.3188,2.2945,10.1000,47.7000,169.0730,0.3380,-1.1359,22.7200,15.8900,1.4777,2.3576,-3.6450
2013-01-06,2.7837,0.9347,7.4000,34.1000,182.8080,0.0760,-1.6567,13.8300,14.4000,2.6591,2.7926,-3.2430
2013-01-13,0.0817,-2.1243,3.8000,10.9000,179.6700,0.0980,-1.8517,13.3600,13.7400,3.1124,2.8881,-3.2430
2013-01-20,0.3752,-0.9218,1.6000,2.2000,176.5590,0.1200,-1.6056,12.4600,14.6500,2.2514,3.2641,-3.2430
2013-01-27,-2.5217,-2.2962,8.6000,-2.0000,187.2660,0.0930,0.3288,12.8900,14.9000,0.7281,2.3878,-3.2430
2013-02-03,-2.6914,-1.0585,1.3000,-28.1000,194.3930,0.1340,3.1606,12.9000,15.1200,-1.6725,1.0781,-3.2430
2013-02-10,-2.2923,0.2984,6.0000,-12.5000,187.8910,0.1600,3.9202,13.0200,14.2500,-2.4966,0.4542,-3.2430
2013-02-17,-0.3355,2.3337,1.9000,-2.0000,190.0310,0.1450,1.9818,12.4600,13.6300,-2.6161,0.4039,-3.2430
2013-02-24,3.7089,5.5348,1.7000,-4.8000,183.5080,0.2080,0.9878,14.1700,14.1200,-1.7093,0.5254,-3.2430
2013-03-03,3.5091,4.2134,3.5000,7.7000,173.4740,0.2850,-1.3396,15.3600,15.1900,-0.4551,0.6180,-3.2430
2013-03-10,2.8249,2.5484,8.1000,21.1000,195.1440,0.1490,-0.4999,12.5900,14.7000,0.2261,0.8121,-3.2430
2013-03-17,0.2685,-0.5915,5.8000,27.0000,190.3260,0.1780,3.0286,11.3000,15.9800,0.9386,1.2617,-3.2430
2013-03-24,-3.4762,-4.7977,0.4000,29.1000,185.4030,0.2790,3.1843,13.5700,16.1200,1.3598,0.8978,-3.2430
2013-03-31,-1.0659,-2.5508,-8.6000,18.9000,177.2580,0.2650,2.6463,12.7000,14.3400,0.8359,-0.0183,-3.2430
2013-04-07,-3.9272,-4.8256,-18.5000,8.0000,164.6880,0.3010,3.7592,13.9200,18.5100,0.9298,-0.8860,-3.5450
2013-04-14,-3.1347,-4.2167,-22.9000,7.8000,165.4900,0.2350,1.6611,12.0600,20.1000,1.0994,-0.7152,-3.5450
2013-04-21,-2.1532,-2.5863,-27.5000,-4.9000,165.4210,0.3610,-0.2698,14.9700,16.1600,0.4244,-0.9050,-3.5450
2013-04-28,-3.0091,-3.3140,-37.9000,-12.4000,160.7580,0.3300,0.0540,13.6100,14.8300,0.8839,0.1364,-3.5450
2013-05-05,1.9966,2.2868,-35.1000,0.3000,168.7520,0.2150,-3.0177,12.8500,14.6500,-0.5975,0.1977,-3.5450
2013-05-12,1.0664,2.5733,-36.6000,-7.3000,185.1670,0.2450,-2.0210,12.5900,14.7400,-1.6673,0.1292,-3.5450
2013-05-19,4.1988,6.0953,-36.1000,-17.5000,191.5130,0.2720,0.0269,12.4500,13.4300,-2.9444,-1.2391,-3.5450
2013-05-26,1.4857,4.5035,-36.8000,-15.3000,196.7500,0.3710,1.3697,13.9900,14.4500,-3.0009,-1.1794,-3.5450
2013-06-02,1.7978,4.0584,-32.6000,-14.4000,209.7760,0.4760,3.0433,16.3000,14.1600,-1.8812,-1.2377,-3.5450
2013-06-09,-1.0747,0.3320,-30.9000,-32.3000,212.6200,0.4720,0.9509,15.1400,16.7600,-1.2395,-1.3349,-3.5450
2013-06-16,-4.9109,-4.2963,-26.7000,-29.7000,208.3850,0.5440,0.8867,17.1500,15.7800,0.5009,-1.6674,-3.5450
2013-06-23,-7.6323,-8.0905,-16.4000,-12.0000,248.5330,0.6400,2.3618,18.9000,18.5700,0.4259,-2.0899,-3.5450
2013-06-30,-6.8829,-7.3036,-8.6000,-9.0000,245.0180,0.6010,0.9859,16.8600,17.1100,0.2385,-1.8228,-3.5450
2013-07-07,-4.7062,-4.1693,-8.6000,-14.0000,269.8550,0.5130,2.2922,14.8900,18.1500,-0.5412,-2.7730,-3.2220
2013-07-14,-1.0195,0.4655,-8.7000,-11.7000,254.6630,0.4780,-0.1598,13.8400,17.0700,-1.1832,-3.8875,-3.2220
2013-07-21,2.6651,4.6072,-5.1000,-9.5000,245.8600,0.3960,-2.7822,12.5400,18.0800,-1.3981,-3.8668,-3.2220
2013-07-28,2.5487,5.1320,3.8000,-3.4000,254.2100,0.4230,-2.6811,12.7200,15.9000,-2.0759,-4.7033,-3.2220
2013-08-04,4.9130,6.7068,4.8000,10.9000,256.0550,0.3850,-1.6368,11.9800,14.9200,-1.4495,-3.6063,-3.2220
2013-08-11,0.5738,1.6170,11.6000,36.9000,252.2660,0.3450,-1.0937,13.4100,14.3800,-0.9805,-3.2161,-3.2220
2013-08-18,2.6023,3.3007,10.2000,36.6000,277.9470,0.4320,-0.7088,14.3700,14.2300,-0.6664,-1.6105,-3.2220
2013-08-25,-2.1274,-2.3708,10.4000,28.5000,278.4160,0.4810,0.5039,13.9800,15.0000,0.5240,-1.2403,-3.2220
2013-09-01,0.1549,0.0984,13.1000,30.8000,275.8570,0.6260,-1.2031,17.0100,15.7300,0.1523,-1.6086,-3.2220
2013-09-08,3.9666,3.7044,18.2000,56.5000,291.3940,0.5430,-1.7306,15.8500,15.9700,0.3856,-1.6236,-3.2220
2013-09-15,3.8649,3.2346,23.6000,49.7000,286.4340,0.4590,-2.4064,14.1600,15.7600,0.7233,-1.3928,-3.2220
2013-09-22,7.2411,6.8095,21.4000,44.4000,271.8520,0.3720,-2.9435,13.1200,16.3700,0.4834,-1.1838,-3.2220
2013-09-29,4.4353,3.3798,21.8000,46.5000,260.4190,0.4890,-3.2741,15.4600,14.4500,1.0028,-0.8584,-3.2220
2013-10-06,2.1311,1.1853,18.1000,44.7000,261.9360,0.4490,-2.1198,16.7400,15.1000,0.8679,-0.2299,-2.9780
2013-10-13,1.5334,1.2830,10.5000,35.4000,262.6260,0.3270,-1.4233,15.7200,13.9200,0.1512,-0.0613,-2.9780
2013-10-20,2.3345,2.9343,5.6000,23.2000,254.7260,0.2770,-2.1491,13.0400,13.4300,-0.7122,-0.4963,-2.9780
2013-10-27,1.1229,2.2658,2.4000,17.0000,247.3340,0.2630,-1.1063,13.0900,13.5600,-1.1434,0.0858,-2.9780
2013-11-03,2.1252,4.2469,-2.1000,5.3000,258.1260,0.2850,-0.8487,13.2800,13.7600,-2.1722,-0.9615,-2.9780
2013-11-10,-1.9769,-0.4072,3.9000,19.4000,269.1890,0.2620,-0.6113,12.9000,13.6300,-1.3349,-0.4189,-2.9780
2013-11-17,-2.2783,-1.1977,-2.6000,6.9000,262.7260,0.2150,0.2498,12.1900,13.7800,-1.1923,-1.0230,-2.9780
2013-11-24,-1.3842,-1.1341,-2.8000,6.7000,266.6680,0.2090,-0.1601,12.2600,14.4100,-0.2428,-0.6777,-2.9780
2013-12-01,0.2672,-0.7243,-4.0000,6.9000,268.3650,0.3050,-0.2470,13.7000,14.4200,1.2063,0.0808,-2.9780
2013-12-08,-0.2247,-1.7113,4.2000,32.5000,279.4450,0.3040,-0.6602,13.7900,14.9300,1.3099,0.4980,-2.9780
2013-12-15,-2.1305,-3.9584,1.6000,32.1000,279.8680,0.3520,-1.0155,15.7600,14.9200,1.8557,0.0898,-2.9780
2013-12-22,-1.1404,-2.3737,9.7000,47.0000,282.7800,0.2940,0.0990,13.7900,13.3000,1.1595,-0.0094,-2.9780
2013-12-29,-2.0828,-3.0901,12.4000,49.4000,293.4080,0.2280,-0.3619,12.4600,12.6000,0.8120,-0.1082,-2.9780
2014-01-05,-1.7304,-2.3421,17.6000,53.4000,292.3820,0.2830,-0.2458,13.7600,14.1100,0.2454,-0.1222,-3.7630
2014-01-12,-1.2415,0.1426,19.1000,65.5000,281.7360,0.2260,0.8217,12.1400,13.7500,-1.4915,-1.5519,-3.7630
2014-01-19,-1.9598,0.1691,23.0000,66.6000,278.3920,0.2580,-0.1602,12.4400,13.1100,-2.1886,-1.4963,-3.7630
2014-01-26,-3.0825,1.5333,24.9000,62.6000,266.4330,0.4750,2.4688,18.1400,13.2900,-4.9319,-3.9364,-3.7630
2014-02-02,-0.2564,6.3999,22.9000,49.0000,261.8610,0.5480,1.4262,18.4100,14.4300,-6.0208,-4.0515,-3.7630
2014-02-09,-0.8274,3.9560,15.1000,23.6000,259.6730,0.3510,1.2220,15.2900,15.3900,-4.3505,-4.5609,-3.7630
2014-02-16,-0.2160,3.6580,17.0000,19.7000,272.2510,0.3920,0.3614,13.5700,14.1400,-3.6119,-3.9085,-3.7630
2014-02-23,0.8899,2.5381,2.1000,-7.7000,269.0490,0.3730,-0.7710,14.6800,14.1400,-0.9910,-4.6569,-3.7630
2014-03-02,2.0009,2.3076,2.6000,-13.4000,259.6860,0.3210,-0.2710,14.0000,13.4900,-0.1403,-5.3281,-3.7630
2014-03-09,2.7142,2.7965,0.1000,-31.2000,273.7210,0.2670,-1.2631,14.1100,13.1700,-0.0651,-5.8563,-3.7630
2014-03-16,-1.0504,-1.1976,-9.3000,-32.7000,260.3630,0.4340,0.8782,17.8200,14.5200,0.1601,-5.5081,-3.7630
2014-03-23,-1.1692,-1.5502,-8.3000,-32.6000,269.1870,0.3470,0.7696,15.0000,12.7600,0.2552,-5.5092,-3.7630
2014-03-30,0.0510,-0.3612,-10.2000,-29.5000,268.0210,0.3340,0.1686,14.4100,13.2300,0.3762,-5.7374,-3.7630
2014-04-06,0.6791,1.0169,-16.9000,-43.8000,269.0280,0.2540,-0.6769,13.9600,12.7500,-0.3709,-6.4351,-2.9770
2014-04-13,4.0388,5.0071,-23.2000,-40.2000,258.4180,0.3500,-3.5365,17.0300,12.4200,-0.7792,-4.8249,-2.9770
2014-04-20,3.5836,3.8371,-22.4000,-26.1000,269.1050,0.2420,-3.9665,13.3600,11.4700,-0.0899,-3.4817,-2.9770
2014-04-27,-0.4715,0.9279,-21.5000,-25.3000,264.7090,0.3530,-2.5907,14.0600,12.2000,-1.5491,-2.3833,-2.9770
2014-05-04,-1.4411,-0.1369,-20.8000,-18.9000,256.4030,0.2680,-2.2087,12.9100,10.7600,-1.1672,-1.6029,-2.9770
2014-05-11,-2.0471,-0.9626,-20.1000,-9.1000,259.7920,0.2270,-1.0078,12.9200,10.7100,-1.1730,-1.6631,-2.9770
2014-05-18,0.4570,1.7319,-16.2000,-2.3000,250.2830,0.2740,-1.2839,12.4400,11.4000,-1.3690,-1.2357,-2.9770
2014-05-25,2.3082,2.6130,-10.2000,1.4000,249.6560,0.2070,-1.6159,11.3600,11.0900,-0.0914,-1.4963,-2.9770
2014-06-01,1.8128,1.3003,-14.2000,-4.8000,244.0390,0.1890,-0.9784,11.4000,10.8600,0.3767,-1.0935,-2.9770
2014-06-08,1.9897,2.0372,-16.6000,-12.9000,255.1410,0.1660,-0.3905,10.7300,11.4600,0.0204,-1.5789,-2.9770
2014-06-15,-1.1220,-0.5923,-14.5000,-19.5000,256.7790,0.1890,-0.6132,12.1800,12.0900,-1.0435,-2.4226,-2.9770
2014-06-22,-2.4341,-1.1631,-12.7000,-10.2000,259.0040,0.2150,-0.3923,10.8500,11.4800,-1.3565,-3.0799,-2.9770
2014-06-29,-0.3233,2.2204,-15.0000,-23.7000,250.8650,0.2240,-0.6538,11.2600,11.0800,-2.5307,-3.9578,-2.9770
2014-07-06,0.7106,2.6660,-13.0000,-9.7000,262.8190,0.2110,-1.1319,10.3200,10.6600,-1.8182,-3.0087,-2.3070
2014-07-13,-0.1060,2.3460,-16.6000,-13.1000,249.5750,0.2790,0.0982,12.0800,11.3000,-1.7405,-3.3679,-2.3070
2014-07-20,2.6092,4.0067,-16.6000,-18.0000,246.5660,0.3240,0.8475,12.0600,10.7600,-1.3391,-4.2918,-2.3070
2014-07-27,2.2801,2.8904,-15.7000,-24.5000,243.5080,0.3390,1.2333,12.6900,10.8800,-0.5828,-3.0151,-2.3070
2014-08-03,3.1568,5.4597,-13.2000,-13.0000,246.7190,0.5530,2.7902,17.0300,13.0800,-2.3291,-4.1488,-2.3070
2014-08-10,2.1300,3.2214,-9.2000,3.0000,239.4930,0.5650,1.6735,15.7700,12.9000,-1.0159,-3.2143,-2.3070
2014-08-17,2.1689,2.9154,-17.1000,-5.7000,230.9310,0.4320,-0.7918,13.1500,12.5700,-0.8352,-3.7739,-2.3070
2014-08-24,1.1235,1.6132,-16.5000,4.4000,237.7060,0.3790,-0.8089,11.4700,11.3000,-0.4239,-3.3379,-2.3070
2014-08-31,-0.2200,-0.7445,-10.7000,34.6000,231.7730,0.3760,-2.2275,11.9800,10.8600,0.5736,-3.9608,-2.3070
2014-09-07,0.9015,1.4185,-9.7000,37.9000,242.8250,0.3720,-1.1295,12.0900,11.6500,-0.6105,-3.8248,-2.3070
2014-09-14,-1.0353,-0.2405,-9.2000,36.2000,259.5300,0.5330,1.3906,13.3100,11.1700,-0.6791,-3.4195,-2.3070
2014-09-21,-0.1400,0.4096,-15.2000,20.0000,255.9290,0.4700,2.6382,12.1100,11.6500,-0.5887,-2.5855,-2.3070
2014-09-28,-1.7839,-0.2177,-12.2000,26.2000,251.2420,0.6840,2.9932,14.8500,12.3000,-1.3994,-2.8461,-2.3070
2014-10-05,-3.5742,-2.0754,-15.0000,18.3000,242.3840,0.6940,3.6419,14.5500,14.2500,-1.6999,-3.7089,-2.3290
2014-10-12,-4.9435,-3.2433,-18.4000,19.1000,227.0230,0.8700,3.3902,21.2400,15.3500,-1.8498,-3.5270,-2.3290
2014-10-19,-7.4573,-5.6393,-16.6000,20.6000,216.8200,0.8490,2.0247,21.9900,18.6500,-1.8822,-3.1217,-2.3290
2014-10-26,-5.2150,-4.9807,-13.2000,17.2000,225.8360,0.8130,1.2640,16.1100,14.7000,-0.5409,-2.8053,-2.3290
2014-11-02,-0.5936,1.2562,-11.1000,18.0000,232.5160,0.7360,0.6547,14.0300,13.9900,-1.7023,-3.0910,-2.3290
2014-11-09,-0.0541,0.5175,-9.8000,15.0000,227.3140,0.7010,2.1393,13.1200,14.2900,-0.4536,-2.9789,-2.3290
2014-11-16,2.3402,5.0384,-3.4000,15.4000,231.0280,0.7890,3.2841,13.3100,13.5500,-2.5595,-4.8063,-2.3290
2014-11-23,2.0330,5.7280,-5.0000,19.9000,229.9760,0.7510,5.3144,12.9000,12.6300,-3.2847,-5.5976,-2.3290
2014-11-30,0.8323,1.8870,-4.1000,6.1000,214.7090,0.7530,3.7063,13.3300,11.5900,-0.4494,-4.0767,-2.3290
2014-12-07,2.4100,3.8837,-3.2000,14.9000,229.1300,0.7490,1.8887,11.8200,12.2900,-1.3562,-3.7068,-2.3290
2014-12-14,-1.2045,-1.2710,-5.2000,29.6000,206.1440,0.9680,0.2226,21.0800,13.3900,0.1272,-4.0335,-2.3290
2014-12-21,-1.7742,-1.6170,1.2000,31.5000,212.6300,0.9100,-1.0595,16.4900,13.4700,0.9354,-4.1504,-2.3290
2014-12-28,-1.6468,-2.2959,3.4000,38.6000,224.3910,0.8680,-0.8483,14.5000,12.3200,0.0716,-2.6457,-2.3290
2015-01-04,-3.0293,-2.5728,3.3000,28.3000,209.0250,0.9410,-0.9470,17.7900,12.5000,-0.5554,-2.5858,-1.9970
2015-01-11,0.1556,-0.0593,0.1000,30.7000,192.5530,0.9390,-1.2210,17.5500,12.8700,0.1712,-2.0575,-1.9970
2015-01-18,-2.1684,-3.1480,-5.7000,7.2000,181.6520,0.9560,-2.2370,20.9500,14.6100,-0.3310,-2.6350,-1.9970
2015-01-25,-0.6196,0.6987,-4.4000,-1.5000,177.6540,0.9040,-1.3244,16.6600,13.2000,-1.7274,-3.8070,-1.9970
2015-02-01,1.1846,2.6623,-1.0000,-4.0000,163.6490,0.9530,-0.8927,20.9700,13.6700,-1.2553,-2.1428,-1.9970
2015-02-08,1.6013,3.1214,-3.5000,-25.3000,193.7270,0.8710,0.0064,17.2900,13.0600,-1.4721,-3.0596,-1.9970
2015-02-15,3.6740,5.0115,-2.3000,-37.2000,204.0230,0.8160,1.8241,14.6900,11.5800,-1.0294,-1.1060,-1.9970
2015-02-22,1.3099,1.4914,-6.1000,-47.4000,209.1370,0.7580,1.6373,14.3000,11.6900,0.5374,-0.0056,-1.9970
2015-03-01,1.8746,0.8117,-5.2000,-46.7000,197.7800,0.7090,0.4298,13.3400,11.1100,0.9577,-0.7597,-1.9970
2015-03-08,2.9363,1.8636,-5.1000,-47.5000,223.1240,0.7140,0.8304,15.2000,10.7800,0.9289,-0.8139,-1.9970
2015-03-15,1.4452,-0.1559,-5.1000,-60.1000,208.9490,0.7720,2.8745,16.0000,11.4500,1.7167,0.4639,-1.9970
2015-03-22,3.8640,2.1577,-12.3000,-72.1000,192.5190,0.7170,1.9150,13.0200,11.1700,1.3753,0.4302,-1.9970
2015-03-29,1.7122,0.0671,-8.3000,-62.9000,192.0900,0.7750,0.4598,15.0700,11.3100,1.4367,0.5941,-1.9970
2015-04-05,1.6136,-0.9672,-0.7000,-57.7000,182.3730,0.7690,-0.5324,14.6700,11.0200,2.7501,2.4830,-1.8890
2015-04-12,5.1350,2.4324,-0.8000,-52.2000,192.7040,0.6420,-3.1708,12.5800,11.3700,2.3969,2.6961,-1.8890
2015-04-19,5.2159,3.0887,-9.0000,-54.2000,184.4990,0.7510,-3.4908,13.8900,12.2900,2.0871,2.8668,-1.8890
2015-04-26,6.9314,4.6756,-15.2000,-57.7000,188.3260,0.6660,-2.1661,12.2900,13.1000,2.3843,4.8030,-1.8890
2015-05-03,3.9967,2.0166,-18.2000,-62.3000,210.8460,0.6610,-1.8847,12.7000,11.7600,1.7699,5.6228,-1.8890
2015-05-10,-0.1073,-1.7379,-18.7000,-64.3000,213.7640,0.6350,-0.3890,12.8600,12.5400,1.6268,5.9261,-1.8890
2015-05-17,-1.7261,-3.9799,-19.0000,-71.6000,212.7240,0.6000,0.1753,12.3800,12.1400,2.3403,6.3692,-1.8890
2015-05-24,-0.6343,-2.4256,-19.4000,-62.1000,219.3980,0.6030,0.9866,12.1300,11.6200,1.7680,6.0857,-1.8890
2015-05-31,-0.5815,-1.4400,-20.8000,-54.2000,211.6380,0.6850,3.3430,13.8400,12.5900,2.1686,6.8897,-1.8890
2015-06-07,-0.8353,-1.4982,-15.4000,-47.9000,238.7250,0.6690,2.0902,14.2100,14.4400,0.6973,5.6831,-1.8890
2015-06-14,-2.5792,-3.3135,-7.1000,-33.0000,237.8360,0.6830,2.6712,13.7800,13.3000,0.7518,5.3601,-1.8890
2015-06-21,-4.6195,-5.1057,-9.9000,-36.0000,225.2620,0.6980,1.5549,13.9600,13.9000,0.4881,5.1574,-1.8890
2015-06-28,-1.1604,-1.4088,-7.8000,-30.6000,246.7540,0.5760,0.7399,14.0200,12.6600,-0.8822,4.4460,-1.8890
2015-07-05,1.7557,1.7974,-9.1000,-24.5000,237.7190,0.7090,1.0620,16.7900,13.7500,-0.2256,2.6225,-2.0270
2015-07-12,-1.0233,0.9158,-6.1000,-21.8000,238.8880,0.6480,1.3367,16.8300,15.4100,-2.0402,0.7946,-2.0270
2015-07-19,1.4573,3.2871,-2.4000,-18.0000,232.6610,0.4700,3.6557,11.9500,12.8800,-1.8176,1.1352,-2.0270
2015-07-26,-2.1194,-0.4264,-5.1000,-14.4000,222.6800,0.6130,4.6039,13.7400,13.2600,-2.0263,-0.0534,-2.0270
2015-08-02,-3.5283,1.3566,-2.6000,-15.4000,211.3990,0.5150,4.2077,12.1200,13.5400,-4.8323,-4.0350,-2.0270
2015-08-09,-1.0309,2.2350,3.5000,-8.2000,209.6200,0.6160,3.3509,13.3900,13.5100,-2.9882,-3.7826,-2.0270
2015-08-16,-4.4940,-1.0355,0.3000,-4.4000,211.1530,0.5650,2.3250,12.8300,13.9300,-3.3089,-4.4475,-2.0270
2015-08-23,-8.3037,-3.9613,-1.8000,-18.2000,201.1070,0.8650,2.3077,28.0300,18.5100,-4.1898,-5.9046,-2.0270
2015-08-30,-4.5558,-3.9064,0.8000,-7.5000,211.9640,0.7960,0.3034,26.0500,18.3400,-0.3260,-6.3781,-2.0270
2015-09-06,-6.1779,-5.0437,-6.4000,-15.6000,209.3890,0.8580,2.2143,27.8000,22.7400,-1.2189,-5.6136,-2.0270
2015-09-13,-2.1220,-1.3948,-8.7000,-22.2000,215.7930,0.7960,0.8772,23.2000,19.8600,-1.0123,-6.1205,-2.0270
2015-09-20,6.3900,6.3742,-12.1000,-27.4000,214.3780,0.7530,-2.6783,22.2800,17.5000,-0.0335,-6.3930,-2.0270
2015-09-27,0.2673,0.7118,-12.0000,-25.0000,217.7510,0.8490,1.7764,23.6200,19.5600,-0.5820,-6.0946,-2.0270
2015-10-04,4.4347,4.5674,-7.8000,-29.7000,199.2860,0.8220,-1.1356,20.9400,18.4700,-0.2223,-5.6105,-2.3290
2015-10-11,4.0260,5.2324,-11.6000,-26.3000,208.3050,0.6650,-2.1528,17.0800,15.9700,-0.9060,-5.0336,-2.3290
2015-10-18,1.7190,1.6219,-8.7000,-14.8000,202.8280,0.6410,-2.8724,15.0500,15.8400,0.2511,-4.4207,-2.3290
2015-10-25,5.0210,5.3494,-0.7000,-0.1000,208.1530,0.6240,-5.8388,14.4600,13.9400,-0.2453,-4.3876,-2.3290
2015-11-01,3.0355,3.2424,-0.8000,-12.7000,206.5870,0.5230,-3.3483,15.0700,14.2200,-0.1393,-0.9559,-2.3290
2015-11-08,1.0666,-0.4011,3.9000,-8.4000,224.4080,0.4700,-1.4668,14.3300,13.9800,1.4471,-0.6918,-2.3290
2015-11-15,-2.8060,-3.7742,3.5000,0.5000,214.3760,0.5260,3.0459,20.0800,14.9000,0.8571,-0.3026,-2.3290
2015-11-22,-2.4770,-4.2519,1.5000,-9.1000,216.0590,0.5480,2.6270,15.4700,13.3800,1.7551,1.5451,-2.3290
2015-11-29,-0.0237,-1.5332,1.6000,-15.5000,204.7170,0.4980,1.1068,15.1200,12.8600,1.4950,0.8537,-2.3290
2015-12-06,-3.2664,-3.9188,-1.1000,-25.8000,205.2410,0.4230,1.2785,14.8100,15.4400,0.6026,1.1395,-2.3290
2015-12-13,-1.2502,-1.4016,4.8000,-22.3000,190.3250,0.7400,1.3533,24.3900,15.3900,0.1435,0.8615,-2.3290
2015-12-20,-0.7307,-0.5204,6.9000,-23.9000,202.6000,0.7270,2.4861,20.7000,14.1600,-0.1648,1.4117,-2.3290
2015-12-27,-1.8896,-1.5141,3.3000,-32.2000,203.7580,0.6250,1.3038,15.7400,13.3700,-0.2308,1.2099,-2.3290
2016-01-03,-0.6630,-0.9902,0.4000,-31.7000,210.1590,0.6350,1.3704,18.2100,14.1800,0.4232,1.7938,-2.1940
2016-01-10,-1.5909,-1.9001,0.1000,-21.3000,191.5490,0.8480,1.5684,27.0100,17.8200,0.2425,2.0304,-2.1940
2016-01-17,-4.8828,-3.8930,-7.8000,-33.8000,180.0780,0.8930,2.5484,27.0200,20.7000,-0.8913,0.2560,-2.1940
2016-01-24,-5.5871,-4.3572,-16.3000,-43.5000,175.1770,0.8350,2.7700,22.3400,20.2300,-1.3993,0.0391,-2.1940
2016-01-31,-2.5111,2.0439,-20.1000,-47.1000,160.5490,0.8170,2.2815,20.2000,17.9300,-4.5094,-2.6609,-2.1940
2016-02-07,0.0089,3.7494,-21.4000,-55.7000,154.0670,0.8720,-0.0459,23.3800,18.1500,-3.5677,-3.0132,-2.1940
2016-02-14,-2.3200,0.6592,-20.3000,-48.3000,146.3280,0.9250,-0.1401,25.4000,23.4700,-3.1311,-3.7084,-2.1940
2016-02-21,1.9586,3.9028,-19.7000,-37.0000,144.9830,0.8620,2.7912,20.5300,17.1200,-1.9220,-3.5759,-2.1940
2016-02-28,0.4236,-0.4030,-21.2000,-21.4000,144.6940,0.8300,3.2438,19.8100,16.8200,0.7794,-3.3473,-2.1940
2016-03-06,1.9731,1.7150,-19.8000,-12.9000,160.4470,0.7430,0.4843,16.8600,14.1100,0.1767,-3.4238,-2.1940
2016-03-13,7.4174,6.2710,-23.5000,-9.3000,166.1620,0.5980,-1.5187,16.5000,13.5200,1.1405,-2.7498,-2.1940
2016-03-20,3.9598,3.2964,-16.7000,-0.2000,157.8130,0.5510,-5.7794,14.0200,12.9400,0.7064,-2.7345,-2.1940
2016-03-27,3.3148,2.5026,-15.4000,-10.6000,161.5190,0.6330,-5.5731,14.7400,12.2800,0.8303,-2.3193,-2.1940
2016-04-03,0.9174,-0.3696,-6.2000,-4.4000,154.1630,0.5860,-4.0929,13.1000,13.5600,1.6218,-2.2711,-2.3310
2016-04-10,0.0325,-1.8629,-4.6000,-6.0000,148.7820,0.7250,-3.2980,15.3600,13.0700,2.0059,-1.0390,-2.3310
2016-04-17,1.1340,-0.8415,0.8000,-12.2000,152.7980,0.5920,-1.3980,13.6200,12.1100,2.1043,0.2054,-2.3310
2016-04-24,1.5969,-1.4369,-2.2000,-25.1000,165.3830,0.4670,-2.2197,13.2200,12.3300,3.2880,2.3243,-2.3310
2016-05-01,1.0428,-3.0391,-0.8000,-31.2000,161.9670,0.5740,-1.2651,15.7000,12.4200,4.1998,6.6422,-2.3310
2016-05-08,0.2363,-3.0921,-4.7000,-36.7000,157.8750,0.6450,0.0520,14.7200,12.8200,3.1108,5.8146,-2.3310
2016-05-15,-2.3686,-6.1934,-6.6000,-33.0000,143.0480,0.5970,2.2074,15.0400,11.9300,3.7673,7.3414,-2.3310
2016-05-22,-3.3649,-6.3087,-2.6000,-30.8000,152.8090,0.5850,4.1114,15.2000,12.1000,2.8776,7.3317,-2.3310
2016-05-29,-1.2527,-2.8960,-0.2000,-22.8000,153.5620,0.4400,3.4973,13.1200,11.5500,1.4241,7.3244,-2.3310
2016-06-05,0.4619,-1.2376,3.4000,-25.4000,141.6350,0.5080,2.5338,13.4700,11.8100,1.9125,7.6481,-2.3310
2016-06-12,2.5745,1.2421,0.9000,-23.0000,139.1820,0.6600,-0.5122,17.0300,11.8700,1.5323,7.7573,-2.3310
2016-06-19,0.2942,-0.7543,-2.4000,-19.9000,135.5200,0.7060,-1.4032,19.4100,17.7300,0.3556,6.9578,-2.3310
2016-06-26,-2.2309,-2.8990,-2.8000,-23.8000,130.6250,0.7460,0.0017,25.7600,22.5300,0.2331,6.6889,-2.3310
2016-07-03,0.0745,-1.0950,-1.9000,-14.3000,118.7130,0.5020,-3.2611,14.7700,12.9100,1.2476,7.2517,-2.1700
2016-07-10,-2.7027,-4.1514,1.1000,5.3000,107.8890,0.4470,-0.3158,13.2000,14.7400,1.4040,7.1214,-2.1700
2016-07-17,3.2692,2.3054,5.3000,21.9000,124.7430,0.3930,-3.4241,12.6700,13.3500,1.5073,6.3324,-2.1700
2016-07-24,4.4202,3.3923,10.4000,36.7000,124.6650,0.3940,-3.8047,12.0200,12.8500,1.7022,5.0508,-2.1700
2016-07-31,1.4527,-0.5603,12.8000,16.3000,119.4390,0.4270,-2.1545,11.8700,12.6000,1.9579,4.9441,-2.1700
2016-08-07,2.7935,0.9823,15.2000,20.9000,132.4740,0.3970,-4.3942,11.3900,12.5600,1.8461,5.8076,-2.1700
2016-08-14,1.6463,-0.8010,14.6000,10.9000,123.3750,0.3920,-2.6534,11.5500,11.2000,2.6520,5.1895,-2.1700
2016-08-21,2.2832,-0.4211,9.5000,4.6000,127.3720,0.3890,-1.4897,11.3400,11.7300,2.5001,4.6654,-2.1700
2016-08-28,1.0569,-0.2411,8.6000,11.1000,130.4900,0.4110,-0.5962,13.6500,12.0100,1.2802,4.7952,-2.1700
2016-09-04,1.0094,-0.0165,0.8000,0.6000,127.7670,0.4010,0.5789,11.9800,11.7500,0.9878,4.8475,-2.1700
2016-09-11,-0.6145,-1.1598,-4.8000,-4.9000,133.4080,0.4900,-0.3082,17.5000,11.5600,0.4974,4.1174,-2.1700
2016-09-18,-2.7662,-3.2795,-5.6000,-3.0000,140.8510,0.5290,0.1459,15.3700,15.7100,0.5832,4.9027,-2.1700
2016-09-25,0.8133,-0.0670,-8.7000,-4.4000,144.5960,0.4150,-1.0101,12.2900,11.8800,0.8140,5.4025,-2.1700
2016-10-02,0.2610,-0.2286,-2.6000,-5.1000,131.5400,0.4610,-1.4233,13.2900,14.1100,0.5244,4.0986,-2.1060
2016-10-09,0.7817,-0.4138,0.5000,-2.0000,139.7650,0.4430,1.4394,13.4800,14.2400,1.0859,3.7907,-2.1060
2016-10-16,1.1654,0.5939,-1.6000,-7.6000,150.3460,0.4940,1.2706,16.1200,14.1100,0.4991,3.8608,-2.1060
2016-10-23,-1.0258,-0.8478,-7.7000,-23.0000,140.4910,0.4010,2.9480,13.3400,13.1800,-0.2106,3.4201,-2.1060
2016-10-30,-1.1847,-1.1117,3.7000,-9.1000,156.0910,0.4870,3.9482,16.1900,13.2300,0.0100,2.1098,-2.1060
2016-11-06,-3.4950,-2.9828,6.9000,-12.9000,140.4820,0.5830,2.4892,22.5100,18.4100,-0.3447,1.5580,-2.1060
2016-11-13,-1.8901,-2.5536,7.3000,-6.3000,167.8070,0.4210,2.6672,14.1700,15.0400,0.6271,1.8120,-2.1060
2016-11-20,-2.8736,-3.8150,11.7000,7.9000,192.0200,0.4160,4.2495,12.8500,13.7100,1.0002,1.9067,-2.1060
2016-11-27,-2.2264,-2.7730,15.2000,9.3000,185.9830,0.3630,2.8566,12.3400,12.5100,0.4213,1.2438,-2.1060
2016-12-04,-0.5757,-0.1890,21.9000,24.7000,191.8020,0.4310,2.5450,14.1200,13.4900,-0.5064,0.0555,-2.1060
2016-12-11,2.0288,3.3194,22.6000,30.2000,192.9400,0.2390,0.1994,11.7500,11.8400,-1.2114,0.0808,-2.1060
2016-12-18,3.4266,3.8858,23.2000,22.9000,209.4230,0.3100,0.0541,12.2000,10.9200,-0.2787,1.0335,-2.1060
2016-12-25,3.1117,2.5093,25.7000,25.6000,202.4630,0.2780,2.1615,11.4400,11.0900,0.5943,1.0231,-2.1060
2017-01-01,2.8341,0.9287,27.0000,23.3000,194.0020,0.3770,3.0124,14.0400,11.5100,2.0761,1.6000,-2.0680
2017-01-08,1.2066,-2.0166,34.9000,27.0000,190.1610,0.2370,2.3183,11.3200,11.0000,3.3962,2.3682,-2.0680
2017-01-15,1.6918,-1.5468,42.5000,38.0000,186.6650,0.2460,-0.7552,11.2300,10.9600,3.1886,3.7373,-2.0680
2017-01-22,1.4593,-1.6563,41.4000,44.6000,196.4360,0.2710,-2.8058,11.5400,12.7200,3.1971,4.4730,-2.0680
2017-01-29,2.8192,-1.7406,37.6000,32.2000,197.1680,0.2310,-3.9981,10.5800,11.5900,4.7490,6.4142,-2.0680
2017-02-05,1.1732,-2.7674,40.4000,45.3000,196.2320,0.2020,-3.8207,10.9700,11.9300,3.9094,6.7382,-2.0680
2017-02-12,-0.0823,-3.0396,39.7000,40.8000,186.9250,0.2220,-2.0623,10.8500,10.3900,2.9015,6.0821,-2.0680
2017-02-19,0.7247,-2.3261,42.4000,53.1000,189.6940,0.2480,-1.9142,11.4900,10.0200,3.1558,6.7028,-2.0680
2017-02-26,0.5054,-0.7963,46.4000,44.9000,180.4150,0.2650,-2.4044,11.4700,10.1900,1.0132,7.0416,-2.0680
2017-03-05,0.2696,-0.6237,46.4000,36.8000,177.2180,0.0780,0.7687,10.9600,10.9700,0.9206,8.2691,-2.0680
2017-03-12,1.0732,-0.4302,45.4000,48.0000,182.8000,0.0850,0.5849,11.6600,10.6700,1.6354,9.1391,-2.0680
2017-03-19,4.0373,2.9522,45.0000,56.1000,176.9220,0.0950,-1.3386,11.2800,11.2500,1.1519,8.2335,-2.0680
2017-03-26,3.5733,1.3249,46.4000,54.1000,164.5450,0.1550,-0.8068,12.9600,12.3600,2.2581,8.8120,-2.0680
2017-04-02,3.9197,0.3764,38.8000,48.0000,163.0690,0.1660,-3.2710,12.3700,11.0600,3.5605,9.8435,-1.9410
2017-04-09,2.5928,-1.2963,31.5000,38.8000,156.4450,0.1520,-1.9855,12.8700,12.6300,4.0043,9.7809,-1.9410
2017-04-16,-1.3721,-5.4679,31.4000,38.2000,142.9790,0.3040,0.7539,15.9600,16.4000,4.1171,9.2074,-1.9410
2017-04-23,-0.1803,-4.4613,30.9000,2.8000,147.0990,0.2850,1.0494,14.6300,12.8900,4.4895,10.1746,-1.9410
2017-04-30,2.0928,-4.1831,31.5000,-4.8000,148.2830,0.0830,1.7346,10.8200,12.2700,6.4761,11.6546,-1.9410
2017-05-07,4.1599,-1.4147,25.9000,-18.2000,145.9700,0.0410,-0.1516,10.5700,13.7700,5.6195,11.5876,-1.9410
2017-05-14,7.0796,1.8787,21.6000,-29.5000,145.1950,0.0720,-1.0966,10.4000,12.3200,5.1676,11.6124,-1.9410
2017-05-21,5.7015,1.8605,17.2000,-33.4000,132.5160,0.1720,-0.6436,12.0400,12.8800,3.7508,10.8101,-1.9410
2017-05-28,6.7950,6.4492,11.5000,-36.2000,131.6750,0.0670,-1.4941,9.8100,13.5100,0.4010,10.9779,-1.9410
2017-06-04,5.8218,5.2386,5.5000,-40.9000,118.3510,0.0950,-0.9606,9.7500,12.6800,0.6230,11.2585,-1.9410
2017-06-11,4.1850,2.9671,1.9000,-43.4000,119.9480,0.0820,-0.3796,10.7000,11.4300,1.2800,11.2221,-1.9410
2017-06-18,3.2052,1.6977,-8.0000,-78.6000,114.5210,0.1200,0.6389,10.3800,11.4600,1.5361,11.2310,-1.9410
2017-06-25,0.9893,-0.7130,-11.4000,-74.6000,118.1940,0.1840,1.6194,10.0200,11.3100,1.7783,10.4572,-1.9410
2017-07-02,0.8462,-0.9607,-7.3000,-72.6000,128.7330,0.1630,1.9790,11.1800,12.0000,1.8113,9.3794,-1.6670
2017-07-09,-0.0764,-2.4195,0.8000,-58.5000,134.8840,0.2030,2.7779,11.1900,12.9700,2.3655,9.4696,-1.6670
2017-07-16,2.2356,-0.1930,-6.4000,-68.1000,129.5190,0.0840,-0.0794,9.5100,10.4300,2.3377,9.3300,-1.6670
2017-07-23,3.0043,0.5004,-4.0000,-52.6000,107.3420,0.1110,-1.8087,9.3600,9.8200,2.4659,8.3181,-1.6670
2017-07-30,0.3846,-2.4383,-1.4000,-44.5000,120.6290,0.1550,-1.9100,10.2900,12.9300,2.8638,5.6686,-1.6670
2017-08-06,0.6547,-1.1198,0.9000,-40.8000,118.1930,0.1410,-2.5512,10.0300,12.7800,1.9250,5.6404,-1.6670
2017-08-13,-3.9310,-5.5559,1.2000,-36.6000,115.0820,0.4530,0.9177,15.5100,18.9600,1.7375,5.7642,-1.6670
2017-08-20,-3.7424,-5.0746,4.3000,-29.4000,118.3960,0.4300,2.0521,14.2600,13.1000,1.4069,5.8710,-1.6670
2017-08-27,-0.9363,-1.4768,5.7000,-32.3000,114.8220,0.3060,0.5703,11.2800,12.1800,0.6471,5.9276,-1.6670
2017-09-03,-1.5763,-2.3360,11.0000,-18.2000,115.0640,0.2300,-0.1778,10.1300,13.3600,0.7132,5.7352,-1.6670
2017-09-10,1.0350,0.5329,11.2000,-23.8000,100.3770,0.3700,-1.4339,12.1200,14.9900,0.7046,5.1634,-1.6670
2017-09-17,1.1745,0.4318,8.9000,-19.0000,116.6820,0.2380,-0.8236,10.1700,11.1200,1.0256,5.3386,-1.6670
2017-09-24,0.4288,-0.7278,18.4000,-8.8000,122.0800,0.2860,0.7222,9.5900,12.3200,1.0874,5.2086,-1.6670
2017-10-01,1.5600,0.1381,17.5000,-7.9000,127.5220,0.1820,2.0037,9.5100,13.4100,1.3570,5.2634,-1.1850
2017-10-08,2.1654,0.7693,21.4000,3.4000,129.0330,0.1490,1.6056,9.6500,,1.6643,4.4430,-1.1850
2017-10-15,3.6692,1.5468,26.0000,3.9000,120.0620,0.1690,-0.2562,9.6100,11.4600,1.9281,4.9170,-1.1850
2017-10-22,4.2211,2.7428,21.5000,1.5000,127.8960,0.1390,-0.4751,9.9700,11.9300,1.5154,4.2327,-1.1850
2017-10-29,4.2665,2.6153,32.0000,38.2000,130.3480,0.1270,-1.3096,9.8000,12.2100,1.6902,4.0623,-1.1850
2017-11-05,6.8282,2.9820,31.9000,40.9000,115.8160,0.1750,-2.7632,9.1400,13.0900,3.0563,5.6023,-1.1850
2017-11-12,2.8028,0.3220,28.1000,38.5000,117.3090,0.3250,-1.0585,11.2900,11.1100,2.3278,5.5257,-1.1850
2017-11-19,1.7855,-1.0340,31.3000,56.0000,107.7370,0.3370,-2.9921,11.4300,11.2900,2.7304,5.5931,-1.1850
2017-11-26,1.9106,-0.4908,34.0000,50.6000,107.0630,0.2260,-3.9897,9.6700,11.4900,2.1304,5.5959,-1.1850
2017-12-03,-3.2276,-4.1229,28.6000,60.1000,109.5440,0.2970,-2.4557,11.4300,13.2600,1.1848,6.0967,-1.1850
2017-12-10,-3.1047,-4.5539,32.5000,65.2000,109.7150,0.2310,-2.1082,9.5800,13.0400,1.3921,6.2460,-1.1850
2017-12-17,-2.0489,-4.0997,33.1000,72.2000,103.0750,0.2600,-0.7353,9.4200,11.0600,1.7882,6.3902,-1.1850
2017-12-24,-4.0793,-6.0658,33.6000,84.5000,115.1200,0.2420,-0.5160,9.9000,11.9200,1.9281,6.4740,-1.1850
2017-12-31,-0.3199,-2.0532,29.6000,75.7000,101.6950,0.3110,-1.4497,11.0400,12.0600,1.3648,6.1048,-1.1850
2018-01-07,1.3604,-0.0688,30.7000,75.0000,107.2440,0.1480,-2.8121,9.2200,11.9200,1.5032,6.0777,-0.8830
2018-01-14,0.5781,-0.2513,33.3000,70.4000,110.3370,0.1850,-2.2471,10.1600,11.0000,1.2316,5.6632,-0.8830
2018-01-21,3.2665,2.9139,31.7000,61.5000,122.4760,0.3200,-1.2781,11.2700,12.6700,0.8038,5.7277,-0.8830
2018-01-28,4.3473,4.1946,24.1000,37.5000,123.5680,0.3520,-0.6305,11.0800,12.5200,0.6254,4.9939,-0.8830
2018-02-04,1.1159,2.5970,22.0000,44.5000,135.5590,0.4540,1.6326,17.3100,14.3400,-1.1180,1.7809,-0.8830
2018-02-11,-5.3136,-1.7397,21.5000,47.4000,128.6520,0.6750,2.5495,29.0600,23.7300,-3.7120,-0.5734,-0.8830
2018-02-18,-3.9055,0.1971,20.7000,50.2000,127.7140,0.5480,1.0601,19.4600,18.5200,-4.5248,-1.7393,-0.8830
2018-02-25,-4.7865,-0.3130,14.1000,50.1000,122.2120,0.6080,1.4146,16.4900,15.4900,-4.6028,-1.9281,-0.8830
2018-03-04,-4.8796,-2.3236,11.3000,39.1000,121.5340,0.7300,0.0231,19.5900,17.3900,-2.9138,-2.3418,-0.8830
2018-03-11,4.0478,5.1243,18.7000,47.9000,122.4370,0.5940,-2.0237,14.6400,14.8000,-1.0245,-2.9431,-0.8830
2018-03-18,2.9787,2.8507,19.1000,45.8000,106.7760,0.6520,-1.0119,15.8000,15.5200,0.4291,-3.0513,-0.8830
2018-03-25,-1.4179,-1.8947,13.3000,46.3000,108.7920,0.7650,0.2966,24.8700,20.2100,0.4867,-3.3149,-0.8830
2018-04-01,1.8188,1.6103,11.9000,49.8000,102.6060,0.7460,-1.5551,19.9700,17.5400,0.2062,-3.4580,-0.5210
2018-04-08,-1.2145,-1.8136,-1.5000,35.9000,105.8080,0.6740,-0.0234,21.4900,17.3500,0.6095,-3.7977,-0.5210
2018-04-15,-1.5598,-1.5398,-12.0000,25.2000,107.0370,0.6130,0.3095,17.4100,13.8100,-0.0191,-4.2490,-0.5210
2018-04-22,2.4649,2.4737,-14.4000,29.2000,115.0210,0.6260,-1.3861,16.8800,12.9100,-0.0076,-4.0932,-0.5210
2018-04-29,1.9032,1.2500,-8.0000,46.0000,114.4270,0.6480,1.2317,15.4100,14.0500,0.6440,-3.4402,-0.5210
2018-05-06,1.3089,0.6784,-16.7000,30.9000,111.4130,0.6680,0.6965,14.7700,13.3100,0.6249,-2.1019,-0.5210
2018-05-13,0.9222,-0.7174,-18.4000,21.4000,106.4930,0.5810,-0.0187,12.6500,11.2500,1.6522,1.0852,-0.5210
2018-05-20,-0.6332,-2.3187,-21.8000,12.3000,115.6440,0.6110,0.9792,13.4200,12.6900,1.7239,2.1838,-0.5210
2018-05-27,-1.2679,-2.0283,-23.3000,12.0000,103.7080,0.6260,0.1161,13.2200,12.5000,0.7762,2.0043,-0.5210
2018-06-03,-0.9109,-2.3421,-21.1000,14.5000,99.2490,0.6560,-0.1996,13.4600,13.1800,1.4655,2.3139,-0.5210
2018-06-10,-1.0546,-1.4967,-28.6000,10.2000,102.3610,0.6760,0.6031,12.1800,12.9600,0.4467,2.5877,-0.5210
2018-06-17,-2.3006,-2.8713,-31.6000,15.1000,99.0350,0.6190,1.8699,11.9800,13.6500,0.5887,2.3462,-0.5210
2018-06-24,-4.2092,-4.6479,-25.9000,3.2000,97.7540,0.6870,2.7507,13.7700,15.1700,0.4621,1.9793,-0.5210
2018-07-01,-4.6262,-4.3715,-20.1000,-4.9000,93.7660,0.7140,3.6837,16.0900,16.0400,-0.2650,1.8329,-0.5140
2018-07-08,-7.2896,-6.5951,-7.7000,12.6000,87.1120,0.6160,3.7319,13.3700,16.2800,-0.7436,1.2079,-0.5140
2018-07-15,-3.8743,-4.2964,-2.5000,13.9000,85.0910,0.5850,2.3412,12.1800,13.0600,0.4398,2.8159,-0.5140
2018-07-22,-2.8860,-2.5387,-4.6000,-0.1000,91.4350,0.6120,2.3656,12.8600,13.9300,-0.3553,1.6248,-0.5140
2018-07-29,-1.3387,0.2217,-5.1000,-5.1000,96.5200,0.5220,0.3185,13.0300,12.6700,-1.5567,-0.3938,-0.5140
2018-08-05,0.6516,1.6945,-8.7000,-15.0000,94.1840,0.4850,1.0484,11.6400,12.4000,-1.0241,-0.4506,-0.5140
2018-08-12,-1.2164,1.1556,-7.7000,-11.9000,82.5330,0.5910,0.4851,13.1600,12.1400,-2.3417,-1.2237,-0.5140
2018-08-19,-1.8408,-0.4819,-8.3000,-16.3000,82.2860,0.5840,-0.7762,12.6400,13.7900,-1.3661,-1.4623,-0.5140
2018-08-26,-0.0776,0.1513,-7.0000,-19.2000,71.0650,0.5210,0.0760,11.9900,11.6100,-0.2281,-1.3863,-0.5140
2018-09-02,1.5387,1.8513,-4.5000,-17.7000,75.8850,0.5720,-1.3124,12.8600,11.6400,-0.3081,-2.1907,-0.5140
2018-09-09,-0.0530,-0.1372,-1.8000,-3.6000,79.8730,0.5920,-0.5315,14.8800,12.7200,0.0836,-1.5807,-0.5140
2018-09-16,3.1686,3.2385,-6.0000,-8.5000,84.3030,0.4280,-0.7378,12.0700,10.6600,-0.0685,-2.1060,-0.5140
2018-09-23,2.0042,2.4208,-5.6000,-2.8000,89.2010,0.3840,-0.3217,11.6800,11.0900,-0.4077,-2.2401,-0.5140
2018-09-30,0.8692,0.9726,-7.7000,-5.2000,85.7140,0.4100,-0.3235,12.1200,11.2400,-0.1030,-2.0319,-0.5140
2018-10-07,-0.6162,0.1154,-8.4000,6.4000,101.6030,0.4910,0.6857,14.8200,13.0600,-0.7328,-1.5700,-0.7640
2018-10-14,-6.7465,-5.8320,-5.2000,-1.9000,89.3200,0.5410,1.3254,21.3100,17.1800,-0.9709,-3.4810,-0.7640
2018-10-21,-7.8194,-6.8717,-10.0000,-1.7000,88.2950,0.5330,1.4972,19.8900,15.9600,-1.0176,-2.8898,-0.7640
2018-10-28,-13.4832,-11.0019,-13.5000,-3.5000,75.1030,0.6330,2.9343,24.1600,22.4200,-2.7845,-3.2538,-0.7640
2018-11-04,-7.5642,-2.9413,-15.3000,6.1000,88.7660,0.5670,-0.7783,19.5100,18.1100,-4.7621,-5.2874,-0.7640
2018-11-11,-3.5044,1.1874,-13.7000,10.0000,82.9420,0.5430,-0.2784,17.3600,15.7900,-4.6370,-5.7496,-0.7640
2018-11-18,-2.9616,0.9180,-14.4000,14.0000,70.7600,0.6690,-0.3092,18.1400,18.1500,-3.8454,-5.3308,-0.7640
2018-11-25,1.4962,3.2807,-18.5000,1.9000,63.5050,0.6860,-0.9940,21.5200,18.4800,-1.7287,-4.7089,-0.7640
2018-12-02,0.0410,0.0879,-19.1000,-5.3000,64.0320,0.6660,-0.0891,18.0700,18.5700,-0.0482,-5.0404,-0.7640
2018-12-09,-0.4952,-0.0547,-16.2000,-6.5000,45.1320,0.7490,-0.7622,23.2300,18.1500,-0.4395,-6.2422,-0.7640
2018-12-16,-1.1002,3.4198,-18.4000,-7.3000,47.0160,0.7240,0.1905,21.6300,17.6500,-4.3690,-9.4049,-0.7640
2018-12-23,0.1949,6.2156,-22.0000,-16.3000,40.4200,0.8190,-0.7032,30.1100,18.6700,-5.6693,-9.7433,-0.7640
2018-12-30,-2.6621,3.1227,-22.1000,-17.9000,33.4750,0.8450,-0.4416,28.3400,18.9900,-5.6094,-10.2746,-0.7640
2019-01-06,-3.1560,2.3827,-23.4000,-11.6000,25.6060,0.7910,0.4242,21.3800,17.9600,-5.4104,-10.6602,-0.6410
2019-01-13,0.2991,6.4133,-26.3000,-6.1000,27.8830,0.7180,-1.2691,18.1900,14.6700,-5.7454,-13.7727,-0.6410
2019-01-20,3.0459,10.0636,-22.4000,-6.9000,38.2960,0.6280,-0.0534,17.8000,14.3200,-6.3787,-14.6319,-0.6410
2019-01-27,6.6971,16.3492,-20.3000,2.3000,37.7590,0.5860,0.4839,17.4200,14.4200,-8.2968,-15.3623,-0.6410
2019-02-03,9.6112,23.6339,-11.8000,27.3000,28.7960,0.5120,-0.4802,16.1400,14.8600,-11.3414,-16.8320,-0.6410
2019-02-10,4.8893,13.4798,-13.6000,17.1000,20.9490,0.5210,0.6673,15.7200,14.8300,-7.5716,-16.4261,-0.6410
2019-02-17,3.3804,10.5005,-25.4000,-23.6000,23.5750,0.4710,0.6105,14.9100,14.2400,-6.4421,-16.9373,-0.6410
2019-02-24,2.4232,7.5734,-22.1000,-23.4000,20.1760,0.3960,0.3612,13.5100,14.2000,-4.7860,-17.9954,-0.6410
2019-03-03,-0.3640,0.3252,-32.4000,-43.4000,31.7650,0.2960,0.4781,13.5700,15.4900,-0.5698,-17.2660,-0.6410
2019-03-10,-1.8194,0.0067,-29.6000,-42.1000,18.0950,0.4410,1.0900,16.0500,15.1700,-1.8236,-17.5880,-0.6410
2019-03-17,-0.9098,1.7870,-26.8000,-36.2000,14.4730,0.3020,0.7353,12.8800,13.6000,-2.6469,-15.4415,-0.6410
2019-03-24,-1.9525,0.6060,-27.1000,-33.8000,-1.3640,0.4290,0.4354,16.4800,13.1000,-2.5450,-15.2793,-0.6410
2019-03-31,-2.4947,0.9723,-26.2000,-35.9000,0.8790,0.4590,0.9605,13.7100,14.2900,-3.5503,-15.4612,-0.6410
2019-04-07,3.3765,8.1791,-27.5000,-53.1000,6.8170,0.2760,0.0220,12.8200,13.5900,-4.4423,-16.7444,-0.3280
2019-04-14,2.6350,6.6769,-23.9000,-58.4000,13.5570,0.2440,0.2067,12.0100,12.4100,-3.7924,-13.6895,-0.3280
2019-04-21,1.3352,4.3243,-19.1000,-59.2000,14.2860,0.2880,0.5840,12.0900,12.4500,-2.8616,-12.0965,-0.3280
2019-04-28,1.8050,4.3185,-22.4000,-57.1000,8.1480,0.3260,2.2639,12.7300,12.9800,-2.4070,-10.0316,-0.3280
2019-05-05,-0.6015,0.2711,-20.8000,-52.1000,9.8020,0.2600,2.9436,12.8700,13.5400,-0.8691,-6.9104,-0.3280
2019-05-12,-5.6151,-6.1186,-20.2000,-47.7000,4.2730,0.4430,3.3218,16.0400,18.5300,0.5373,-6.1173,-0.3280
2019-05-19,-7.2355,-5.6538,-22.5000,-31.1000,0.7460,0.4750,5.1724,15.9600,16.0300,-1.6789,-7.6212,-0.3280
2019-05-26,-6.1487,-4.3380,-21.7000,-40.1000,-1.9480,0.5680,2.3602,15.8500,16.6600,-1.8936,-7.2985,-0.3280
2019-06-02,-7.0381,-4.8396,-18.8000,-32.3000,-21.8670,0.6170,1.8037,18.7100,17.3200,-2.3085,-8.5381,-0.3280
2019-06-09,-1.6940,1.9820,-29.3000,-56.4000,-19.5950,0.5500,0.3483,16.3000,15.7900,-3.6023,-7.8182,-0.3280
2019-06-16,1.9267,4.5114,-26.6000,-55.4000,-9.5470,0.5100,-0.8740,15.2800,14.4000,-2.4724,-7.4556,-0.3280
2019-06-23,3.9265,6.4238,-26.3000,-62.4000,-6.1110,0.4170,-2.0534,15.4000,13.7700,-2.3456,-7.1089,-0.3280
2019-06-30,4.3531,6.9295,-27.7000,-68.3000,-9.4570,0.4580,-3.0397,15.0800,14.4300,-2.4108,-7.4576,-0.3280
2019-07-07,1.8462,4.2363,-27.9000,-58.5000,-18.9120,0.2660,-0.9311,13.2800,13.1600,-2.2922,-5.7441,-0.1190
2019-07-14,-0.4176,2.0615,-25.7000,-46.4000,-1.5560,0.3400,-0.5231,12.3900,12.8100,-2.4276,-6.1428,-0.1190
2019-07-21,-1.4706,0.9216,-21.4000,-41.6000,-1.6250,0.4350,0.9064,14.4500,13.1100,-2.3697,-6.6385,-0.1190
2019-07-28,-3.0207,-1.4551,-22.5000,-37.2000,-4.9900,0.2500,2.6241,12.1600,14.3400,-1.5889,-6.6818,-0.1190
2019-08-04,-5.3284,-4.1362,-26.8000,-35.1000,-21.8580,0.4860,2.3496,17.6100,16.0100,-1.2439,-6.1005,-0.1190
2019-08-11,-7.1363,-6.7638,-25.1000,-30.9000,-24.6890,0.5590,2.6337,17.9700,15.9100,-0.4018,-7.0195,-0.1190
2019-08-18,-7.9829,-6.7374,-23.1000,-17.6000,-31.7520,0.7750,3.1547,18.4700,17.0600,-1.3405,-6.3171,-0.1190
2019-08-25,-5.7089,-4.8824,-18.0000,-16.6000,-43.1150,0.7270,2.1646,19.8700,15.5500,-0.8681,-5.7063,-0.1190
2019-09-01,-1.5184,-0.7138,-14.0000,-11.0000,-49.3270,0.6150,1.1186,18.9800,15.7500,-0.8121,-4.6623,-0.1190
2019-09-08,3.6837,4.0610,-7.8000,5.4000,-39.8100,0.4880,-1.0785,15.0000,14.5400,-0.3592,-3.8915,-0.1190
2019-09-15,6.3321,5.1787,0.1000,17.4000,-6.7850,0.4060,-1.7086,13.7400,13.5000,1.2636,-2.7284,-0.1190
2019-09-22,7.3510,5.9925,5.9000,41.7000,-19.0870,0.5000,-1.8668,15.3200,14.0800,1.2828,-2.2027,-0.1190
2019-09-29,4.1742,2.7737,-2.0000,44.3000,-11.7720,0.5960,-0.9370,17.2200,14.8500,1.3646,-0.9740,-0.1190
2019-10-06,0.5754,-0.7152,-6.5000,23.2000,-17.1100,0.6000,-0.0292,17.0400,16.3100,1.2979,-0.3601,-0.1210
2019-10-13,-0.2240,-1.1594,-10.5000,15.3000,4.9970,0.4490,-0.1596,15.5800,14.8400,0.7841,0.4734,-0.1210
2019-10-20,-1.4740,-1.5358,-11.7000,8.0000,7.9650,0.3700,-0.5555,14.2500,13.8500,0.0606,0.2317,-0.1210
2019-10-27,1.8518,2.8071,-11.5000,4.9000,12.0290,0.2910,-2.2543,12.6500,13.4200,-0.9286,-0.3096,-0.1210
2019-11-03,3.9348,5.2646,-9.8000,6.0000,19.1550,0.3340,-2.5949,12.3000,13.2200,-1.2649,-0.3812,-0.1210
2019-11-10,4.5300,5.3126,-6.4000,7.2000,38.5570,0.2890,-2.6495,12.0700,13.7900,-0.7451,0.1271,-0.1210
2019-11-17,4.9250,5.7137,-12.2000,-6.1000,26.4360,0.3060,-1.2442,12.0500,13.1100,-0.7485,0.8331,-0.1210
2019-11-24,0.6739,0.3851,-13.4000,3.3000,18.1130,0.3220,0.5158,12.3400,13.8800,0.2829,0.8478,-0.1210
2019-12-01,-0.5828,-1.4261,-11.3000,13.1000,19.3210,0.2960,1.3642,12.6200,13.9600,0.8596,1.2978,-0.1210
2019-12-08,-2.5912,-2.9720,-12.8000,7.5000,30.8360,0.3480,2.8080,13.6200,13.9100,0.3919,0.8819,-0.1210
2019-12-15,0.3732,-0.6456,-14.1000,-9.5000,25.8750,0.2770,0.4200,12.6300,13.1200,1.0258,0.5963,-0.1210
2019-12-22,4.8631,3.3204,-11.1000,-7.6000,34.0420,0.2680,-1.5904,12.5100,13.0800,1.4933,1.0573,-0.1210
2019-12-29,5.5676,3.7619,-9.4000,-8.3000,31.3960,0.3230,-1.6971,13.4300,14.1300,1.7375,1.6704,-0.1210
2020-01-05,4.5445,2.1055,-6.9000,-9.3000,27.0360,0.3680,-1.9329,14.0200,15.8800,2.3917,1.9712,-1.8760
2020-01-12,1.6652,-0.8303,0.1000,0.5000,28.3910,0.2400,-0.8535,12.5600,12.8100,2.5193,2.3284,-1.8760
2020-01-19,2.1046,0.3788,5.8000,10.6000,26.2820,0.2110,-0.0603,12.1000,13.6000,1.7220,2.7353,-1.8760
2020-01-26,1.9018,0.4844,11.0000,9.0000,15.3370,0.3510,0.6242,14.5600,15.3000,1.4862,4.1486,-1.8760
2020-02-02,-2.6396,-3.5663,10.4000,7.6000,-4.9360,0.4800,2.1253,18.8400,19.2900,0.9612,4.2702,-1.8760
2020-02-09,0.2520,0.6222,16.2000,45.1000,2.4730,0.3800,2.1392,15.4700,17.5300,-0.3694,2.7157,-1.8760
2020-02-16,-0.3101,0.2256,16.4000,45.3000,0.9980,0.2570,2.0354,13.6800,16.8500,-0.5357,2.9555,-1.8760
2020-02-23,-3.7082,-2.8829,21.9000,50.7000,-8.7450,0.3920,3.4655,17.0800,19.8000,-0.9213,2.8981,-1.8760
2020-03-01,-6.2293,-5.1809,22.5000,56.2000,-15.1660,0.7720,1.9132,40.1100,33.8100,-1.1063,2.2379,-1.8760
2020-03-08,-7.7637,-7.2554,13.5000,68.9000,28.6440,0.8800,0.4888,41.9400,27.4700,-0.5481,1.7539,-1.8760
2020-03-15,-21.0444,-20.2024,15.6000,73.8000,67.0340,0.9880,3.0682,57.8300,53.8600,-1.0556,0.8343,-1.8760
2020-03-22,-27.5883,-24.9740,3.0000,45.3000,78.3430,0.9880,3.2171,66.0400,60.7300,-3.4883,-2.1525,-1.8760
2020-03-29,-13.5520,-9.2070,-15.3000,-1.3000,64.6680,0.9770,-0.2800,65.5400,54.6200,-4.7865,-4.3182,-1.8760
2020-04-05,-15.4287,-8.1894,-15.4000,-41.3000,49.7170,0.9640,3.2752,46.8000,45.3400,-7.8835,-8.4573,-11.0390
2020-04-12,5.0388,12.3889,-23.4000,-67.7000,46.4740,0.9090,-0.8652,41.6700,35.8400,-6.5375,-8.0737,-11.0390
2020-04-19,22.2444,28.4786,-40.5000,-129.0000,49.9360,0.9100,-2.4118,38.1500,31.4400,-4.8507,-8.4748,-11.0390
2020-04-26,9.9713,14.7879,-65.4000,-101.8000,47.3680,0.9140,2.0271,35.9300,37.5400,-4.1968,-9.6762,-11.0390
2020-05-03,12.8732,14.7186,-75.7000,-128.0000,49.7360,0.8700,-1.0436,37.1900,30.5100,-1.8184,-10.9776,-11.0390
2020-05-10,4.5746,6.9594,-59.2000,-54.8000,56.3570,0.8100,0.9141,27.9800,28.7700,-2.2306,-9.7910,-11.0390
2020-05-17,0.6660,2.1132,-70.5000,-95.3000,51.8210,0.7990,1.0879,31.8900,26.9600,-1.4164,-9.2853,-11.0390
2020-05-24,4.2943,4.5891,-58.0000,-81.2000,53.7020,0.7300,0.1093,28.1600,27.7400,-0.2830,-9.0943,-11.0390
2020-05-31,4.2125,2.9610,-47.7000,-55.1000,50.0050,0.6690,1.6291,27.5100,25.6400,1.4279,-8.6964,-11.0390
2020-06-07,12.1311,10.2077,3.2000,66.3000,74.0460,0.5820,-1.0411,24.5200,25.4500,1.7454,-7.7106,-11.0390
2020-06-14,10.6378,7.4231,-5.0000,82.2000,52.5440,0.6830,-2.2173,36.0900,32.8800,2.9923,-5.5740,-11.0390
2020-06-21,8.6893,5.5956,-5.4000,128.6000,54.1580,0.6540,-2.2110,35.1200,34.0400,2.9327,-3.0463,-11.0390
2020-06-28,5.1759,2.4183,17.5000,162.1000,49.7710,0.6660,-3.0403,34.7300,30.5600,2.6919,-1.5251,-11.0390
2020-07-05,-1.3502,-2.5113,25.0000,188.9000,52.7290,0.5770,-0.7083,27.6800,24.7800,1.1885,1.3785,-4.7050
2020-07-12,0.8418,1.1438,38.5000,225.9000,51.2480,0.5860,0.0457,27.2900,24.8300,-0.2998,0.7280,-4.7050
2020-07-19,2.7959,2.5398,57.5000,259.1000,50.7470,0.5660,-0.3803,25.6800,22.3400,0.2470,2.1481,-4.7050
2020-07-26,3.0820,1.5044,73.0000,236.2000,47.9820,0.5650,0.0625,25.8400,22.5000,1.5544,4.3865,-4.7050
2020-08-02,4.5047,2.1094,90.5000,246.8000,42.9300,0.6000,-0.6257,24.4600,23.5700,2.3491,5.6817,-4.7050
2020-08-09,9.3673,6.7564,98.9000,223.0000,46.7440,0.5660,-1.6356,22.2100,22.0700,2.4458,5.5460,-4.7050
2020-08-16,9.3722,6.0566,115.9000,253.3000,61.0480,0.5340,-1.6970,22.0500,22.5800,3.1286,6.8574,-4.7050
2020-08-23,4.7331,2.3729,107.6000,254.6000,52.9360,0.5180,-1.2610,22.5400,26.8900,2.3101,7.1010,-4.7050
2020-08-30,4.6426,1.8142,108.9000,242.5000,61.7170,0.4730,-0.5667,22.9600,26.4000,2.7757,7.0861,-4.7050
2020-09-06,0.7050,-2.5315,84.5000,191.8000,60.3630,0.5230,0.4136,30.7500,27.8300,3.3187,7.1780,-4.7050
2020-09-13,-0.4486,-2.8543,94.2000,188.0000,55.4200,0.4890,0.1942,26.8700,21.6800,2.4781,6.3239,-4.7050
2020-09-20,4.6781,1.4124,91.7000,172.5000,59.9890,0.4860,-2.1790,25.8300,21.5900,3.2185,7.3985,-4.7050
2020-09-27,-3.1868,-5.8222,87.1000,170.4000,55.5550,0.5220,-1.0047,26.3800,26.1300,2.7998,7.1986,-4.7050
2020-10-04,-1.7042,-3.9400,83.5000,164.2000,60.6480,0.5070,-1.6854,27.6300,24.1500,2.5565,8.6270,-4.0470
2020-10-11,-0.1974,-3.4937,78.6000,149.9000,67.1400,0.3950,-2.8225,25.0000,21.0000,3.5459,10.4250,-4.0470
2020-10-18,-2.9377,-5.0594,68.9000,134.2000,64.9280,0.4110,-1.1246,27.4100,22.0300,2.2357,9.5290,-4.0470
2020-10-25,3.5993,0.0197,59.3000,127.9000,74.9130,0.4150,-3.3817,27.5500,21.9000,3.5796,9.3363,-4.0470
2020-11-01,-2.6092,-7.6189,82.5000,128.9000,78.2220,0.5040,-2.9455,38.0200,31.9700,5.1880,11.6400,-4.0470
2020-11-08,1.0259,-3.6920,72.5000,118.0000,72.7200,0.3190,-2.8524,24.8600,21.7400,4.7649,12.9247,-4.0470
2020-11-15,6.5060,1.2294,59.8000,77.6000,80.2480,0.2860,-2.7671,23.1000,19.7700,5.2106,11.7402,-4.0470
2020-11-22,8.1620,3.3110,65.4000,67.7000,75.3340,0.2900,-1.6507,23.7000,19.2100,4.6957,11.8858,-4.0470
2020-11-29,16.1568,11.4144,72.9000,80.0000,74.9240,0.2840,-2.7970,20.8400,19.6600,4.2587,13.2508,-4.0470
2020-12-06,13.0333,8.9454,76.1000,74.3000,88.3870,0.2870,-3.4315,20.7900,21.0100,3.7535,13.4000,-4.0470
2020-12-13,11.0748,7.4836,81.8000,78.2000,81.7840,0.3300,-2.2901,23.3100,19.8500,3.3415,12.6816,-4.0470
2020-12-20,8.5639,4.3494,94.8000,71.3000,86.2570,0.2860,-1.3104,21.5700,19.5700,4.0361,12.7721,-4.0470
2020-12-27,6.5849,4.1812,90.0000,50.0000,83.6870,0.2560,-0.0453,21.5300,21.5300,2.3945,12.8043,-4.0470
2021-01-03,5.1994,2.9085,85.8000,48.2000,82.6970,0.2940,0.3974,22.7500,22.0900,1.8353,12.6025,-2.9970
2021-01-10,13.7946,11.3870,85.7000,62.4000,102.9110,0.1940,-0.0367,21.5600,29.1800,2.1604,11.1739,-2.9970
2021-01-17,11.3167,10.4613,83.0000,57.3000,100.2350,0.2270,-0.0091,24.3400,31.5600,0.7778,11.1640,-2.9970
2021-01-24,11.8912,9.3303,81.6000,78.2000,100.9460,0.1700,0.0227,21.9100,29.3600,2.2531,11.3596,-2.9970
2021-01-31,3.5755,1.1026,77.2000,65.3000,100.9700,0.3110,2.9825,33.0900,35.7300,2.8382,10.0871,-2.9970
2021-02-07,-1.0009,-4.0570,81.2000,71.2000,113.3090,0.1620,3.1293,20.8700,28.6500,3.1886,9.5012,-2.9970
2021-02-14,0.4757,-3.4580,74.8000,53.5000,116.5100,0.1180,0.6731,19.9700,26.4300,4.1696,10.0641,-2.9970
2021-02-21,-1.0511,-4.0395,83.9000,79.0000,130.7630,0.1230,0.2448,22.0500,26.8600,3.1173,9.6808,-2.9970
2021-02-28,1.2345,-1.2294,83.2000,86.5000,136.1830,0.3450,0.4156,27.9500,31.3400,2.4931,8.2228,-2.9970
2021-03-07,-3.0241,-5.1686,75.9000,85.8000,152.5570,0.2950,0.1869,24.6600,29.0900,2.2593,7.9243,-2.9970
2021-03-14,-1.4897,-3.4278,64.0000,78.5000,158.6670,0.2520,2.4258,20.6900,25.6400,1.9110,8.5406,-2.9970
2021-03-21,-2.1911,-4.1430,41.1000,41.0000,170.8370,0.2390,2.2833,20.9500,23.6100,2.0334,7.5694,-2.9970
2021-03-28,0.9313,-2.3200,49.1000,24.4000,165.5710,0.2630,0.5296,18.8600,20.3600,3.3300,9.2116,-2.9970
2021-04-04,2.8596,-1.3259,57.5000,36.5000,170.2090,0.2500,0.1421,17.3300,19.5100,4.2403,10.4730,-1.8480
2021-04-11,2.5370,-2.3848,57.6000,37.2000,164.5820,0.2490,-1.1246,16.6900,16.6900,5.0448,11.6051,-1.8480
2021-04-18,5.2340,-0.2895,61.3000,41.2000,156.4620,0.2310,-1.2908,16.2500,17.6100,5.5421,12.6547,-1.8480
2021-04-25,4.7711,-0.4141,67.0000,43.8000,153.7460,0.2480,-1.0316,17.3300,18.3300,5.2076,12.3672,-1.8480
2021-05-02,1.1263,-7.2641,77.5000,42.0000,161.0660,0.2490,-1.3392,18.6100,18.8400,9.0520,17.1481,-1.8480
2021-05-09,2.0856,-6.2328,75.7000,19.2000,155.9320,0.2120,0.0312,16.6900,16.4300,8.8707,17.7507,-1.8480
2021-05-16,-1.4162,-8.9776,77.5000,23.9000,161.5720,0.2240,1.0972,18.8100,19.3200,8.3048,17.1267,-1.8480
2021-05-23,-0.9315,-8.2785,72.9000,14.7000,161.3970,0.2250,0.8186,20.1500,20.0900,8.0089,17.6976,-1.8480
2021-05-30,1.2983,-2.0174,71.4000,4.4000,157.6560,0.1200,0.2697,16.7600,17.3100,3.3838,15.6970,-1.8480
2021-06-06,1.3412,-1.7754,72.3000,10.5000,153.0630,0.0970,-0.4325,16.4200,17.4300,3.1728,15.7238,-1.8480
2021-06-13,3.0444,0.7994,88.7000,47.1000,142.6490,0.0740,-1.5548,15.6500,14.5100,2.2272,15.8795,-1.8480
2021-06-20,3.5328,1.6739,82.1000,44.8000,139.4960,0.1800,0.4659,20.7000,14.6200,1.8284,14.5506,-1.8480
2021-06-27,3.5785,1.0972,70.7000,22.5000,147.1680,0.0980,1.1072,15.6200,14.8200,2.4550,14.1583,-1.8480
2021-07-04,1.2870,-1.5721,62.3000,14.3000,137.3120,0.1470,1.6481,15.0700,13.7400,2.9047,15.5794,-1.7350
2021-07-11,-0.9654,-4.0019,50.9000,-0.3000,131.1340,0.1900,3.3927,16.1800,15.1200,3.1631,14.5727,-1.7350
2021-07-18,0.2748,-2.7473,48.8000,19.9000,124.2140,0.2440,0.7022,18.4500,13.2300,3.1069,14.0674,-1.7350
2021-07-25,-1.4660,-4.9950,40.5000,8.7000,122.8160,0.2380,2.0439,17.2000,14.4200,3.7143,13.9857,-1.7350
2021-08-01,-2.4212,-3.9908,26.6000,-13.8000,117.6630,0.2760,1.3570,18.2400,17.3000,1.6346,8.8337,-1.7350
2021-08-08,1.6287,-0.0635,22.8000,-3.4000,124.3660,0.2160,-0.5875,16.1500,14.1800,1.6932,8.8784,-1.7350
2021-08-15,-3.2232,-5.2786,14.6000,-29.1000,121.8410,0.1880,2.5350,15.4500,15.4500,2.1701,8.2010,-1.7350
2021-08-22,-5.9584,-7.0200,4.3000,-36.8000,120.4300,0.3460,2.5070,18.5600,18.9200,1.1419,7.5781,-1.7350
2021-08-29,-2.1366,-1.6582,-5.6000,-49.5000,125.6350,0.1890,1.6388,16.3900,16.1700,-0.4865,4.7594,-1.7350
2021-09-05,-2.1190,-1.3155,-11.2000,-54.0000,127.4180,0.1610,1.3046,16.4100,14.6200,-0.8139,4.6712,-1.7350
2021-09-12,-1.4357,-0.1689,-14.0000,-59.4000,129.7990,0.2420,0.0128,20.9500,15.1800,-1.2690,4.5005,-1.7350
2021-09-19,2.6139,4.9411,-18.9000,-45.3000,131.8550,0.3000,-0.3688,20.8100,15.4800,-2.2174,3.3038,-1.7350
2021-09-26,-0.2763,-0.1871,-25.0000,-30.8000,141.2040,0.3570,0.6501,17.7500,16.3300,-0.0888,2.1583,-1.7350
2021-10-03,-5.6819,-5.1505,-18.0000,-23.8000,142.1020,0.5020,2.6879,21.1500,18.9100,-0.5599,1.1472,-0.5210
2021-10-10,-5.4214,-4.5367,-23.9000,-17.4000,153.5750,0.4390,2.1983,18.7700,20.4700,-0.9262,0.3582,-0.5210
2021-10-17,-3.9946,-2.9732,-24.6000,-22.1000,151.9570,0.4200,0.6041,16.3000,17.0300,-1.0534,-0.8644,-0.5210
2021-10-24,-3.8103,-3.0048,-23.9000,-32.6000,157.1570,0.3810,0.0297,15.4300,17.2000,-0.8309,-2.3187,-0.5210
2021-10-31,-1.6064,-0.9925,-25.1000,-16.1000,149.1290,0.5300,-1.6538,16.2600,18.5500,-0.6206,-1.0972,-0.5210
2021-11-07,0.4387,1.4371,-24.5000,-1.8000,140.5700,0.4580,-0.8160,16.4800,18.0200,-0.9842,-2.2841,-0.5210
2021-11-14,-1.5343,-1.2647,-20.5000,10.7000,150.5540,0.5260,-0.2368,16.2900,16.1800,-0.2726,-3.2345,-0.5210
2021-11-21,-1.1689,-1.1667,-10.5000,32.0000,149.0460,0.6580,0.7009,17.9100,16.2500,-0.0021,-3.4235,-0.5210
2021-11-28,-1.1526,0.0438,-3.4000,26.4000,141.3120,0.8340,2.1224,28.6200,18.0400,-1.1953,-1.8016,-0.5210
2021-12-05,-0.0317,0.8365,4.1000,33.6000,128.7200,0.8650,-0.4346,30.6700,20.0900,-0.8612,-2.3307,-0.5210
2021-12-12,1.3955,1.9033,5.6000,35.0000,142.7950,0.7600,0.1484,18.6900,17.3900,-0.4984,-2.4792,-0.5210
2021-12-19,1.5722,1.8818,7.4000,25.9000,135.3920,0.8210,-0.3628,21.5700,17.0200,-0.3041,-1.5339,-0.5210
2021-12-26,2.5878,1.7215,11.6000,23.6000,141.6620,0.6270,-0.5698,17.9600,16.5000,0.8514,-0.8775,-0.5210
2022-01-02,0.3140,-0.6987,13.7000,19.5000,145.1790,0.5910,0.7628,17.2200,16.5000,1.0199,-0.7790,-0.6470
2022-01-09,-1.8384,-3.1834,14.0000,3.6000,166.3100,0.5680,1.7099,18.7600,16.9900,1.3888,-0.2004,-0.6470
2022-01-16,-3.1749,-4.9814,14.9000,-2.9000,165.6560,0.6140,0.5334,19.1900,16.9700,1.9018,1.4069,-0.6470
2022-01-23,-5.9135,-7.2118,20.1000,-3.4000,158.3100,0.6950,0.6363,28.8500,19.3600,1.3996,1.3519,-0.6470
2022-01-30,-10.5556,-1.8529,29.9000,-2.7000,157.4190,0.7810,1.4299,27.6600,23.9700,-8.8674,-9.0126,-0.6470
2022-02-06,-6.9251,2.0821,26.9000,-4.6000,167.2610,0.7340,-0.3745,23.2200,21.0200,-8.8228,-8.1011,-0.6470
2022-02-13,-5.9622,5.1553,26.1000,-0.1000,155.7400,0.8150,0.9433,27.3600,20.9200,-10.5725,-9.0664,-0.6470
2022-02-20,-3.1673,7.5919,26.8000,16.2000,156.6600,0.8010,0.1424,27.7500,23.6800,-10.0006,-8.7820,-0.6470
2022-02-27,0.5039,2.0300,38.7000,41.8000,161.4120,0.8170,-0.3441,27.5900,23.8400,-1.4954,-9.2889,-0.6470
2022-03-06,-1.3391,1.0354,44.1000,59.1000,138.8260,0.9110,1.4285,31.9800,24.5700,-2.3505,-9.4817,-0.6470
2022-03-13,-3.1455,-2.3874,42.9000,54.3000,158.8290,0.8640,2.7701,30.7500,24.4100,-0.7769,-9.3209,-0.6470
2022-03-20,-1.3664,-0.6550,42.4000,47.0000,173.3310,0.8180,1.0454,23.8700,21.9300,-0.7157,-9.1586,-0.6470
2022-03-27,1.9882,0.1136,42.3000,56.4000,193.7630,0.7790,1.4146,20.8100,19.6200,1.8720,-8.3709,-0.6470
2022-04-03,0.9737,-1.3231,39.0000,46.5000,185.6830,0.7480,0.1112,19.6300,17.0700,2.3272,-8.3103,-0.0880
2022-04-10,1.4696,-1.3303,36.9000,56.9000,200.1780,0.7090,-0.5034,21.1600,17.1000,2.8377,-8.0251,-0.0880
2022-04-17,-0.4049,-2.6213,40.5000,68.5000,203.5130,0.6830,1.7836,22.7000,17.7700,2.2756,-8.8253,-0.0880
2022-04-24,-0.9256,-1.7395,50.5000,67.1000,205.2910,0.7690,1.6615,28.2100,17.7500,0.8289,-8.8867,-0.0880
2022-05-01,-1.6351,-3.4235,46.6000,39.4000,208.7800,0.8050,3.3196,33.4000,18.9200,1.8526,2.4752,-0.0880
2022-05-08,-2.0693,-3.7012,34.4000,20.3000,226.5450,0.7760,3.9004,30.1900,20.8700,1.6946,2.5843,-0.0880
2022-05-15,-3.4057,-3.3777,32.2000,12.8000,190.4710,0.7720,4.4194,28.8700,19.6900,-0.0284,1.9248,-0.0880
2022-05-22,-2.4187,-2.2420,16.5000,-14.8000,174.6970,0.7810,2.3527,29.4300,19.1000,-0.1811,1.0544,-0.0880
2022-05-29,-2.1150,-1.0225,9.1000,-39.9000,166.0390,0.7110,0.0398,25.7200,18.8000,-1.1045,2.8818,-0.0880
2022-06-05,0.9885,2.1489,8.6000,-45.6000,171.8120,0.6600,-2.4268,24.7900,16.8700,-1.1362,3.8600,-0.0880
2022-06-12,-0.3214,-1.4336,11.1000,-50.3000,177.4620,0.7220,-1.2148,27.7500,18.2900,1.1284,3.8818,-0.0880
2022-06-19,-7.5157,-8.9638,6.9000,-65.0000,158.6970,0.7890,1.5377,31.1300,25.7900,1.5900,3.4013,-0.0880
2022-06-26,-10.2898,-10.8187,-4.3000,-71.7000,143.7720,0.7640,3.3470,27.2300,23.9400,0.5931,1.5902,-0.0880
2022-07-03,-13.6757,-13.1643,-11.9000,-75.8000,119.5610,0.7820,4.4148,26.7000,23.9800,-0.5882,0.9008,0.3510
2022-07-10,-9.4481,-7.5203,-10.3000,-56.7000,113.7340,0.7380,2.5107,24.6400,23.0000,-2.0849,-1.0906,0.3510
2022-07-17,-4.5044,-2.6198,-12.8000,-51.3000,51.8960,0.7180,2.9938,24.2300,22.0800,-1.9353,-0.8559,0.3510
2022-07-24,1.1214,1.9897,-22.6000,-64.4000,29.5160,0.6860,1.1168,23.0300,19.7100,-0.8508,-0.1021,0.3510
2022-07-31,6.3364,8.0236,-13.1000,-61.8000,23.7090,0.6780,0.1542,21.3300,17.7900,-1.5629,-2.4827,0.3510
2022-08-07,5.9640,7.0563,-4.7000,-25.4000,28.9520,0.6090,-0.1653,21.1500,17.0000,-1.0200,-3.7309,0.3510
2022-08-14,8.4497,9.3004,3.3000,-25.2000,24.7740,0.5350,-1.7908,19.5300,15.4500,-0.7782,-1.5995,0.3510
2022-08-21,4.1598,6.0994,2.8000,-16.4000,28.0790,0.5850,0.9864,20.6000,15.7300,-1.8279,-1.7502,0.3510
2022-08-28,1.2046,2.0276,0.2000,-24.3000,20.0390,0.6480,2.4822,25.5600,16.1900,-0.8057,-2.1881,0.3510
2022-09-04,-3.2676,-2.4203,-0.1000,-26.6000,26.7120,0.6560,4.9644,25.4700,19.0700,-0.8684,-3.4701,0.3510
2022-09-11,-5.6829,-4.6890,-5.6000,-13.9000,25.0970,0.5500,6.0117,22.7900,19.1700,-1.0431,-3.7124,0.3510
2022-09-18,-4.4093,-3.2923,-3.0000,2.3000,27.4930,0.6890,4.7404,26.3000,19.1300,-1.1557,-4.4056,0.3510
2022-09-25,-7.6996,-5.9116,1.6000,10.9000,48.6970,0.7660,5.8618,29.9200,20.3300,-1.9009,-4.6130,0.3510
2022-10-02,-10.5387,-6.3283,4.3000,17.9000,53.5730,0.8070,5.0231,31.6200,27.1900,-4.4944,-7.2631,0.6660
2022-10-09,-6.3516,0.4329,2.0000,5.2000,50.1260,0.8060,2.3212,31.3600,23.9300,-6.7552,-8.3052,0.6660
2022-10-16,-7.1442,-0.2585,5.1000,17.4000,28.2150,0.8020,2.8984,32.0200,23.9400,-6.9036,-9.2488,0.6660
2022-10-23,-3.3572,4.3337,10.6000,25.5000,17.3220,0.7190,2.1709,29.6900,23.9400,-7.3715,-10.8864,0.6660
2022-10-30,5.2383,14.0669,10.6000,14.5000,-7.7710,0.5950,-0.6673,25.7500,22.7100,-7.7403,-13.0828,0.6660
2022-11-06,5.1768,13.3142,9.4000,18.9000,3.9980,0.5920,0.4424,24.5500,20.8400,-7.1811,-14.0127,0.6660
2022-11-13,12.2307,21.7973,11.0000,8.9000,-36.5350,0.5230,-7.7120,22.5200,19.9700,-7.8540,-15.7206,0.6660
2022-11-20,10.4540,18.6182,9.2000,11.3000,-42.3300,0.4740,-6.9437,23.1200,19.8700,-6.8823,-15.4744,0.6660
2022-11-27,7.4705,11.1517,15.4000,13.3000,-63.9930,0.4510,-6.8514,20.5000,16.9700,-3.3123,-15.2792,0.6660
2022-12-04,3.6578,5.9672,10.7000,12.9000,-83.3930,0.4370,-8.3753,19.0600,18.4900,-2.1795,-15.1499,0.6660
2022-12-11,-3.7903,-3.0988,10.1000,19.0000,-72.1110,0.4470,-1.3043,22.8300,17.5700,-0.7140,-15.4403,0.6660
2022-12-18,-3.4551,-2.2912,4.5000,-2.9000,-82.7540,0.4570,-2.4699,22.6200,17.0300,-1.1912,-15.5048,0.6660
2022-12-25,-5.0934,-2.4652,5.2000,-5.8000,-58.0200,0.3630,-3.2850,20.8700,17.4300,-2.6939,-15.9640,0.6660
2023-01-01,-8.1308,-5.5312,3.9000,-2.7000,-53.0180,0.3600,-2.6688,21.6700,18.4000,-2.7514,-13.6014,0.8040
2023-01-08,-4.1469,0.1422,5.1000,-7.3000,-107.4630,0.3070,-2.5201,21.1300,17.7400,-4.2832,-13.1985,0.8040
2023-01-15,1.1047,6.5812,12.1000,-6.1000,-111.8940,0.2710,-5.0266,18.3500,17.1900,-5.1387,-13.9030,0.8040
2023-01-22,3.5255,8.1861,18.8000,-17.7000,-119.6130,0.2510,-3.5254,19.8500,16.8100,-4.3079,-13.1846,0.8040
2023-01-29,11.0723,16.1773,19.6000,-3.1000,-117.3990,0.2090,-2.7025,18.5100,16.8600,-4.3941,-10.4677,0.8040
2023-02-05,8.3158,14.8133,26.9000,19.7000,-114.5040,0.2030,-3.1054,18.3300,17.0100,-5.6585,-11.7747,0.8040
2023-02-12,3.5053,5.4872,28.4000,24.1000,-104.7180,0.2510,1.9012,20.5300,17.5300,-1.8788,-8.3199,0.8040
