DPS,EBIT,FCF,NetDebt_to_Sales,DPS_E,EBIT_E,DPS_Derection
,-32739.93,-5199.21,36.03,1771,4545.95,-1
,-17546.51,-9508.27,61.96,,-730.88,-1
,-6986.88,-7186.88,74.28,200,3155,-1
125,-5008.62,-6233.68,57.8,,,-1
,-4493.89,-122.94,12.32,,,-1
,-4357.09,4375.29,113.41,,-410,-1
,-3625.3,-2680.09,34.58,177,3257.05,-1
,-2793.27,-2156.94,86.87,,393.33,-1
1000,-2674.94,1213.6,35.31,1041,634.76,-1
,-2612.61,-1445.58,14.99,,,-1
,-2350.27,4255.45,81.66,,889.5,-1
400,-2215.55,-2552.88,75.87,,,-1
,-1567.08,-480.59,40.82,,,-1
,-1342.41,181.16,112.2,,,-1
1000,-778.54,301.04,3.09,,,-1
,-679.96,111.85,17.25,,,-1
,-646.47,1285.53,76.95,,783,-1
,-641.76,-1465.26,6.84,,-89.5,-1
,-615.43,-91.11,78.65,,,-1
,-488.27,-2260.94,32.12,268,139,-1
,-482.81,2.25,60.47,,,-1
300,-368.43,897.58,36.28,400,486,-1
,-361.44,272.14,120.51,,,-1
,-358.12,-564.45,5.63,,428,-1
,-353.27,-86.99,43.74,,-56.33,-1
500,-328.33,-279.3,8.79,750,169.04,-1
,-299.37,162.8,63.49,,,-1
,-292.39,12.72,49.67,,,-1
,-284.08,-2479.17,111.69,,,-1
100,-257.57,-265.07,32.46,,,-1
,-248.62,-184.22,5.36,,,-1
,-248.26,18.17,96.81,,,-1
,-228.9,306.8,77.51,,,-1
120,-226.32,119.64,51.62,,,-1
,-222.67,1709.61,38.31,,,-1
,-216.01,82.04,124.34,,,-1
,-215.29,-117.8,86.1,,,-1
,-184.1,-194.17,73.29,,,-1
,-181.4,377.29,3.86,,,-1
,-168.42,-279.21,,,188.25,-1
,-161.55,-2361.88,77.96,,,-1
,-153.22,48.38,20.26,,,-1
,-152.53,395.2,33.41,,,-1
500,-151.96,3418.55,3.22,,,-1
20,-149.8,-164.51,1.15,,,-1
,-148.43,1476.68,33.18,,360,-1
,-143.06,-244.65,0.62,,,-1
,-141.33,3621.29,208.71,,,-1
,-138.78,-183.43,6.66,,,-1
,-134.61,-98.65,73.27,,,-1
,-133.42,-95.91,79.21,,,-1
,-132.18,535.33,161.35,,,-1
,-131.55,-406.47,41.83,,,-1
,-129.99,-119.32,54.45,,,-1
,-129.15,-427.02,149.64,,254,-1
,-125.46,310.33,75.4,,,-1
,-121.99,392.2,82.9,,,-1
,-119.92,-57.63,84.48,,,-1
25,-107.41,441.96,27.24,,,-1
,-97.43,8.66,47.42,,,-1
,-94.6,-67.15,21.97,,,-1
,-90.73,-77.87,46.33,,,-1
,-89.48,-22.74,4.22,,,-1
,-88.29,-207.4,141.35,,,-1
,-83.33,-147.63,78.65,,,-1
,-74.78,163.48,63.41,,,-1
,-72.32,230.72,,,,-1
,-70.3,28.84,12.51,,,-1
,-69.52,282.27,146.84,,,-1
,-69.12,155.74,9.62,,,-1
,-68.8,-6.14,108.22,,,-1
50,-66.25,-14.85,33.16,,,-1
,-61.21,164.58,25.1,,,-1
,-59.27,376.79,3.69,,,-1
,-57.53,-187.12,41.93,,681,-1
,-57.27,-77.33,27.02,,,-1
20,-56.21,191.79,,,,-1
,-52.23,-118.55,48.36,,,-1
750,-51.82,344.95,5.08,,,-1
50,-51.46,-9.12,13.3,,,-1
,-51.38,-26.12,48.17,,,-1
10,-50.48,-469.98,56.61,,,-1
,-47.84,-115.12,39.71,,,-1
,-47.7,314.73,42.94,,,-1
,-43.53,-543.9,47.66,,,-1
,-42.8,-35.09,,,15,-1
,-42.7,-44.36,87.37,,,-1
20,-40.85,45.04,,,,-1
300,-40.75,-1.47,823.29,,,-1
,-36.21,-117.86,30.25,,,-1
1250,-35.9,44.34,8.96,,,-1
,-32.97,289.09,5.96,,46.41,-1
,-31.12,-81.03,8.22,,,-1
,-30.64,-36.06,35.08,,,-1
75,-30.04,-94.55,,100,-19.48,-1
300,-28.07,152.25,,320,937.83,-1
,-25.73,66.79,263.28,,,-1
500,-25.54,110.63,42.56,,,-1
,-24.02,-163.26,98.69,,,-1
,-21.87,-76.73,6.59,,,-1
750,-19.48,9.59,1.09,,,-1
,-18.66,-43.26,,,11,-1
870,-18.44,50.7,,367,113.2,-1
750,-17.97,-101.47,0.43,,,-1
,-16.25,-104.44,31.58,,,-1
130,-14.65,-75.64,8.27,258,143,-1
,-14.4,23.4,11.48,,,-1
,-14.12,121.52,69.65,,,-1
750,-12.57,11.42,0.26,,,-1
750,-11.87,-80.48,26.59,,,-1
,-11.31,96.72,23.78,,,-1
230,-8.91,313.35,56.94,,,-1
150,-8.34,30.87,86.26,,,-1
,-8.26,-12.35,83.73,,,-1
,-6.61,-75.36,16.32,,,-1
,-5.22,-12.34,1.86,,,-1
,-2.47,-23.79,83.95,,,-1
350,-1.75,126.05,14.84,,,-1
,1.02,-4.55,172.57,,,-1
,1.54,36.96,208.33,,,-1
50,2.08,-210.91,20.14,,,-1
,2.6,-26.64,10.58,,,-1
,2.86,1324.2,26.96,,,-1
,3.81,13.3,3.49,,,-1
,4.16,-58.1,38.15,,,-1
80,5.88,99.45,28.71,,,-1
200,7.42,120.97,17.24,200,31.72,-1
200,7.55,136.22,9.11,,,-1
,8.09,39.17,10.33,,,-1
,10.92,-1189.88,95.19,,,-1
,11.46,-24.47,146.85,,,-1
,11.74,-19.97,188.96,,,-1
150,11.83,252.56,86.34,36,99.75,-1
100,13.09,14.37,32.31,,,-1
20,13.26,-30.87,12.67,,,-1
250,13.72,40.15,,,,-1
,15.38,-38.23,3.78,,,-1
10,15.85,-12.71,18.8,,,-1
,15.88,-271.19,55.13,,157,-1
200,16.54,-453.63,45.71,,,-1
,17.45,37.03,18.81,,,-1
600,19.64,363.42,,,,-1
,21.17,29.17,17.07,,,-1
500,21.29,78.71,7.32,,,-1
,21.4,4.07,,,,-1
750,22.58,118.31,,,,-1
,23.87,-370.9,25.76,,,-1
,24.06,-104.32,15.55,,,-1
500,24.31,13.1,,,,-1
100,25.22,38.71,,135,70.7,-1
,25.43,113.78,24.01,,,-1
5500,25.82,-42.45,1.32,,,-1
,27.22,-37.72,21.32,,,-1
,27.72,597.18,108.17,,,-1
,28.47,-175.92,21.34,,,-1
175,29.61,47.96,11.03,,,-1
,30.04,-278.21,38.68,,,-1
,31.25,554.74,25.86,580,432.6,-1
350,31.46,226.43,16.65,,,-1
,31.62,100.09,12.14,,,-1
100,32.27,-105.79,102.03,,,-1
,32.41,89.6,39.48,,,-1
35,34.64,-604.82,89.12,,,-1
,35.4,368.22,,,,-1
500,35.77,-110.96,5.13,,,-1
25,36.32,-323.98,28.41,50,111.95,-1
50,36.41,158.88,31.18,,,-1
150,37.15,244.08,98.89,150,338,-1
300,38.01,55.43,75.38,,,-1
10,39.1,75.22,4.58,,,-1
150,39.99,20.92,,,,-1
,40.18,-97.35,51.98,,,-1
350,40.25,30.38,28.91,,,-1
100,40.27,-48.35,9.85,,,-1
30,40.39,185.23,69.13,,,-1
25,41.1,131.15,18.46,60,176.5,-1
,41.15,-3.19,19.06,,,-1
,42.94,217.86,10.72,,,-1
,43.09,456.98,135.29,,,-1
500,44.88,462.73,7.29,,,-1
400,45.77,-943.12,14.68,407,642.5,-1
250,45.81,77.65,,,,-1
300,46.25,73.78,12.27,,,-1
1000,46.97,-155.45,63.4,1050,403.66,-1
150,48.02,66.96,20.82,,,-1
80,48.13,90.72,0.9,,,-1
,48.84,43.81,46.66,,,-1
200,49.77,454.81,14.02,,,-1
,50.13,-257.68,35.41,,,-1
,50.45,124.44,74.14,,,-1
,50.59,1.24,58.42,,,-1
70,50.64,45.59,8.5,,,-1
,50.73,503.78,61.65,,,-1
60,50.79,80.44,5.73,,97,-1
100,52.13,201.88,27.63,,,-1
27,52.73,343.96,13.8,,,-1
50,52.81,-148.21,17.13,75,199,-1
,53.31,-11.73,64.41,,,-1
50,54.33,-180.05,41.22,,,-1
,55.19,195.76,34.4,,,-1
,55.28,-19.4,5.21,,77,-1
150,56.02,95.18,26.47,,,-1
100,56.22,220.93,0.85,,,-1
,57.02,-64.47,87.1,,,-1
3250,57.49,-87.72,23.61,,,-1
60,57.92,-287.84,9.89,,,-1
200,58.09,39.76,208.44,,,-1
5,58.96,-240.39,30.94,,,-1
,59.15,-123.24,109.18,,,-1
300,59.17,93.83,,,,-1
100,59.23,-159.94,96.82,,,-1
,59.33,24.51,16.11,,,-1
,59.35,-70.57,0.62,,207.8,-1
50,59.35,1167.59,27.97,,,-1
100,61.74,146.99,5.85,104,146.6,-1
750,61.94,149.68,0.44,,,-1
1000,62.75,203.59,2.24,,,-1
100,62.94,65.7,15.71,,,-1
500,63.69,69.98,0.3,,114,-1
60,64.41,24.64,61.04,60,193,-1
1000,64.48,145.93,,1000,66.66,-1
300,64.91,-539.9,16.16,,,-1
150,65.31,53.24,10.48,,,-1
,65.64,-3112.96,43.09,129,1789.66,-1
100,66.12,31.88,6.64,70,147,-1
,66.33,40.97,29.7,,,-1
,67.16,-49.38,13.36,,,-1
180,67.79,82.89,6.46,,,-1
,68.51,111.68,10.38,,,-1
100,70.07,-71.75,2.87,,,-1
,70.25,180.55,39.82,,,-1
,70.45,101.76,12,,,-1
,70.63,-98.42,2.28,,,-1
500,71.48,-34.55,13.03,700,154.5,-1
100,71.79,120.32,6.13,,,-1
175,71.8,131,12.29,,,-1
100,71.9,-395.17,21.44,,,-1
,71.99,65.59,9.32,,,-1
,72.33,74.25,8.12,,,-1
900,72.87,399.57,0.78,,,-1
,73.07,1423.13,71.92,,,-1
30,73.4,154.49,71.91,,100,-1
400,74.46,29.21,22.42,533,442,-1
70,75,4208.21,39.05,75,425.25,-1
,76.25,520.61,62.55,,,-1
100,76.6,68.21,39.02,,,-1
,77.53,194.72,57.34,,,-1
200,77.78,109.28,28.88,,,-1
60,77.87,333.72,39.56,,,-1
504,78.37,-16.37,1.54,539,158.4,-1
100,78.46,93.3,0.9,,,-1
30,79.3,189.96,31.18,,276,-1
150,79.71,57.08,,,,-1
,79.79,44.11,4.44,,,-1
800,80.18,591.18,64.34,863,2467.19,-1
1000,80.29,160.06,,1000,118.06,-1
300,80.45,195.4,,375,116.1,-1
100,81.08,179.81,26.65,,,-1
,81.09,12.98,17.57,,,-1
750,81.58,82.16,,750,267.67,-1
350,81.61,-2.9,17.93,,,-1
50,81.89,44.49,26.6,100,108.91,-1
500,81.91,-23.08,0.15,,,-1
400,82.23,617.45,14.61,,,-1
300,82.64,208.77,,307,168.84,-1
,82.98,180.83,16.53,,,-1
660,84.07,144.53,,,,-1
10,85.45,-327.06,24.89,,,-1
320,85.71,123.1,,333,90.72,-1
1000,85.87,-421.6,,,,-1
250,85.92,53.14,6.18,,,-1
350,86.08,112.65,55.96,,,-1
350,86.3,67.65,,,,-1
100,86.61,61.72,29.39,100,120,-1
500,87.21,425.84,42.22,,700,-1
175,87.7,58.86,23.52,,169,-1
75,88.05,24.18,26.45,,,-1
35,88.64,-493.49,29.45,,211,-1
20,88.65,80.7,,37,164.87,-1
80,89.17,92.52,12.98,,,-1
100,89.65,249.75,9.8,100,68.79,-1
,89.92,627.89,384.5,,,-1
200,90.02,352.82,5.58,,,-1
400,90.96,-99.92,10.41,,,-1
210,91.39,21.14,,,,-1
,91.4,606.36,33.97,,,-1
,91.66,81.22,0.4,,,-1
300,91.68,130.7,14.04,,,-1
1000,91.89,140.95,1.27,,,-1
150,91.98,148.91,16.96,,,-1
500,92.26,222,12.02,600,122,-1
75,92.43,57.4,1.34,,132,-1
250,92.5,154.92,0.18,250,103,-1
500,92.92,206.94,36.46,,,-1
,93.3,115.78,12.03,,,-1
130,93.43,81.29,,,130,-1
100,93.93,291.67,19.44,,,-1
125,94.86,597.83,90.2,191,127.21,-1
,94.95,274.25,14.19,,,-1
,94.97,238.48,38.46,30,161,-1
,95.13,897.61,6.28,,,-1
225,95.37,191.79,1.24,,,-1
175,95.89,105.71,7.95,,,-1
100,96.78,164.69,39.6,,,-1
2000,97.06,-46.53,19.01,,,-1
30,97.36,387.2,5.23,39,230.16,-1
1500,97.75,34.55,0.65,,,-1
300,98.31,1380.8,26.95,,,-1
1000,99.04,-66.57,,,,-1
80,100.03,42.41,4.48,,,-1
600,100.39,150.33,,600,129.3,-1
,100.39,271.84,89.04,,,-1
400,101.78,-116.99,3.11,906,254,-1
100,102.92,187.2,45.09,,,-1
125,103.44,271.64,9,,,-1
625,104.21,311.06,38.21,615,329,-1
500,105.21,118.38,44.19,,,-1
1200,105.5,154.43,8.72,,,-1
1000,106.67,119.29,7.7,,250,-1
700,107.58,-29.54,,776,116.33,-1
,108.13,-16.42,57.76,,,-1
100,108.67,12.53,11.34,147,223.24,-1
200,109.51,385.58,19.56,,,-1
150,109.87,615.84,,,,-1
,109.97,-4.6,9.12,,,-1
500,110.2,-91.88,37.4,,,-1
,110.57,78.88,54.73,50,224.92,-1
,110.69,6.81,7.05,135,318,-1
55,111.48,-34.13,,,,-1
200,111.51,-150.15,1.87,,252,-1
,112.3,-53.59,,463,262.5,-1
,112.35,179.75,95.21,500,200,-1
200,112.9,-65.65,6.25,,,-1
200,113.19,126.35,5.7,,,-1
50,113.23,99.97,23.42,,,-1
400,113.62,173.24,0.41,,,-1
6000,113.69,-74.9,30.48,,,-1
375,114.35,90.97,,,,-1
175,114.85,105.51,3.98,,,-1
100,115.15,29.43,18.07,,,-1
150,115.39,46.57,11.51,,144,-1
50,115.43,3.43,27.31,,,-1
170,115.8,142.8,36.69,,,-1
,115.95,-9.52,2.94,,,-1
300,116,117.56,3.76,,134,-1
150,117.21,186.63,5.76,,,-1
90,117.34,105.8,4.74,,,-1
120,118.45,56.12,9.44,140,164.19,-1
50,118.7,-379.62,54.84,,,-1
,118.71,88.95,34.82,,,-1
,121.91,113.72,90.62,,,-1
250,122.83,24.4,62.93,,,-1
2000,125.36,-430.57,6.18,1698,734.91,-1
138,127.28,44.38,36,,,-1
150,127.45,-29.6,13.63,,,-1
60,128.25,98.92,2.66,120,249,-1
,128.64,217.74,18.49,205,307.5,-1
75,128.92,179.44,33.46,,,-1
100,129.93,50.69,17.33,150,159,-1
30,130.34,277.69,1.91,68,222.24,-1
150,131.37,184.46,9.22,,,-1
50,131.68,-282.12,20.34,,,-1
350,131.8,130.21,,509,245.67,-1
400,131.95,356.7,46.47,,,-1
125,132.34,-54.06,67.23,119,345,-1
45,134.29,32.95,25.69,,,-1
120,134.59,353.59,6.6,100,112,-1
150,135.15,-613.08,89.86,,,-1
1500,135.48,398.87,22.47,,,-1
1500,135.89,571.69,26.32,,,-1
250,136.63,134.36,8.41,,,-1
606,137.25,106.3,7.86,245,252.41,-1
300,138.26,212.79,3.75,300,320,-1
150,138.83,-65.29,24.53,,,-1
100,139.25,-38.11,6.56,,,-1
110,139.93,-326.56,16.66,100,290,-1
600,141.71,120.67,6.56,500,153.22,-1
160,142.06,-220.86,12.41,,,-1
250,142.82,100.75,33.17,,,-1
250,142.94,110.61,32.57,,,-1
,143.44,277.55,45.35,,,-1
400,143.55,132.72,0.2,,,-1
50,143.94,-380,31.26,75,220.61,-1
,144.26,662.1,23.91,,74.75,-1
1500,144.62,245.29,17.09,,,-1
150,145.75,143.69,3.76,200,178.32,-1
175,146.19,58.23,2.56,125,205,-1
1250,148.3,-57.07,2.07,,,-1
50,148.41,-60.83,81.2,,,-1
500,148.43,595.76,52.21,968,459.15,-1
4300,149.06,87.53,14.43,,,-1
1250,150.75,1427.32,2.95,1250,90,-1
550,150.86,-270.56,0.76,,,-1
1750,150.87,-166.17,9.19,2000,419,-1
,151.47,-114.23,16.04,,309.65,-1
300,151.51,9.99,3.52,250,220.33,-1
,152.42,-460.98,49.45,,176.48,-1
50,152.6,-588.73,30.32,,,-1
65,152.6,141.66,5.13,64,236.51,-1
150,152.66,53.88,20.06,,,-1
350,152.69,437.13,46.18,,,-1
500,153.89,101.59,4.38,,,-1
200,154.19,181.55,41.18,,,-1
,155.37,395.85,3.38,,,-1
75,155.44,-39.8,1.89,110,196.17,-1
,155.6,-128.97,53.7,,,-1
1000,156.01,-87.64,39.06,750,364.97,-1
1000,156.19,-456.07,50.67,1000,325.2,-1
80,156.49,-58.2,21.89,,,-1
140,156.89,167.07,13.15,,,-1
300,157.12,112.66,0.08,,,-1
25,157.85,-65.78,22.4,35,224.5,-1
750,158.63,-168.43,6.07,,,-1
130,158.79,200.9,3.36,,,-1
150,158.84,-49.89,33.35,,,-1
200,160.82,-213.41,19.86,185,292.75,-1
400,161.71,26.1,10.75,300,215,-1
500,162.98,-83.21,14.16,,,-1
,164.72,147.05,39.11,,,-1
180,166.04,123.9,0.09,150,164.61,-1
,166.08,283.7,24.75,,,-1
,167.01,70.74,13.09,,,-1
150,167.12,54,5.01,,,-1
175,167.57,-64.06,23.27,,,-1
750,168.12,233.38,9.73,,,-1
500,168.49,166.73,15.6,,,-1
500,168.84,-785.25,67.31,,,-1
54,168.88,-73.89,58.34,,332,-1
75,168.97,19.41,26,,,-1
800,169.53,7.55,4.56,,,-1
,170.5,194.2,29.55,,,-1
,170.9,37.02,0.52,,195.28,-1
150,170.99,-141.08,12.95,,,-1
500,171.14,235.48,8.86,,,-1
120,171.22,53.29,11.28,193,197.87,-1
120,171.56,-46.48,,100,247.5,-1
60,171.77,-157.74,46.6,,,-1
150,171.89,137.19,11.65,,,-1
307,171.98,35.93,,,,-1
20,172.47,39.73,26.03,,,-1
450,172.6,-7.28,23.22,,,-1
700,173.18,141.14,18.38,,,-1
80,173.42,1055.74,15.52,,254,-1
70,173.74,-10.55,22.21,,,-1
110,174.06,327.39,0.71,,,-1
100,174.37,-420.74,26.19,100,292,-1
250,174.37,323.86,20.58,,,-1
2000,175.41,110.8,31.37,,,-1
65,175.78,46.71,27.13,,,-1
350,176.95,181.97,,124,224.84,-1
,176.99,426.06,26.89,250,290,-1
1000,178.56,-83.25,15.29,2000,274.12,-1
198,178.6,-88.95,11.66,,,-1
,179.65,-120.84,15.55,,310,-1
160,179.66,-23.13,12.92,185,258.5,-1
400,179.75,172.95,48.08,,199.5,-1
750,179.85,35.83,0.09,,,-1
,181.27,90.62,20.13,,,-1
25,182.41,-186.01,115.84,,,-1
,182.45,62.12,21.97,,,-1
60,182.52,364.53,47.97,,,-1
750,183.3,-8.18,15.95,,,-1
,184.51,207.75,11.09,,,-1
,185.09,494.5,21.98,,391,-1
1800,185.45,54.42,11.5,,,-1
600,186.09,311.33,41.1,,,-1
198,187.4,-122.37,5.66,,,-1
3000,189,-143.43,26.97,,,-1
150,189.37,77.94,37.89,,,-1
200,189.71,-40.11,28.86,,,-1
280,189.95,-185.72,55.5,,,-1
,190.12,-149.18,38.06,,220,-1
130,190.45,-184.14,133.87,90,237,-1
150,191.37,145.39,9.68,153,261.67,-1
500,191.65,-180.47,39.83,,,-1
250,191.93,171.4,23.55,,,-1
250,192.81,170.94,11.63,,,-1
500,194.82,371.85,32.73,560,889.47,-1
500,195.08,327.77,10,,,-1
1500,196.26,225.55,18.08,808,150,-1
200,196.35,-300.48,22.38,,,-1
2000,198.02,63.94,19.78,1700,302.72,-1
1500,198.78,608.44,34.67,,,-1
250,198.87,104.38,10.93,,,-1
90,201.77,150.26,38.97,87,371.75,-1
80,201.95,-153.96,17.87,200,304.73,-1
750,202.88,186.32,11.05,,,-1
500,203.1,-419.69,10.59,,368,-1
500,204.08,119.65,51.41,,,-1
500,204.52,511.71,,,,-1
,205.28,1593.58,44.45,,,-1
,206.36,214.37,47.13,,,-1
300,206.4,326.97,7.59,,,-1
750,206.53,-66.19,78.16,,419,-1
750,207.96,31.06,0.02,,219,-1
,208.34,988.61,75.32,,,-1
90,209.45,290.12,14.8,88,327.35,-1
261,209.97,-93.74,10.09,,266.7,-1
210,210.89,892.52,129.81,,,-1
250,211.48,187.89,24.21,,,-1
,211.59,922.59,10.01,,,-1
500,211.73,208.03,3.59,200,,-1
100,212.17,810.8,18.75,,,-1
200,212.25,142.92,11.4,,,-1
7,212.44,192.95,30.69,9,299,-1
25,213.03,-11.77,79.22,13,559,-1
1000,213.47,316.87,105.65,,,-1
500,214.45,241.58,58.08,450,244.13,-1
50,215.24,-7.65,16.19,,,-1
150,215.25,-138.68,66.88,,,-1
,217.93,-204.75,28.94,,446,-1
450,218.36,64.94,33.51,,,-1
500,219.56,545.51,8.02,500,507.93,-1
,220.6,402.9,118.51,,,-1
100,221.03,365.24,12.15,,,-1
1750,221.43,1052.63,42.8,,,-1
250,222.91,-39.62,6.41,,,-1
300,222.99,69.99,,300,159.14,-1
135,223.07,162.15,9.51,,,-1
,223.6,730.09,29.63,,,-1
100,224.89,254.86,59.27,150,319.5,-1
165,225.74,61.77,8.66,,,-1
250,225.76,7.38,23.77,,,-1
750,226.52,229.62,,900,380.19,-1
75,226.73,-258.31,13.31,100,283,-1
450,227.03,69.53,29.25,,,-1
750,227.06,1071.57,16.26,,,-1
500,229.07,-1004.78,80.41,400,438.1,-1
60,229.71,320.53,23.93,,,-1
50,230.76,-12.6,35.12,,,-1
200,230.85,-30.51,,150,253,-1
180,231.53,257.57,6.19,,,-1
250,231.92,173.17,0.2,300,281.1,-1
750,232.88,73.13,,,,-1
100,233.02,188.51,16.61,,246.33,-1
200,233.69,156.37,15.89,,,-1
220,233.9,83.89,23.39,,,-1
750,234.46,198.16,7.13,500,564.84,-1
1700,234.62,135,,,,-1
200,235.1,-39.75,16.6,,,-1
100,235.66,275.64,20.52,,,-1
50,236.58,289.48,128.88,50,289,-1
,238.1,-199.78,29.98,,,-1
500,238.68,198.64,32.49,518,398.97,-1
150,238.83,135.86,3.42,,428,-1
900,240.02,253.25,6.48,960,351.44,-1
160,240.99,32.13,17.01,260,380,-1
,241.85,0.39,19.14,,,-1
80,242.34,128.7,59.43,,,-1
,243.27,1060.77,101.95,,,-1
600,243.8,63.5,4.15,,,-1
450,243.85,117.3,,317,292.36,-1
200,243.85,367.32,0.61,200,418.75,-1
1500,243.91,514.79,25.07,,,-1
750,243.92,-23.17,9.91,1200,448.5,-1
,244.33,151.96,57.21,100,332,-1
500,245.14,-373.56,23.59,,,-1
300,245.49,55.66,10.38,,,-1
,245.59,259.98,0.18,,,-1
1000,246.92,-180.12,0.02,,,-1
450,247.99,326.68,22.71,,,-1
1300,248.69,23.85,14.78,1555,537.45,-1
1600,248.89,293.58,1.37,,,-1
60,250.29,-331.43,20.73,60,260,-1
375,251.12,292.01,21.45,,,-1
750,251.18,337.5,45.54,,,-1
100,251.91,40.55,17.9,,344,-1
200,254.14,236.13,,220,267.75,-1
400,255.54,327.14,24.74,,,-1
210,256.07,30.14,3.92,240,416,-1
,256.22,43.58,38.95,,238.02,-1
125,259,175.63,79.62,,,-1
175,259.19,350.77,5.78,,,-1
200,260.22,105.64,37.06,,,-1
,261.47,104.19,37.16,,,-1
1400,262.44,226.01,1.08,1650,398.33,-1
500,264.28,-674.65,40.28,,,-1
800,264.57,252.41,19.27,,,-1
300,265.6,302.6,17.24,300,704,-1
1500,267.11,346.37,44.97,,,-1
500,267.2,324.67,29.06,,,-1
,267.72,2153.45,37.64,1886,1154.52,-1
130,267.89,-339.7,17.06,70,500,-1
600,270.4,27.23,34.67,600,389.56,-1
250,270.69,324.44,0.93,245,392,-1
300,270.98,130.6,7.4,125,388,-1
5000,271.72,-10.34,0.09,,,-1
850,272.21,488.03,,873,407.62,-1
2000,272.57,387.45,20.41,,,-1
100,272.85,313.2,34.44,,,-1
1250,272.89,320.57,4.4,1250,376,-1
175,272.94,63.01,0.15,319,341.05,-1
300,273.43,121.94,,300,314.5,-1
500,274.83,-165.16,7.55,,,-1
1250,274.9,221.44,1.3,,,-1
200,275.52,-71.79,14.28,191,318.63,-1
600,275.96,6338.27,37.51,634,464.36,-1
1000,277.2,375.1,,800,245,-1
150,278.19,415.83,56.14,,,-1
1000,280.34,-158.11,31.43,,,-1
500,280.38,112.12,0.53,297,335.7,-1
875,280.55,-185.26,1.85,,,-1
600,281.91,-126.98,53.47,533,417.67,-1
,282.33,9323.95,47.89,,2981,-1
450,283.43,323.76,25.88,430,285,-1
500,284.17,90.17,27.38,,,-1
350,287.06,28.67,11.98,350,447.68,-1
169,287.15,-77.48,5.57,,,-1
100,288.88,88.6,20.22,,380.5,-1
2000,289.19,60.22,6.38,,,-1
500,289.9,1516.63,34.47,500,1420,-1
2000,290.6,759.7,230.8,,,-1
750,290.63,319.27,41.33,,522,-1
,290.87,343.69,28.2,,,-1
250,291.28,-27.88,76.04,200,412.25,-1
260,291.48,-70.66,,226,358.17,-1
275,291.63,242.57,17.47,300,384.5,-1
120,291.74,305.46,5.89,,320,-1
25,292.25,493.69,,25,372,-1
350,294.2,208.66,0.23,11,338,-1
35,294.73,310.03,12.56,,435,-1
30,295.38,158.99,23.35,,,-1
500,295.8,20.49,4.41,,,-1
,297.34,187.57,477.53,,,-1
63,298.61,-180.94,49.08,,,-1
700,299.27,259.53,,,,-1
70,300.21,166.01,38.16,78,567,-1
,300.41,778.99,47.83,,,-1
500,300.62,-272.79,52.19,,,-1
750,302.25,564.37,,909,423.72,-1
,304.84,-147.16,47.55,,,-1
500,306.18,70.51,113.65,,421,-1
100,307.44,329.58,14.97,,,-1
160,308.98,66.35,31.23,,,-1
100,310,408.53,42.73,,,-1
,310.98,91.51,57.57,,452.38,-1
100,312.15,268.3,0.63,78,339.6,-1
300,312.76,273.13,0.97,300,334,-1
1500,313.29,535.67,10.7,,,-1
200,313.74,388.55,30.79,200,272.2,-1
1750,314.76,327.97,17.47,1625,614.17,-1
150,315.77,266.48,28.07,,,-1
500,316.91,-63.42,22.73,400,428,-1
210,317.07,246.37,3.41,210,,-1
125,320.21,899.78,91.18,,,-1
100,321.54,-10.94,18.56,,,-1
275,322.97,208.47,19.16,,,-1
150,325.04,-146.83,20.6,,,-1
100,325.92,39.9,6.4,100,399.67,-1
,326.1,145.67,28.04,,,-1
1650,326.22,448.31,1.49,,,-1
150,327.32,-53.07,8.16,187,608,-1
2500,327.98,-212.51,6.56,,,-1
8000,332.32,782.85,1.04,7603,450.37,-1
600,332.38,1205.77,21.18,600,473.75,-1
5,333.95,-19.92,30.33,,,-1
1000,333.97,216.76,,,464,-1
150,334.21,446.27,0.11,130,327,-1
45,334.57,-224.39,104.14,,,-1
700,335.45,-42.77,3.52,,227,-1
100,335.79,605.03,61.12,,,-1
400,337.42,107.97,36.76,400,225,-1
850,337.7,-234.85,26.39,,,-1
56,339.07,241.29,37.28,,,-1
350,339.77,1559.86,0.47,450,498,-1
600,339.87,466.24,7.94,600,460,-1
1000,339.94,-243.15,35.26,1000,548.11,-1
,339.95,-40.57,28.77,,,-1
120,341.01,434.72,30.01,,,-1
75,341.5,320.14,52.76,75,407.33,-1
80,341.99,84.19,0.46,100,541,-1
,342.08,3773.07,67.28,2250,1509.67,-1
164,342.15,229.12,14.42,150,402,-1
300,343.59,-150.55,17.26,400,625.33,-1
1400,344.11,-606.25,37.29,,721,-1
175,344.39,257.57,14.92,,,-1
,347.46,-283.86,39.06,,601.21,-1
500,348.54,254.85,226.5,300,590,-1
,350.51,141.51,3.53,,,-1
350,351.27,287.05,,,,-1
100,351.33,-260.65,0.51,,,-1
1200,351.38,478.24,5.47,,,-1
900,351.44,1022.23,2.35,,,-1
20,352.64,-283.56,23.38,,,-1
150,353,414.75,16.84,154,502.45,-1
250,354.12,-9.75,66.73,,,-1
150,354.71,349.21,58.9,,,-1
100,356.09,1063.09,34.32,200,678.8,-1
450,357.82,110.38,25.65,,,-1
1000,358.12,268.26,,,,-1
663,358.97,180.6,18.7,,,-1
900,359.09,155.72,,1011,538.17,-1
1250,359.49,215.96,6.14,,,-1
250,360.32,611.41,105.24,,,-1
60,360.62,-76.52,21.47,,563,-1
2000,361.78,13.42,7,,,-1
50,362.05,297.96,32.39,,,-1
100,363.43,470.21,20.15,,,-1
300,366.71,-380.12,34.11,294,397.14,-1
1500,368.09,345.82,,,,-1
600,368.67,317.93,,650,420,-1
30,368.77,430.62,39.96,,,-1
2500,369.01,168.91,0.34,,,-1
1200,369.84,186.37,10.73,,,-1
,371.56,8816.82,17.42,,,-1
1500,372.39,245.47,19.37,,,-1
1500,372.45,1012.57,13.81,,,-1
300,372.87,24.94,70.18,,,-1
,377.09,386.49,17.63,100,479,-1
2000,379.24,-255.01,12.61,1500,510.67,-1
,382.38,69.36,0.23,,420,-1
,384.19,-228.6,36.2,,,-1
500,385.54,241.52,16.92,350,511,-1
1000,387.48,237.71,13.74,,,-1
80,390.46,-6.22,0.51,90,496,-1
350,393.07,-75.69,69.48,,,-1
1000,394.11,286.92,16.14,,,-1
,394.62,-167.51,30.46,,,-1
1750,395.41,394.07,,,,-1
60,397.51,349.21,9.87,,769,-1
60,398.16,522.02,60.56,,625,-1
1250,398.38,578.99,1.27,1425,738.17,-1
3250,398.65,264.95,14.83,,,-1
300,398.7,386.02,22.55,300,469,-1
1000,398.84,262.28,15.67,1000,373,-1
750,401.03,102.54,,750,497.06,-1
330,401.14,136.18,73.79,,,-1
,404.96,130.23,33.65,,,-1
270,405.92,487.1,14.7,,,-1
60,408.01,417.18,1.04,,460,-1
175,408.9,775.83,16.26,175,370,-1
1500,409.39,1129.92,14.12,2375,1064.4,-1
70,409.4,281.53,40.96,55,680.4,-1
300,409.62,4.02,5.72,200,583.5,-1
200,410.25,365.53,27.48,,,-1
175,410.44,243.94,27.74,,,-1
2000,411.07,278.05,18.33,,,-1
1500,411.15,122.02,3.17,1436,645.46,-1
2200,411.2,205.58,70.77,,,-1
400,411.43,1551.24,33.45,600,888.53,-1
600,412.61,-211.24,27.25,850,590.41,-1
700,415.91,324.47,0.2,,,-1
1000,418.28,725.72,,,,-1
300,418.38,-96.11,,300,498.42,-1
180,423.09,212.04,79.24,,,-1
300,424.86,83.72,3.33,310,521.52,-1
1200,424.92,145.23,14.87,1000,499.21,-1
200,428.01,291.34,7.5,,,-1
75,429.36,1076.3,59.98,81,975.05,-1
700,432.18,345.76,0.01,,,-1
250,433.2,-9.1,14.52,150,638,-1
,433.49,347.28,0.42,,,-1
180,434.37,762.43,86.59,,,-1
900,434.96,556.16,10.53,1400,102,-1
300,435.18,127.28,15.24,300,591,-1
600,435.2,1430.28,14.99,600,521.25,-1
700,435.64,-741.06,28.21,743,629.2,-1
,437.34,-758.58,101.74,,578.78,-1
500,440.3,262.16,27.36,433,455.98,-1
,440.75,2727.5,40.07,,1350,-1
2000,441.62,586.37,12.75,,,-1
,442.55,424.29,14.61,88,405.67,-1
80,443.89,67.49,9.46,100,537,-1
,445.32,-448.55,104.52,,538.67,-1
,446.97,406.2,128.53,,,-1
100,447.48,472.94,28.71,650,450,-1
,451.27,682.44,10.01,450,589.36,-1
,454.25,1762.13,51.62,50,1376.91,-1
240,454.85,269.53,3.46,247,482,-1
3250,455.63,893.25,18.11,3000,393.5,-1
350,456.21,484.04,,250,404.25,-1
,457.5,841.78,53.46,,,-1
400,458.27,104.13,20.26,,484,-1
150,458.32,291.79,5.71,100,784.5,-1
500,459.75,-48.54,51.71,,,-1
1200,460.17,374.35,19.12,,,-1
,460.79,-887.34,96.51,,1880.54,-1
100,461.64,295.45,26.09,100,567,-1
230,468.17,830.25,302.99,,519,-1
100,468.24,77.83,8.85,,588.33,-1
350,468.53,518.06,3.77,350,556,-1
100,470.49,28.35,6.31,117,539,-1
650,470.53,34.78,31.09,634,558.91,-1
2000,470.6,728.66,18.87,,,-1
300,471.16,801.7,4.73,380,499,-1
100,471.51,101.04,28.15,90,632.68,-1
1500,472.19,499.53,,,,-1
8500,474.56,331.42,0.83,8990,573.06,-1
700,476.73,520.55,,,,-1
200,477.57,-134.39,8.8,150,646.5,-1
900,479.39,467.73,5.82,900,743.66,-1
270,480.72,356.83,88.78,,,-1
100,484.14,276.12,32.21,,640,-1
400,485.96,-647.11,7.39,375,1060.44,-1
1500,486.43,235.06,13.09,,,-1
,487.21,-536.9,4.02,703,862.83,-1
500,490.85,54.79,,614,570.29,-1
50,492.57,408.77,,61,536.64,-1
900,493.19,156.47,0.14,726,787,-1
250,493.32,-983.1,51.17,,,-1
750,493.69,375.16,77.55,323,543.85,-1
200,494.2,498.74,21.34,,,-1
600,498.78,-403.15,12.43,650,794.91,-1
170,500.3,456.7,26.37,,,-1
2000,501.26,-244.14,7.81,1893,923.15,-1
80,504.59,36.56,12.48,80,519,-1
250,505.01,186.15,25.3,100,286.43,-1
1000,505.49,-101.35,52.42,1000,267,-1
100,506.76,4.47,0.25,80,664,-1
300,507.31,-839.63,337.09,,,-1
2000,508.65,338.79,25.94,,,-1
550,509.6,430.97,,,,-1
1250,518.36,511.26,66.26,,,-1
700,519.44,-217.93,19.62,829,748.94,-1
350,519.59,325.72,,263,580.02,-1
600,520.39,866.67,2.06,625,583,-1
3000,523.91,575.42,5.28,2500,464,-1
1250,527.23,510.88,,1300,529.26,-1
270,527.72,445.53,274.78,230,506,-1
,529.14,343.67,145.27,10,1113.82,-1
800,530,594.68,17.99,795,654.29,-1
1500,530,837.23,20.86,900,644.57,-1
1000,533.74,444.42,57.73,1000,,-1
150,537.5,92.68,0.64,106,540.89,-1
800,539.3,313.99,22.89,513,715.22,-1
250,541.15,397.41,4.24,150,771.85,-1
350,541.65,330.11,11.67,1165,501.79,-1
,541.86,363.03,42.08,,660,-1
160,542.77,280.6,36.15,155,912.33,-1
500,548.49,156.99,12.36,,,-1
850,555.24,585.12,24.16,611,872.5,-1
,556.79,-3131.01,162.88,,1309.36,-1
250,557.13,916.07,8.81,121,606.6,-1
500,563.29,224.26,49.03,,,-1
300,563.62,472.8,0.03,283,817.96,-1
1500,565.06,-242.28,12.75,,,-1
1000,565.62,282.82,33.78,918,492.58,-1
1500,567.77,301.94,3.18,1500,663,-1
250,567.89,182.97,,260,793.31,-1
500,568.43,2426.49,0.42,270,749.6,-1
,568.44,-440.76,40.15,,,-1
6000,571.55,164.66,0.14,,,-1
,574.75,-533.06,48.25,625,619.58,-1
350,574.87,33.45,5.06,350,597,-1
40,578.07,853.56,8.58,40,691,-1
15,581.39,81.15,55.07,,1700,-1
1250,581.86,218.65,,1250,590,-1
1250,584.39,417.95,,1250,623.16,-1
2000,585.52,653.72,14.96,1750,606,-1
1500,586.67,211.15,2.09,1275,668.92,-1
1000,590.47,1264.58,26.25,,,-1
2000,592.06,761.42,114.58,,,-1
700,594.71,180.58,10.52,,,-1
200,597.1,79.58,15.03,157,629.29,-1
711,600.09,806.25,23.27,500,737.14,-1
7000,600.25,533.34,,6450,699.26,-1
500,602.3,745.14,5.1,325,614.83,-1
300,602.7,-2588.18,53.72,373,1355.47,-1
450,606.01,82.25,0.65,474,685.13,-1
750,609.58,365.7,8.63,,,-1
3000,609.7,-257.59,17.01,,,-1
2100,611.97,-68.71,13.03,,,-1
500,613.87,499.36,20.03,600,656,-1
1500,615.64,597.02,60.95,1000,710,-1
185,617.98,700.78,46.78,199,787.5,-1
75,618.43,1029.92,44.11,110,760,-1
,618.44,1549.55,7.73,200,582,-1
300,618.59,-2393.47,115.99,,889.5,-1
,618.95,527.42,38.47,,834.67,-1
2000,620.6,825.67,105.93,,,-1
450,621.19,331.92,31.18,538,801.14,-1
300,622.79,-233.62,2.12,350,839.67,-1
45,624.61,-134,35.15,58,1011.5,-1
220,628.46,333.11,0.53,276,690.64,-1
400,633.59,406.74,14.79,271,854.14,-1
120,633.8,-19.67,18.93,120,312.9,-1
1100,634.19,388.42,31.71,1000,780,-1
1500,637.82,364.17,31.28,,,-1
450,642.96,149.35,10.91,,,-1
625,646.04,502.29,16,,,-1
200,650.4,320.88,28.05,,,-1
350,652.23,400.43,18,,,-1
2500,652.63,923.5,0.87,2250,832.5,-1
1750,652.67,1871.49,,,596,-1
253,656.61,428.25,,12,733.85,-1
700,657.08,430.15,17.43,,,-1
280,657.23,343.95,0.45,1250,500,-1
1400,665.23,559.74,13.25,,690,-1
400,666.49,180,0.11,290,741,-1
250,667.02,-287.8,26.19,,,-1
75,671.92,260.2,16.27,,,-1
300,672,-131.47,0.75,,,-1
120,680.1,444.35,29.36,200,841,-1
1100,680.47,629.93,42.53,,,-1
500,682.47,2052.6,39.77,530,1133.93,-1
90,687.29,656.35,61.84,,,-1
140,688.66,398.64,21.31,,747,-1
100,689.58,981.07,33.3,,823,-1
2000,695.81,692.45,17.43,,,-1
500,696.04,292.2,57.48,533,814.33,-1
300,699.26,-2018,29.66,250,1358.33,-1
1000,701.9,282.1,0.01,750,928.5,-1
800,702.85,247.58,4.99,808,832.28,-1
350,703.37,-134.66,74.77,357,1053.79,-1
,704.2,696.67,52.88,250,1163.1,-1
1000,708.18,5423.67,32.48,1411,2912.56,-1
350,709.74,-520.17,26.27,,,-1
110,709.77,592.64,23.77,110,1014,-1
,711.64,1537.35,20.71,,2226.35,-1
800,713.72,64.18,6.28,750,945.66,-1
1000,716.91,100.32,14.81,,,-1
2500,723.59,-541.1,16.55,2583,864.33,-1
150,724.16,443.73,31.62,78,771,-1
300,724.67,769.67,0.14,300,1211.2,-1
150,725.09,198.76,17.9,473,867.33,-1
75,728.65,305.4,59.2,90,809.06,-1
350,730.19,1105.92,33.7,372,885.8,-1
2500,733.03,651.63,8.66,2500,848.14,-1
250,735.98,2846.67,24.6,650,984.49,-1
74,737.45,220.88,23.76,,,-1
2000,740.04,586,13.3,,,-1
800,742.46,-233.61,6.11,876,943.19,-1
1500,742.65,-55.38,2.94,1500,960.33,-1
,743.23,1086.16,37.24,,,-1
850,743.35,95.66,28.85,876,1628.33,-1
1750,743.93,-121.17,6.9,1561,785.6,-1
100,744.21,300.56,95.31,,,-1
800,747.01,531.57,14.07,,,-1
300,750.1,515.58,6.08,300,833.67,-1
350,751.31,390.72,5.91,425,1123,-1
,754.97,-2014.54,63.24,,818,-1
180,757.28,281.88,6.45,160,511.5,-1
1090,758.58,333.49,20.91,866,877.39,-1
350,762.46,1783.48,39.62,350,,-1
140,763.5,900.29,43.37,70,1046,-1
450,767.29,460.77,89.81,494,894.57,-1
100,767.64,-503.32,21.19,175,933,-1
500,769.17,1636.12,35.34,,,-1
500,770.67,1583.34,48.49,500,1145.67,-1
1750,777.05,2593.83,22.56,1500,1003.33,-1
200,777.07,-92.98,52.29,355,1087.82,-1
800,782.85,286.14,11.55,425,931.75,-1
220,784.7,645.73,1.94,,,-1
2100,785.18,434.58,,2000,891.35,-1
,790.53,-2423.09,195.26,,1103.5,-1
1000,791.52,621.35,41.9,1057,1018.39,-1
600,799.85,736.22,51.79,440,845.88,-1
3250,804.73,1151,184.9,,,-1
300,810.17,238.53,10.61,,882,-1
300,813.49,161.95,7.33,100,995.5,-1
4,814.5,898,,24,,-1
600,815.52,473.58,18.04,500,888,-1
250,815.69,316.74,29.48,210,836,-1
200,816.92,1823.62,13.29,327,2067.36,-1
300,818.07,1454.16,4.43,250,1209.5,-1
500,820.6,422.39,27.87,,868,-1
3000,822.76,400.63,10.25,2083,916,-1
188,823.92,28.84,42.93,,,-1
245,824.24,138.03,32.74,,,-1
1700,824.41,197.71,6.47,677,762.57,-1
300,826.82,758.28,1.24,,,-1
100,834.49,88.53,43.99,,,-1
195,834.89,322.77,35.96,,870,-1
700,835.93,180.29,33.14,530,682.32,-1
2500,842.95,495.19,5.78,2500,816.5,-1
500,843.21,101.01,25.01,,,-1
250,849.36,440,17.72,,,-1
,851.13,-132.15,7.68,,1210.5,-1
300,852.09,263.54,9.82,,1170,-1
300,853.42,310.88,3.31,225,998.2,-1
250,855.19,759.04,46.97,,,-1
2110,855.58,2175.93,90.62,1733,1542.79,-1
550,857.7,299.95,24.01,,,-1
2000,858.37,-216.55,13.43,1775,997.83,-1
1500,861.16,59.43,14.3,,,-1
1300,861.6,-357.18,21.39,1325,2247,-1
500,862.05,1683.86,36.4,575,899.93,-1
500,863.49,1465.17,18.17,,,-1
,872.01,-12.54,13.24,,,-1
500,879.68,-12.22,39.26,,,-1
400,881.84,176.81,29.77,,,-1
4000,885.6,178.85,3.95,4214,1037.21,-1
2000,887.1,143.13,9.15,1942,1267.16,-1
450,889.78,-328.36,19.27,,,-1
1400,892.62,-411.33,25.66,1558,1273,-1
4000,897.03,263.76,4.47,4056,1175.55,-1
,897.35,608.48,19.73,,,-1
,898.57,-157.67,28.33,,,-1
500,902.87,598.19,4.76,750,381.67,-1
701,908.66,895.17,10.75,1458,820.25,-1
,910.3,972.16,14.77,,1231.13,-1
1500,911.68,1268.75,82.19,,,-1
250,914.43,952.85,41.12,363,1049.54,-1
1500,919.71,1180.09,19.37,1100,1056.92,-1
1500,920.5,220.13,0.51,1000,1173.25,-1
4000,926.03,639.61,4.57,4033,1058.87,-1
,932.04,11458.03,186.29,,2040,-1
625,946.91,941.34,13.32,,,-1
,949.58,185.34,3.76,,-25.2,-1
1400,962.49,1323.64,24.94,1400,1102,-1
1000,966.79,894.87,,1130,1291.15,-1
1000,967.17,-245.74,29.12,1000,1207.08,-1
500,967.21,-27.21,28.67,413,1260.63,-1
1250,973.55,797.16,0.39,,,-1
650,981.15,452.32,,550,969,-1
250,981.29,910.01,38.26,528,1123.36,-1
750,982.75,582.79,20.14,,,-1
1500,983.05,1198.86,102.81,,,-1
250,984.94,694.67,48.71,250,1376,-1
4000,1015.55,154.82,5.54,4117,1508.79,-1
45,1018.29,-53.55,23.19,59,1417.75,-1
3300,1023.43,799.3,0.29,,,-1
375,1030.39,2637.17,,525,1771.07,-1
250,1032.87,178.11,0.01,250,1034.25,-1
350,1039.61,14.88,2.32,336,1250.57,-1
75,1049.7,2269,69.8,131,1316.16,-1
500,1050.16,-1418.6,35.4,,,-1
3500,1050.76,587.86,6.52,3000,1180.33,-1
4000,1050.87,845.26,5.03,4380,1426.77,-1
205,1057.25,338.5,29.27,,,-1
,1062.34,5899.73,60.73,16,1319.25,-1
300,1062.51,923.04,0.61,200,1224,-1
400,1062.99,-160.75,1.46,393,1419.19,-1
160,1065.15,1027.66,0.14,338,1441.84,-1
1000,1066.61,-447.63,34.11,1050,1410.7,-1
1000,1068.35,1910.29,19.35,1167,1477.4,-1
700,1069.92,513.91,0.32,,,-1
4000,1071.97,524.67,5.06,4258,1084.8,-1
300,1076.09,-1670.28,29.84,,,-1
200,1089.47,1614.29,43.79,275,1283.97,-1
500,1089.94,319.12,32.07,500,1226,-1
1070,1100.76,275.82,,1204,1309.02,-1
500,1105.41,-489.05,14.48,557,2236.38,-1
500,1112.82,911.2,11.59,,,-1
1500,1112.88,897.34,9.9,1518,1429.5,-1
100,1115.57,596.35,27.06,100,675,-1
1250,1115.73,613.97,40.88,,,-1
300,1119.72,-532.3,47.2,300,377,-1
250,1129.93,631.46,45.57,,1710,-1
800,1136.11,2242.6,,581,1556.65,-1
350,1141.66,2078.78,31.75,333,1227.61,-1
1100,1142.22,251.1,,1367,1559.25,-1
300,1151.93,-626.24,24.41,,,-1
1150,1152.74,406.87,,1255,1299.33,-1
148,1161.35,2812.18,68.29,168,1926.78,-1
1000,1168.95,-10758.14,22.45,1220,3896.3,-1
620,1177.77,597.19,51.21,,,-1
4000,1182.88,370.93,6.97,4033,1208.2,-1
500,1195.08,493.2,10.89,563,1516.75,-1
,1200.66,94.14,41.32,,1690.75,-1
560,1206.32,-1163.51,6.57,903,1460.5,-1
600,1212.09,323.68,29.06,562,1419.85,-1
300,1216.76,-5231.86,55.4,306,1779.53,-1
550,1226,222.44,35.39,554,1392.73,-1
350,1226.75,1985.36,9.6,236,1671.23,-1
200,1231.18,-5803.45,50.12,200,2108,-1
350,1231.46,951.25,8.91,,1480,-1
1000,1239.36,378.88,10.45,852,1309.2,-1
1700,1253.28,147.27,,1542,1354.83,-1
500,1254.16,966.53,62.86,487,1281.6,-1
3800,1255.92,6.75,11.03,2833,860.67,-1
,1263.81,274.8,0.16,161,1494.61,-1
1200,1266.39,2100.32,,1233,1882.79,-1
,1267.56,-1368.61,39.37,218,5982.9,-1
250,1268.75,513.18,39.49,250,1520,-1
300,1292.63,678.64,21.12,419,1797.74,-1
600,1298.13,747.35,28.19,567,1487.29,-1
3500,1303.86,506.1,21.56,3600,1506.2,-1
965,1328.53,246.62,136.23,2550,1400,-1
120,1335.42,-2159.26,20.8,120,1834.27,-1
150,1336.99,387.35,27.32,,,-1
1000,1339.87,2007.62,58.82,973,1446.65,-1
500,1341.64,630.14,31.36,500,2050,-1
1750,1343.71,1643.15,89.98,,,-1
375,1350.1,1051.67,46.83,,,-1
1800,1357.32,1269.29,7.53,1861,1475.86,-1
350,1357.55,1482.57,87.75,460,1849.14,-1
1500,1376.04,511.52,18.38,,,-1
200,1395.24,1142.39,35.68,412,1922.67,-1
2400,1400.99,491.15,9.17,2200,1764.33,-1
300,1403.16,331.04,24.06,150,1641,-1
2000,1410.13,692.01,33.89,,1741.13,-1
6800,1425.01,548.24,6.76,5440,1491.64,-1
9200,1428.77,-302.44,49.68,4425,1724.12,-1
400,1429.67,722.87,0.45,250,1344,-1
250,1431.95,827.44,52.31,,1444.65,-1
500,1449.26,-63.77,110.02,524,1918.21,-1
,1449.61,2822.21,45.04,108,1973.5,-1
1300,1451.38,893.4,,1107,1620.3,-1
600,1452.7,1575.34,0.6,570,2136.38,-1
7000,1460.55,481.32,5.64,6913,1633.67,-1
1500,1473.35,1046.62,26.56,1750,1908.5,-1
7500,1482.78,-805.71,12.28,8000,1722.29,-1
1700,1488.55,173.56,25.2,1600,1684,-1
1000,1491.05,3503.36,28.67,1000,2010.11,-1
250,1494.74,1694.29,75.57,,2316,-1
300,1495.49,1217.31,0.6,297,1468.6,-1
300,1495.85,-4586.38,37.83,400,1978.2,-1
3500,1500.37,164.85,30.92,3143,1809.77,-1
1000,1507.36,528.75,5.82,665,1657.4,-1
600,1512.52,728.66,1.62,785,3333.43,-1
7500,1517.25,384.23,12.07,7511,1678.73,-1
1800,1519.34,633.8,41.21,1567,1855.67,-1
1100,1528.31,1703.57,0.66,1125,1662.47,-1
270,1531.48,995.32,32.03,270,2147,-1
800,1532.45,-1412.79,28.94,700,1791.25,-1
180,1546.18,1548.39,35.68,170,1498,-1
150,1558.23,1218.42,25.9,156,1508.84,-1
850,1566.51,1323.89,17.39,775,1786.29,-1
1800,1569.91,-285.64,28.5,1802,1659.76,-1
200,1585.61,1295.93,11.13,406,1106.99,-1
600,1588.66,1570.03,35.7,500,1675,-1
170,1595.08,404.22,23.82,,,-1
1750,1598.01,2103.59,7.6,,,-1
1100,1610.51,1963.4,69.11,1209,1893.33,-1
1200,1610.76,2005.12,24.18,1310,1737.91,-1
3800,1616.56,-183.95,139.51,2919,1858.91,-1
600,1617.83,623.46,31.57,667,1826.06,-1
,1618.33,3183.12,17.27,643,2633.71,-1
60,1622.01,1621.28,23.32,30,1543.74,-1
700,1623.01,1454.88,116.28,354,1995.91,-1
240,1630.34,-2301.69,31.53,,,-1
1000,1632.45,2612.82,46.79,900,1823,-1
650,1641.2,-667.15,6.93,,,-1
8000,1665.75,618.11,20.95,8500,1834,-1
1250,1671.88,497.86,,1267,1854.23,-1
,1689.35,1078.33,25.62,12,4951.56,-1
600,1696.64,118.75,46.72,654,1784.06,-1
600,1712.76,1392.3,32.36,628,1794.55,-1
2200,1723.25,1985.56,16.45,2213,1702.13,-1
3750,1723.84,153.93,31.41,3705,1833.75,-1
1200,1725.58,1570.88,,1281,2171.5,-1
700,1743.92,365.93,27.97,608,1936.43,-1
3000,1752.2,314.7,29.73,2500,2188.06,-1
1750,1753.7,1736.41,16.59,,,-1
900,1756.95,956.35,53.31,969,2310.53,-1
400,1763.5,2075.85,20.37,413,1945.25,-1
250,1794.46,255.24,25.09,205,2079.24,-1
650,1802.59,-175.28,12.32,793,2156,-1
770,1810.97,1628.18,0.51,814,2047,-1
200,1822.88,663.29,8.16,306,1929.19,-1
1200,1836.16,2165.68,1.57,625,2175.64,-1
200,1863.03,321.93,10.95,225,2210.81,-1
1700,1864.81,-77.64,15.3,1883,2126.92,-1
1500,1868.74,4280.99,19.63,1609,2832.33,-1
450,1884.07,4853.16,76.21,,,-1
400,1906.24,459.35,22.94,400,3148.7,-1
1550,1920.34,1931.45,6.1,,,-1
400,1940.32,-2586.53,25.76,200,2023.33,-1
200,1968.19,2261.45,23.98,183,2406.54,-1
500,1974.11,-377.89,24.45,200,2850.58,-1
1100,1979.77,-2114.49,45.63,1086,2882.8,-1
1250,2007.27,1744.38,74.07,1088,2381.42,-1
400,2007.41,654.54,0.72,,,-1
9000,2008.64,457.85,60.88,8875,2914.5,-1
350,2010.38,927.87,18.2,317,2278,-1
1000,2011.29,548.59,52.65,1077,2345,-1
50,2014.23,3048.77,110.85,261,1985.19,-1
400,2018.01,787.88,2.67,475,2032.75,-1
250,2031.69,625.94,19.92,,2176,-1
,2039.21,2912.22,167.79,,1900.8,-1
150,2047.52,398.99,17.06,150,2021.67,-1
840,2049.17,1931.73,6.17,906,2354.13,-1
500,2054.87,4021.85,12.17,507,2818.73,-1
127,2067.86,4797.56,24.56,147,4015.62,-1
220,2070.14,539.07,26.84,,,-1
1850,2074.63,1893.07,15.84,524,2420.81,-1
3620,2099.36,561.96,109.4,2081,1528.33,-1
300,2114.61,1067.01,10.18,298,2462.75,-1
250,2122.54,1034.59,10.97,325,2587.67,-1
550,2136.7,2158.45,25.81,633,2639,-1
3000,2150.94,763.26,39.96,2286,2693.8,-1
1500,2164.01,6394.75,68.91,1000,2040,-1
600,2174.65,1700.24,33.73,618,2404.43,-1
50,2194.74,-742.04,39.09,298,3843.12,-1
1200,2195.42,7309.46,29.81,932,3731.62,-1
1000,2197.79,3060.32,37.1,1014,2842.5,-1
1500,2251.93,-77.48,71.12,1450,2336.08,-1
850,2257.94,3893.18,19.08,611,2795.44,-1
750,2296.34,131.68,7.66,500,2289.33,-1
2990,2297.02,2692.57,88.21,3487,2477.93,-1
600,2316.39,-1114.89,34.81,1000,3175.89,-1
8000,2317.43,2032.68,29.82,6460,2837.12,-1
1600,2342.24,2392.69,6.99,967,3860.12,-1
250,2346.08,-5633.65,42.63,,,-1
1750,2347.86,1881.15,36.25,,,-1
750,2359.22,-1034.7,24.31,1000,4208.61,-1
2000,2371.52,11976.08,29.89,2082,3656.37,-1
2747,2374.66,1952.01,,3473,3299.85,-1
800,2410.68,573.77,31.39,736,2640.07,-1
400,2429.58,1883.57,46.1,,,-1
990,2481.8,1775.12,6.15,965,2866.47,-1
1300,2527.13,881.2,43.05,1140,3531,-1
1000,2552.39,2947.15,28.54,962,3120.84,-1
750,2554.47,3715.27,,867,1912.91,-1
,2574.54,-8617.19,35.85,,6408.78,-1
500,2596.89,2002.58,15.51,408,2630.83,-1
3000,2637.32,-639.21,41.28,3143,3532.62,-1
650,2656.41,615.88,22.41,675,3220.35,-1
750,2697.18,-493.42,21.04,750,3283,-1
500,2714.48,3520.82,30.37,,,-1
9000,2733.92,1589.42,30.14,8000,3158.22,-1
1000,2734.14,1612.71,,804,2605.8,-1
600,2734.35,-1974.99,53.57,600,5048.92,-1
2000,2745.76,1143.37,28.86,,,-1
1100,2767.32,1454.93,42.07,586,3282.31,-1
3430,2781.88,2134.41,,931,2771.97,-1
1250,2793.19,4250.13,47.57,1250,4652,-1
500,2804.52,5039.78,38.8,638,3345.88,-1
750,2812.95,-3117.88,61.9,816,3023.37,-1
1750,2875.52,4744.93,36.71,,,-1
900,2939.52,-81.88,33.19,1271,3535.87,-1
,2975.54,-5996.41,28.43,70,4481.2,-1
6000,2993.2,3068.29,42.27,5663,3643.63,-1
2000,3156.15,5305.67,,1994,3367.76,-1
4000,3188.13,2041.84,2.19,5107,3192.13,-1
1250,3198.23,1163.73,43.93,1300,4969.66,-1
300,3239.45,1384.55,17.32,421,4667.71,-1
9000,3265.83,768.64,57.31,9050,3913.55,-1
3000,3315.09,2596.28,3.12,8000,,-1
550,3321.98,2506.03,28.27,,,-1
500,3343.94,-2741.19,23.18,795,2926.89,-1
1450,3365.61,3058.54,42.75,1531,4953.56,-1
1750,3392.92,833.44,24.95,,,-1
980,3433.58,4485.51,8.02,1012,4926.89,-1
250,3439.91,658.99,43.64,558,4688.91,-1
1250,3456.96,985.77,68.75,1256,3613.01,-1
150,3473.66,3916.14,38.62,328,4552.35,-1
1750,3539.31,1503.44,4.36,,,-1
450,3561.71,5699.8,9,275,5044,-1
,3582.58,998.5,53.18,71,4119.09,-1
7500,3631.01,16336.26,,3000,5239.36,-1
700,3636.55,21.46,32.26,672,3956.05,-1
1330,3660.44,5011.46,10.29,3256,10015.12,-1
250,3686.97,-4033.79,63.91,,,-1
1250,3784.15,1205.67,40.24,1322,5916.69,-1
350,3869.48,741.27,19.63,383,5264.04,-1
,3894.91,2532.24,11.53,500,5285.69,-1
3000,3999.1,-11391.78,33.14,2592,6631.6,-1
1100,4014.54,-2.95,127.64,1083,5196.92,-1
1250,4024.81,664.16,40.25,1292,5286.65,-1
,4165.32,7565.52,24.23,350,4920.49,-1
,4227.17,7871.75,2.91,23,4146.05,-1
650,4262.88,1067.48,56.43,665,5042.14,-1
,4269.72,5295.19,26.87,23,4948.63,-1
,4290.26,1202.9,16.75,13,7861.36,-1
2500,4319.05,-611.04,,2922,5680.48,-1
10000,4373.1,1046.46,43.08,3667,4879.2,-1
1750,4558.19,4714.5,15.42,,,-1
150,4558.56,2718.54,22.86,173,7542.76,-1
125,4581.61,-971.27,46.83,145,5165.5,-1
2000,4628.27,-2627.83,22.4,1779,6217.3,-1
2800,4633.39,-217.51,3.8,2633,4640.12,-1
3200,4727.49,295.74,27.11,3143,5320.92,-1
1000,4874.23,827.15,15.06,1303,8250.51,-1
,4911.75,2393.87,10.04,38,5808.46,-1
2000,4927.15,3099.94,8.7,1807,2971.05,-1
500,5155.38,3929.42,4.41,2202,2222.11,-1
3600,5198.27,-1247.88,27.39,3446,5539.14,-1
500,5396.94,2033.79,14.06,734,6325.88,-1
150,5421.29,-1538.29,39.63,249,7328.95,-1
600,5489.72,14326.74,15.28,695,8549.05,-1
3000,5551.86,3647.65,23.29,367,6300,-1
500,5609.17,7624.23,14.64,684,6828.48,-1
1500,5829.77,-2456.82,29.19,1511,7010.63,-1
700,5842.69,3749.41,9.55,798,7126.56,-1
1750,5848.93,2828.31,23.59,1500,6520.31,-1
7280,5850.19,5930.97,8.52,6221,8851.97,-1
500,5917.33,1072.74,38.16,485,6316.56,-1
53,5949.17,-4326.03,62.62,42,10840.11,-1
5200,5970.04,11077.48,43.74,5365,8938,-1
1200,6064.39,-366.12,22.63,1463,6317.11,-1
,6071.28,4213.35,8.33,,7094.27,-1
,6119.71,7570.89,65.5,129,6498.05,-1
1500,6137.22,558.79,9.28,1856,7212.08,-1
6050,6149.29,2417.91,9.04,7992,8308.08,-1
2000,6259.85,2799.59,56.16,2120,8494.43,-1
3000,6263.69,-4615.32,0.05,2980,8357.39,-1
,6287.34,284.47,20.24,6,7150.74,-1
6500,6381.43,3320.92,34.61,5000,5555,-1
700,6421.93,3480.45,25.49,758,8095.08,-1
1300,6464.86,9819.75,42.97,1214,9315.44,-1
536,6603.52,2116.9,10.41,,7698.5,-1
18500,6665.94,-6522.22,32.48,19222,13761.11,-1
500,6695.53,-3677.69,41.02,458,8020.41,-1
1000,6713.35,4137.03,35.05,1000,12012.86,-1
700,6810.19,-709.97,18.21,343,7528.1,-1
400,6862.44,-19995.79,46.61,405,7432.82,-1
1500,7175.69,10134.03,13.57,875,5835.81,-1
1500,7351.04,-1041.59,26.74,1509,7873.79,-1
3000,7367.61,-6195.61,3.27,3669,7858.71,-1
,7383.13,17394.61,22.44,17,8706.93,-1
400,7407.33,-9056.38,25.34,457,9216,-1
600,7535.04,3316.22,12.51,772,10334.67,-1
2000,7636.22,4389.75,12.58,1382,11080.91,-1
2650,7817.64,5860.76,10.08,4565,16561.86,-1
2400,8080.98,2216.04,3.39,2669,10029.71,-1
2400,8176.04,16846.6,20.1,1719,11018.62,-1
8550,8247.94,6036.24,13.97,7855,12971.64,-1
400,8262.95,8434.1,27.21,428,8865.82,-1
800,8393.43,97086.4,48.52,1873,13681.45,-1
500,8399.89,102.58,14.38,566,11264.64,-1
2000,8537.13,23278.43,48.5,1956,10676.63,-1
18500,8614.27,-948.91,28.91,14750,15880.25,-1
2400,8716.18,3510.39,3.32,2525,9599.82,-1
500,8892.67,-4802.63,71.08,500,10612.85,-1
,8988.55,26217.59,115.97,1606,11717.85,-1
1750,9038.73,5292.29,19.11,1581,9865.67,-1
5000,9636.38,5737.37,8.66,2500,9668.39,-1
550,9790.14,-16548.05,50.98,645,11520.53,-1
500,9861.05,1037.11,13.51,520,12177.87,-1
500,10153.87,-13557.87,334.41,,,-1
5000,10163.47,7141.32,59.04,3917,11630.67,-1
750,10260.89,1477.77,54.31,800,14900.94,-1
3200,10306.36,4884.05,4.94,3339,11881.27,-1
1000,10675.76,522.87,34.36,1077,16790.84,-1
1131,11020.4,8424.23,9.38,1434,14388.57,-1
1120,11133.89,-1845.69,53.07,1867,11878.03,-1
250,11444.73,20679.96,24.76,70,11358.92,-1
1500,11483.82,7071.6,24.52,1345,13410.88,-1
900,11574.75,-1040.59,12.34,1015,17381.17,-1
2800,12058.64,7309.72,2.68,3075,9953.82,-1
402,12153.42,14942.9,16.92,451,14034.52,-1
2728,12396.99,-41465.04,102.59,1802,13803.67,-1
1350,12529.13,2643.2,40.9,1417,15703.5,-1
1100,12615.22,7763.24,30.23,1133,14356.11,-1
3000,12642.23,-1809.37,10.06,874,13140.72,-1
511,13254.78,14877.61,65.57,490,17487.2,-1
750,13675.5,5051.89,60.26,753,15454.77,-1
5900,13732.65,-12865.61,23.19,7293,20286.73,-1
1000,13752.86,9893.18,28.98,1081,15632,-1
3400,14067.53,29883.33,80.72,3136,49061.2,-1
2000,14337.22,5071.66,42.34,2375,14745.44,-1
750,14453.65,10657.84,72.32,703,15118.38,-1
750,14641.42,11353.85,80.19,750,16826.47,-1
1500,14674.68,-11065.85,48.42,1440,16538.95,-1
1750,14701.01,4425.37,11.84,1909,17295.81,-1
2500,16111.19,21286.03,20.59,1471,15357.42,-1
1910,16718.24,10542.96,38.55,1829,16766.56,-1
500,16801.95,19268.11,12.4,298,18462.14,-1
10000,17080.06,10760.52,44.61,9800,20629.24,-1
9400,17300.49,15439.26,42.52,9412,20504.94,-1
4000,17430.44,7563.17,13.01,4133,23128.21,-1
10000,18053.59,-11079.89,33.89,7553,34061.26,-1
4500,18235.68,11578.55,13.16,4247,21343.87,-1
,18724.93,2700.83,27.54,,20145.5,-1
3500,19448.12,12154.06,6.27,2715,18451.99,-1
1000,19455.23,1260.21,6.03,1175,19513.04,-1
5000,19919.2,9577.46,13.99,4579,21123.6,-1
2410,20532.97,1949.36,37.05,2770,23497.3,-1
3800,21409.42,13764.93,21.27,4144,22081.88,-1
9400,21715.43,24647.36,26.45,9022,26797.53,-1
650,22306.08,21450.89,42.67,117,16924.06,-1
1150,22349.62,34946.58,6.65,998,22615.19,-1
6000,22460.7,-20028.9,18.88,6398,25638.43,-1
9400,22956.13,21852.09,37.41,9473,24580.89,-1
3000,23946.71,-170757.68,88.65,4165,67594.79,-1
8000,24030.35,46854.42,36.75,9139,36968.5,-1
4000,24221.65,-91847.91,75.72,4259,39091.6,-1
1100,24614.8,-9096.26,15.31,1235,27034.88,-1
4000,25442.54,11242.45,31.65,2789,24575.21,-1
1000,25725.49,-11065.89,9.98,799,30552.22,-1
4000,28187.58,1287.14,11.14,4215,32510.36,-1
4000,28399.21,6785.32,10.79,3796,31292.23,-1
6000,29284.57,9254.58,11.85,5976,31432.31,-1
10500,29297.21,9664.63,26.63,5024,30183.86,-1
150,30889.9,18499.11,37.7,,19159.27,-1
8000,31479.98,34586.21,22.68,10038,57712.94,-1
700,31771,14592.28,7.02,700,37025.21,-1
1500,32266.17,20379.67,5.85,1414,35268.71,-1
,33797.85,26789.05,32.12,41,40916.33,-1
4000,36055.05,-163235.89,77.71,4297,47331.1,-1
8000,36531.08,5981.47,39.26,9712,43904.39,-1
10000,43082.75,26518.35,12.4,8482,48919.52,-1
4000,45746.67,-85036.67,74.71,4293,56778.62,-1
8000,46218.34,25519.77,34.88,8342,49875.28,-1
5000,46837.94,18529.98,37.3,5142,66071.23,-1
8000,48597.6,5477.7,65.2,,,-1
12000,50263.7,-26936.92,34.66,11474,50298.59,-1
10000,50470.46,-8946.07,28.21,9241,54412.36,-1
3000,50656.85,31785.12,13.77,1548,59988.1,-1
500,53361,18517.26,20.31,409,42049.55,-1
4000,57450.27,34442.69,36.32,4350,64289.02,-1
8000,59428.55,35061.41,0.14,5750,74064.02,-1
8000,63485.28,40806.72,0.11,7280,100296.85,-1
3000,75499.86,-105656.91,60.81,2210,80612.68,-1
1950,83154.97,-97976.99,54.97,1982,93022.88,-1
1900,84406.01,-46585.39,53.56,1880,97623.64,-1
1540,124103.4,31466.76,44.54,1530,128032.78,-1
1000,137213.26,30549.68,13.85,1432,163687.44,-1
1500,208437.5,29503.93,13.06,1633,170145.83,-1
20000,250250.71,102347.71,5.46,19765,228516.23,-1
1416,277685.09,262671.62,7.99,1542,378042.18,-1
28500,292406.72,188416.82,7.57,30656,357166.29,-1
2994,359938.76,198711.01,8.54,1592,466298,-1
14300,367850.13,202262.85,4.88,11990,409258.61,-1
1444,516338.56,86575.02,6.58,1764,551608.82,-1
,-23592.76,-13234.09,152.13,,,1
,-22021.87,-28215.53,74.7,,-7354.84,1
,-14543.34,-10312.61,43.81,94,1050.96,1
,-10991.46,12478.52,36.09,1134,7545.88,1
,-10280.47,-15187.92,16.19,2206,2109.89,1
1000,-9263.33,-26804.7,18.28,900,64.67,1
,-8773.58,-8747.45,59.02,,,1
,-5670.51,-3206.71,19.7,740,-693.85,1
,-4880.99,-7107.65,47.69,700,-1183.42,1
,-4672.42,-5937.84,24.76,,4851.48,1
,-3018.3,-3058.09,538.11,,,1
150,-2897.04,-726.93,12.74,1320,4777.92,1
,-2819.05,-3255.12,11.71,,-878.33,1
,-2446.64,-7484.49,34.27,52,4899.8,1
,-2366.81,-973.87,95.32,54,1306.77,1
,-2273.49,-17314.52,63.69,38,15133.56,1
,-2039.92,-2546.26,131.7,,,1
,-2039.64,-1247.76,302.46,,,1
,-1985.19,-347.89,47.97,,,1
,-1944.43,-1951.53,,,,1
,-1928.84,-6545.14,64.78,35,938.43,1
,-1908.76,-588.68,337.74,,-778.04,1
200,-1657.15,-2759.78,70.57,,,1
,-1516.15,-60.06,86.56,71,-259.39,1
,-1272.94,135.26,618.94,600,-137.2,1
,-1252.91,-16374.34,16.86,269,1892.01,1
,-1158.47,9622.17,63.54,,17514.56,1
,-1148.67,-725.89,409.26,538,-292,1
10000,-1089.19,76.85,9.9,10000,53,1
,-981.21,-486.79,4.36,,,1
,-954.03,-695.51,56.78,,,1
,-841.34,-364.72,106.24,,,1
,-769.38,-2916.81,3.74,,-269,1
1000,-767.34,-906.99,4.18,,,1
,-727.95,-579.49,81.34,,,1
,-695.74,-2912.23,149.18,,898.21,1
,-652.76,-1699.59,6.69,,101.86,1
,-582.33,-82.22,101.77,,,1
,-562.15,361.3,97.81,,,1
,-555.35,-723.85,41.51,,,1
,-554.04,-10900.13,26.1,173,1232.59,1
,-456.9,-46.08,56.7,,,1
,-445.58,-1112.4,89.36,,,1
,-416.1,-106.65,139.97,,,1
,-389.77,-632.28,122.66,,,1
,-378.43,-5840.92,78.42,100,-138,1
,-364.72,-618.51,117.66,,,1
,-325.89,-165.77,684,200,292,1
,-320.1,499.3,78.55,,,1
,-312.45,-210.63,115.33,,,1
,-295.63,-234.55,83.79,,,1
,-293.81,-314.71,76.56,,,1
,-285.5,-521.15,47.76,,,1
80,-283.12,205.18,14.6,115,62,1
100,-280.27,21.57,15.54,125,133,1
,-274.34,-963.64,47.54,,,1
,-270.39,-258.54,44.48,,,1
,-255.58,-90.31,253.11,,,1
60,-239.58,-144.28,45.64,,,1
500,-233.43,-358.59,12.72,500,236,1
50,-228.43,-469.26,29.87,100,184,1
,-223.79,27.67,11.62,,,1
25,-210.87,-289.8,35.4,,,1
,-209.02,53.93,93.02,,,1
100,-206.58,-201.84,491.65,,,1
,-192.43,-3895.47,44.51,,191.43,1
,-189.59,-1128.56,0.84,,,1
,-178.87,-58,5.88,,,1
,-167.27,-585.16,23.77,63,43.43,1
,-165.32,-140.43,135.58,,,1
,-156.95,-415.55,35.5,,,1
,-154.66,-1120.43,153.62,,,1
,-153.99,-290.35,70.92,,,1
,-151.54,-511.38,170.34,,,1
,-147.78,-360.13,22.06,,,1
,-146.18,-297.9,2.58,,,1
,-141.83,-219.44,95.64,,,1
,-139.94,-213.72,70.35,,,1
,-137.85,-54.83,113.71,,,1
,-131.86,-175.3,91.17,,,1
,-129.83,-153.49,23.28,,,1
40,-129.78,-215.68,44.49,,,1
,-122.98,-733.81,33.44,1000,39,1
,-122.32,-298,37.76,,,1
,-117.22,-113.28,76.54,,,1
1500,-113.17,-2976.73,34.54,1460,2122.49,1
500,-107.04,48.65,12.68,500,203.43,1
,-106.68,-358.69,91.25,,,1
,-105.59,-4684.39,135.58,,,1
,-101.24,-111.59,27.16,,,1
350,-100.4,-408.88,21.68,,50,1
,-96.74,-462.66,42.48,,,1
,-95.94,-1530.28,212.65,,273.84,1
,-88.63,-285.16,1.84,,,1
740,-86.07,-246.05,,,,1
25,-86.03,-2014.22,2900.15,,,1
30,-85.88,-1099.99,37.98,,,1
,-85.57,-147.45,2.3,,,1
,-84.86,-201.68,31.57,,,1
,-83.56,-131.66,102.25,,,1
70,-80.29,178.5,40.54,,,1
20,-78.33,-79.69,,,,1
,-78.14,79.5,30.74,,,1
,-75.42,-137.85,27.4,,,1
,-75.32,-127.87,32.04,,,1
400,-72.29,-620.73,93.01,,,1
100,-72.18,-63.35,98.66,,,1
35,-71.47,-301.19,20.11,,,1
,-68.86,-161.95,56.27,,,1
,-68.42,31.59,16.89,100,299.5,1
,-67.79,-294.85,6.3,,,1
100,-66.79,-670.13,19.67,,,1
7,-65.66,36.64,37.04,,,1
,-64.71,-198.19,28.69,,,1
,-64.47,-234.06,40.28,,,1
200,-64.1,-98.37,8.65,,,1
,-63.7,-871.29,1.38,,,1
,-63.27,-411.47,93.62,,,1
,-61.99,-107.86,10.62,,,1
,-61.57,-42.22,62.09,,,1
,-60.32,-378.54,57.03,,,1
100,-49.59,-260.3,24.15,,,1
1750,-49.41,374.19,4.45,,,1
,-48.18,-459.87,18.59,,,1
,-47.98,-251.59,15.15,1500,,1
,-45.58,-67.34,1.57,,,1
,-45.51,-3.76,446.57,,,1
200,-45.08,453.92,47.62,,,1
1000,-43.77,433.16,488.2,1056,1533.78,1
,-41.52,-751.25,41.7,,,1
60,-41.23,-52.04,19.37,75,41.04,1
120,-40.09,-42.38,,,,1
20,-39.82,-65.58,,,,1
,-38.48,-87.88,10.84,,,1
,-37.99,-169.1,4.39,,,1
,-36.27,-225.75,4.11,,,1
1000,-35.68,-127.85,8.24,,,1
,-34.11,-68.82,19.3,,,1
,-32.98,-118.5,29.31,,,1
180,-32.63,-256.86,39.76,,,1
350,-31.58,-334.9,124.2,,,1
,-31.05,-81.41,260.63,,,1
,-29.58,101.36,33.41,,,1
,-27.53,-75.22,12.09,,,1
100,-27.33,-135.12,21.31,,,1
,-25.69,-144.93,33.4,,,1
50,-24.96,-6.53,0.44,,,1
,-22.8,-25.82,59.71,,,1
,-21.22,-175.8,29.06,,,1
6000,-17.94,-1974.71,583.7,6238,3455.37,1
,-17.38,-94.69,102.44,,,1
,-14.58,-92.63,112.04,,,1
,-14.11,-109.04,16.29,500,141,1
,-13.96,-39.29,72.33,,,1
,-13.73,-88.74,32.06,425,261,1
10,-12.59,-300.48,40.28,,,1
,-11.74,-64.33,,,,1
,-11.46,-80.42,17.33,,,1
,-10.01,-2042.28,170.82,,,1
750,-9.79,69.5,1.21,,,1
200,-9.54,83.9,4.51,,,1
20,-8.22,-56.28,16.12,,,1
300,-6.82,-243.88,16277.49,,,1
150,-5.34,44.79,45.39,,,1
1375,-3.92,-361.15,47.35,,,1
,-2.37,-301.92,34.82,,,1
,-2,-14.14,0.41,,,1
,-1.39,0.77,7.68,,,1
,-0.9,-4946.35,388.3,157,-905.95,1
,-0.89,-149.38,25.54,,,1
1250,-0.63,-293.59,92.35,,,1
,1.81,-27.62,32.66,,,1
250,2.48,-19.73,6.84,,,1
,2.85,-37.14,,,,1
1500,3.05,-63.12,0.37,,,1
,3.69,136.36,101.67,,,1
1000,4.17,-1548.97,4.03,,,1
500,4.25,-12.95,,1052,293.38,1
50,5.11,-231.85,35.21,,,1
1250,5.53,-494.61,14.26,,,1
,5.64,-254.39,37.96,,,1
50,6.52,-51.24,30.76,,,1
300,6.88,60.76,55.17,,,1
,7.04,-105.85,164.59,,,1
400,7.77,-111.28,47.57,,,1
500,8.11,-357.28,48.02,500,178.34,1
,8.15,-75.45,24.97,,,1
100,8.24,-484.83,27.78,,,1
,8.3,-4.42,15.44,,,1
1250,8.49,868.66,2.69,1250,290,1
2500,9.38,-799.78,27.2,,,1
300,10,-285.75,0.03,312,458,1
250,10.57,9.29,,,,1
,11.03,-362.32,25.13,,,1
170,11.33,-218.74,32.48,300,132,1
,11.49,-170.33,45.72,,,1
,12.09,-84.42,83.87,,,1
300,13.2,-170.24,1.94,,,1
200,14.03,-3.15,9.09,,,1
15,14.38,-74.02,44.52,,,1
400,15.13,-21.87,2.73,,,1
250,15.45,-1059.55,145.18,,,1
50,15.49,-184.09,34.96,,,1
,15.58,-51.89,1.07,,,1
,16.64,-234.64,69.36,,,1
550,16.97,-413.88,1.09,,,1
150,18.14,-189.75,21.09,,,1
50,18.31,-63.3,15.16,,,1
,18.34,-219.92,26.48,,80,1
,19.64,-36.21,9.48,,,1
200,19.85,-70.71,311.22,,,1
150,20.4,-209.6,9.56,,,1
70,20.62,32.3,2.72,,,1
,21.76,266.03,77.67,,,1
50,23.41,11.38,43.98,,,1
750,24.54,-52.43,,,,1
1250,24.72,-800.34,21.98,,,1
,24.93,-126.76,8.07,,,1
358,25.8,28.94,12.73,,122.63,1
750,25.9,-287.8,,,,1
750,25.9,67.98,,,,1
,26.34,-2194.8,37.42,,,1
10,26.79,-626.39,55.68,,,1
,27.9,146.82,22.69,,,1
,28.07,78.23,94.62,,301,1
,28.78,68.12,67.58,,,1
50,29.37,-80.35,35.91,,,1
,30.21,-547.4,97.74,,,1
160,30.45,-252.06,24.78,,,1
60,32.02,-6.65,6.68,,,1
,32.93,-85.43,25.16,,,1
150,33.72,-32.82,16.73,,,1
,35.13,-281.74,23.01,,,1
150,35.51,-50.38,4.91,200,132.75,1
,36.44,-232.3,52.82,,,1
150,36.5,-173.8,44.52,,,1
200,36.55,-52.64,31.88,200,575,1
50,36.91,-855.99,65.77,,,1
100,36.94,142.69,8.73,90,150.6,1
900,37.27,-35.72,,,,1
100,37.55,13.31,10.14,,,1
,39.06,56.42,39.09,,,1
,39.53,62.3,79.66,,,1
150,40.28,32.22,12.7,,,1
175,41.64,-125.5,10.65,,,1
100,41.71,34.98,19.57,,,1
,42.26,-310.76,89.66,,,1
500,42.88,-1927.6,28.95,916,1103.83,1
250,44.15,-2.37,77.51,,,1
150,45.53,-211.37,4.81,300,232.33,1
,46.01,-72.4,22.66,,,1
50,46.47,-124.2,22.23,,,1
100,47.33,-179.42,116.07,,,1
500,47.77,-849.22,9.23,500,337.5,1
100,47.77,-17.58,9.46,,,1
150,48.67,-555.6,28.51,,,1
,48.75,-75.48,22.88,,140,1
410,48.78,102,10.41,,,1
120,49.59,24.98,1.21,,,1
100,49.6,-160.89,0.23,177,85.72,1
,50.01,-679.81,67.75,,,1
50,50.33,-80.52,2.51,,,1
1000,50.8,-444.13,,,,1
,51.61,-46.94,59.99,,,1
50,52.2,-592.85,53.06,,,1
80,53.4,58.81,1.87,,,1
450,53.6,-680.15,27.05,,,1
60,54.48,-78.12,3.01,,,1
300,54.67,-280.73,,300,326.99,1
100,54.71,-328.94,13.96,,,1
,54.74,-120.82,,,72.75,1
50,54.82,-72.7,35.96,,,1
,55.61,-157.47,114.35,,,1
,56.02,-27.35,56.13,,,1
,57.07,-500.09,40.59,,210,1
100,58.27,-115.27,5.67,,,1
,58.27,63.03,59.68,,,1
50,58.83,-54.9,26.81,,75,1
200,59.1,139.56,17.99,,,1
1500,59.63,-21.07,0.24,,,1
50,59.9,-19.96,40.14,,,1
50,60.38,33.76,22.46,,,1
,61.04,-965.75,38,,,1
100,61.94,-19.16,29.43,,,1
50,62.44,-2326.01,45.08,,,1
,62.47,-654.68,38.63,,,1
,62.48,-366.54,31.16,,498,1
100,62.88,50.91,,,,1
375,63.61,-52.83,2.04,,,1
125,63.64,73.19,16.51,,,1
500,63.76,-86.68,37.94,,,1
,64.06,53.74,12.65,,,1
15,64.24,28.54,12.07,,,1
,64.38,5.31,25.46,,,1
,64.56,-116.26,17.98,,,1
60,64.64,-754.49,37.53,,,1
150,65.04,-39.02,15.88,,,1
100,65.15,-40.89,17.47,,,1
400,65.53,-281.06,29.95,500,427,1
,65.55,-298.86,25.05,,,1
185,66.37,-71.01,,,,1
600,67.16,-47.32,53.46,450,62,1
,68.21,40.37,22.56,,,1
900,68.27,49.22,1.33,,,1
,68.47,-151.23,48.33,,100,1
150,68.62,-254.46,15.73,,,1
,68.88,-2803.31,77.03,,669,1
35,70.07,-98.07,27.52,,,1
150,70.12,-161.18,61.84,,,1
,70.16,-34.74,4.42,200,108.94,1
180,70.27,-12.61,0.11,,,1
45,70.99,-1390.96,44.72,50,1010,1
750,71.61,-26.65,7.65,,,1
,72.24,46.13,42.6,,,1
,72.54,55.44,124.49,,,1
60,73.9,75.44,6.04,,,1
50,74.12,-567.69,34.45,,,1
60,74.59,-17.6,8.61,,,1
1000,74.6,-5015.82,83.16,1250,313.13,1
150,76.64,-12.98,18.78,,,1
250,76.76,9.98,,,,1
500,78.12,-1116.96,18.31,567,400.25,1
,78.63,-113.78,33.29,,,1
125,78.84,-30.56,25.82,185,123,1
450,79.45,-117.82,58.35,,,1
190,79.61,-10.53,0.1,,,1
120,79.99,-122.72,10.44,100,190,1
100,80.68,-89.84,22.5,110,172.64,1
300,81.12,24.69,21.69,,,1
,81.49,16.41,60.85,,,1
60,81.6,-277.85,,283,192.19,1
,81.65,44.7,18.25,,,1
500,81.73,-45.94,10.48,,,1
750,84.4,72.68,18.84,,,1
250,84.63,-169.5,69.96,,,1
600,85.39,-59.38,,,,1
50,85.64,-68.21,19.04,,,1
100,86.02,7.4,9.09,,,1
220,86.91,-6.14,41.54,,,1
200,87.81,-659.79,16.81,,293.5,1
100,87.93,60,9.59,,,1
30,89.47,-87.32,98.59,,127,1
375,89.55,-125.24,,,,1
125,90.11,12.9,11.03,150,185,1
8,90.3,-176.39,64.38,,,1
250,90.3,-131.78,,339,171.37,1
350,90.62,-93.19,17.75,,,1
300,90.96,-246.89,5.5,,,1
,91.73,-219.69,4.25,,,1
150,93.03,-79.84,23.13,,,1
,93.1,-322.91,64.5,,,1
20,93.55,-129.25,67.61,20,182.5,1
,94.42,-438.5,43.99,,,1
250,95,67.9,18.88,,,1
140,95.49,-37.13,6.8,,,1
120,95.51,-143.68,2.25,,,1
150,96.78,96.27,33.97,,,1
300,96.96,73.66,0.54,,,1
200,97.02,-8894.02,69.44,467,5633.33,1
1100,97.05,84.75,9.32,,,1
100,97.39,-176.33,46.07,,,1
750,97.89,-84.88,,546,212.96,1
60,99.61,-200.58,9.89,60,153.45,1
,99.82,-119.12,6.63,,,1
300,100.04,29.69,43.34,300,189.05,1
,100.27,-295.99,47.79,,,1
2000,100.3,-498.39,49.39,,,1
300,100.8,285.68,186.61,,,1
,100.99,-223.12,1.31,,112,1
450,102.37,-224.35,23.32,450,200,1
80,102.88,-624.01,41.69,100,389.42,1
100,103.17,53.19,19.86,,,1
175,103.24,-138.62,22.09,,,1
750,103.24,-47.76,3.69,,,1
300,103.33,-94.74,,355,138.75,1
100,104.15,223.96,20.96,,,1
,104.22,-280.56,19.5,500,42.83,1
250,104.3,15.97,5.66,,,1
600,106.27,-103.03,12.99,,241,1
400,106.81,286.72,197.64,,,1
370,107.74,73.3,21.47,,,1
20,108.5,23.91,28.27,,,1
,109.52,-42.96,178.66,,,1
375,109.52,59.37,,,,1
100,109.6,-220.69,41.37,,,1
100,110.58,-260.57,40.52,,194,1
60,111.41,36.89,29.94,,,1
200,112.47,28.85,0.83,200,148.69,1
125,112.49,0.11,25.24,,,1
110,112.59,-39.17,,,,1
,112.73,-336.4,26.03,,,1
300,113.21,24.67,20.43,,,1
375,113.96,-428.05,24.18,,,1
25,114.04,44.83,1.86,,,1
175,114.2,-40.28,3.77,,,1
400,115.14,126.73,37.43,450,315.1,1
800,116.23,-318.11,29.94,,,1
70,117.03,85,15.22,,111,1
80,117.63,89.37,12.56,,,1
70,118.72,164.85,21.12,60,225.08,1
400,119.11,-135.98,5.03,,136.93,1
100,119.37,-86,4.6,,,1
,119.82,-154.85,67.35,,183,1
,120.05,-842.33,35,3,348.1,1
150,120.72,-434.11,22.69,,,1
500,121.35,102.49,4.2,,,1
300,121.66,106.14,,361,220.69,1
200,122.13,-357.76,1.62,200,271.5,1
200,122.34,-121.94,36.38,,,1
150,122.35,-205.09,7.41,,,1
100,123.88,-39.55,21.79,,,1
,124.38,-241.69,41.06,,226,1
70,125.52,-10.02,27.32,73,288,1
,125.71,-510.19,63.97,,,1
130,126.85,96.09,19.66,,,1
1500,127.07,3.5,38.62,,,1
250,127.37,89.21,9.05,,,1
225,127.51,-31.82,11.34,300,224,1
150,127.82,-32.24,5.73,,,1
170,128.74,22.65,28.95,,,1
400,129.31,-204.46,36.19,500,306.62,1
25,130.36,-37.25,103.67,145,377.17,1
500,130.61,180.95,100.3,,,1
240,130.7,-95.24,56.17,250,174.69,1
300,130.92,-104.53,5.47,300,385.71,1
50,131.24,-144.04,52.65,,,1
90,132.18,-5.44,4.45,,,1
2200,132.48,-96.91,27.55,,,1
750,132.7,-179.74,36.29,,,1
100,132.7,-71.01,37.36,75,173.94,1
1500,132.87,18.9,7.85,,160,1
50,133.65,-234.18,71.98,,,1
,134.03,-744.63,12.67,,605,1
50,134.26,-93.47,12,,,1
15,134.36,-918.78,94.53,,473.33,1
500,134.61,-113.5,10.37,400,303.33,1
100,134.65,-466.1,24.53,,,1
1000,135.65,-20.75,0.64,,,1
50,136.38,-650.35,89.85,,,1
600,136.4,-4148.05,10.04,1333,947.46,1
,137.25,19.94,53.54,,,1
100,137.25,88.86,0.16,,,1
150,138.98,-334.78,12.51,,,1
200,139.66,-38.38,17.48,,241,1
65,140.18,5.55,2.24,49,209.77,1
650,140.5,129.79,58.41,,206,1
625,140.67,-313.85,35.05,,313,1
,141.01,-129.91,58.46,57,327,1
60,142.03,-142.83,23.31,,,1
500,142.73,496.86,286.04,,,1
130,143.5,-26.74,33.53,,,1
,143.95,-677.52,59.28,,203.89,1
150,144.26,-389.04,110.78,280,304,1
1500,144.52,726.68,320.01,,,1
142,144.91,2.84,31.82,69,161.29,1
1500,145.27,15.93,0.68,,,1
1000,145.32,56.96,27.22,1000,445.88,1
110,146.41,93.16,12.92,120,320,1
,146.81,293.33,0.56,,,1
750,147.15,131.15,9.27,1000,179.89,1
600,147.75,-421.86,13.37,,,1
50,148.38,-306.99,15.22,,,1
134,148.5,-149.96,8.1,210,288,1
95,149.19,79.82,19.28,,,1
250,150.27,67.18,9.01,,,1
300,150.73,150.9,21.84,,,1
218,151.2,-130.43,6.4,,,1
250,151.78,78.79,16.63,,,1
250,152.55,43.71,11.12,,,1
90,153.7,-203.15,10.47,100,177,1
100,154.58,-216.06,22.38,,,1
,155.16,-12.88,88.11,,,1
150,156.74,-90.3,19.26,,,1
600,158.74,-785.78,34.89,600,398.19,1
240,159.11,263.38,23.53,,,1
50,159.26,-355.4,54.51,50,240,1
100,160.46,-45.49,6.95,100,279.75,1
150,160.71,-101.84,25.92,,,1
130,160.96,171.82,6.39,,,1
175,161.43,45.38,12.9,,,1
,161.96,-612.76,72.37,,168.8,1
500,162.22,-309.9,13.81,,,1
,162.71,-420.7,48.32,,,1
27,162.82,-191.03,10.39,,,1
1250,166.81,-84.86,2.38,1250,105.5,1
90,166.89,-99.19,20.15,,,1
130,166.96,16.48,35.81,,,1
,167.22,15.57,47.99,,260,1
250,167.23,143.77,13.21,,,1
350,167.59,17.15,29.63,,,1
,168.4,-19.3,2.9,,,1
250,169.4,138.13,51.63,500,201.02,1
600,169.8,329.93,42.23,600,364.97,1
80,170,-183.17,5.21,,,1
100,170.14,-72.75,1.47,500,241.58,1
350,170.79,-93.25,48.79,,,1
188,171.36,-1408.83,51.86,,,1
,172.03,-142.74,17.6,,,1
200,172.67,-72.97,21.14,,,1
625,172.69,-178.01,36.28,,,1
300,172.72,-174.51,7.9,,,1
1500,173.04,-82.64,,,,1
,174.11,-26.37,35.23,,,1
100,174.16,-5.51,48.24,,,1
200,174.92,-534.62,20.59,100,437.33,1
50,175.14,75,70.59,,,1
,175.26,33.61,27.72,,,1
65,175.49,37.79,29,,,1
,175.76,78.76,35.36,,,1
2500,177.22,-538.06,23.29,1813,342.75,1
,177.27,-21.9,18.94,,,1
75,177.5,128.68,10.45,,,1
150,178.06,-88.23,1.65,75,246.5,1
500,178.38,-184.36,13.54,,,1
300,178.97,-650.44,2.52,300,448.33,1
100,178.98,-8.18,7.3,,,1
650,180.27,-665.8,35.95,800,194,1
500,181.04,-90.46,12.75,,,1
250,181.84,-17.72,49.1,,,1
500,182.35,-411.3,,,,1
,182.66,-948.62,34.91,,,1
300,184.45,-33.53,50.3,400,266.08,1
,184.93,299.71,38.84,,,1
9,185.69,99.98,28.89,5,381.04,1
110,185.81,100.59,9.63,,,1
70,186.1,-31.97,29.12,,,1
1500,186.53,-237.41,12.51,,,1
500,186.64,-180.08,11.4,,,1
500,187.27,-787.5,58.23,,,1
200,187.59,11.51,16.1,150,363.5,1
300,188.75,-212.57,25.59,500,211,1
,189.22,-637.17,39.57,,,1
100,190.88,80.33,,,,1
,191.38,-128.81,75.4,,,1
500,193.58,-12.69,10.19,500,785,1
,193.84,-123.26,36.3,,,1
200,194.26,-59.91,35,187,362.67,1
700,194.5,-277.13,22.81,,,1
,195.31,-39.5,67.09,,,1
175,196.78,40.11,4.19,,,1
1500,197.02,76.26,,,,1
160,197.61,-295.49,12.29,166,261.2,1
100,197.84,-507.9,11.7,100,171.95,1
500,198.01,-192.07,34.19,,,1
100,198.43,131.1,15.84,,,1
150,199.13,-64.75,13.57,541,542.33,1
600,199.39,-117.01,34.43,600,336.84,1
70,199.6,-113.47,71.26,,,1
50,200.83,-883.27,46.43,150,533,1
,200.85,71.42,39.53,,,1
2800,205.77,164.16,21.53,,291,1
240,205.83,-136.57,9.39,,,1
175,207.87,-204.63,6.09,200,211,1
1000,208.27,-1059.49,66.66,,747,1
1000,208.92,-196.99,9.51,,,1
1500,209.32,-349.32,3.4,1394,505.17,1
200,210.03,8.82,35.34,,,1
850,211.31,-526.95,110.52,,,1
,211.92,225.53,49.66,50,182.62,1
50,211.94,-357.87,20.11,,,1
230,212.36,-92.47,6.26,,,1
120,212.41,-8.95,19.74,95,326,1
700,212.54,1.74,11.33,500,294.5,1
350,212.95,46.1,4.22,200,135,1
325,215.84,199.54,37.76,265,345,1
250,215.94,-634.06,14.08,,,1
2500,217.11,162.97,7.99,,,1
,217.16,-114.86,26.21,,1711.42,1
275,217.18,52.51,46.53,,,1
150,217.22,-450.83,1.46,150,639.4,1
100,218.36,-395.19,46.01,,,1
125,218.54,-443.36,66.43,,,1
50,218.69,206.53,133.26,50,189.3,1
1250,218.86,-1108.1,9.79,1250,428.7,1
150,219.55,219.3,28.73,,,1
,219.58,115.17,7.17,,,1
150,219.59,-229.56,29.88,500,271.12,1
200,220.42,-1056.56,208.69,130,245.65,1
750,220.78,-346.57,21.71,250,263.3,1
600,221.09,-886.5,26.91,585,460.67,1
500,221.18,-3.83,69.21,,,1
,223.52,34.63,24.46,,,1
200,223.7,-284.95,2.43,460,428.83,1
140,224.05,-65.04,14.15,,,1
350,224.46,606.85,28.29,,,1
1250,225.6,-595.62,4.03,1250,247,1
50,225.69,427.75,86.74,,,1
1250,226.17,46.43,9.44,,,1
250,226.67,26.02,19.78,,,1
400,228.22,47.2,42.1,,257.63,1
5,228.26,-221.24,27.65,,,1
150,229.33,-246.2,18.65,,,1
60,229.44,-437.9,,34,278,1
150,230.06,-125.52,41.04,,,1
1400,230.5,51.43,18.51,,,1
500,231.18,-654.4,54.69,,,1
20,231.77,-248.12,2.69,58,161.78,1
25,232.61,54.35,0.07,,,1
,233.7,-626.78,16.91,30,277.17,1
1100,233.94,240.76,80.78,,,1
,234.17,427.27,54.56,,,1
140,234.49,-80.59,13.38,,,1
70,235.12,-229.2,43.37,,164.5,1
80,235.99,-682.16,32.24,,,1
1000,237.76,129.18,42.05,675,302,1
150,237.82,100.26,33.52,,,1
700,239.16,127.19,,,,1
,239.21,-1077.45,122.11,,430,1
280,240.11,-170.3,4.6,290,382,1
,240.93,-782.16,41.35,,,1
100,241.95,-344.26,53.28,,,1
100,242.23,168.62,13.48,100,394.27,1
300,242.24,158.47,,300,377.75,1
250,242.84,-135.18,13.68,,,1
500,243.11,-1460.68,43.04,514,620.5,1
200,244.35,-212.85,10.3,153,301.01,1
450,245.23,-110.92,35.94,450,443,1
250,245.38,-446.99,53.73,,,1
50,246.05,-490.05,44.55,70,24,1
60,248.11,-118.84,66.84,,,1
400,250.13,50.2,21.93,,,1
1000,251.23,29.05,1.49,1000,253,1
200,251.55,-202.17,79.37,160,397.06,1
,252.02,-404.77,70.97,,328.17,1
1500,252.14,-2820.19,36.6,,,1
120,252.87,-457.89,7.6,108,256.4,1
260,252.94,-212.22,3.77,324,383.5,1
500,253.61,274.06,28.31,376,395.5,1
600,254.39,-221.9,31.35,600,391.45,1
600,256.4,239.42,,,,1
1800,257.56,-14.65,23.97,,,1
,258.21,-115.45,38.13,,,1
500,258.43,51.32,32.23,,,1
1000,258.75,-20.06,5.47,,276.4,1
600,258.93,-1436.6,44.9,700,419.77,1
500,259.46,-971.14,14.8,1200,402.24,1
180,259.55,-338.1,17.51,180,301,1
250,262.77,27.12,15.95,,,1
110,263.56,29.98,37.61,35,360,1
,263.92,-311.07,43.33,,635.3,1
,264.42,557.87,129.68,,,1
250,266.69,-67,70.58,,,1
,268.15,-602.6,37.17,,,1
,268.74,383.27,30.14,,,1
280,269.1,-800.88,105.48,315,278,1
150,270.67,-190.94,82.9,,,1
400,272.31,-22.84,33.43,400,320,1
150,273.42,-742.74,29.75,119,410.46,1
130,276.22,-127.9,0.13,,,1
150,278.35,-371.21,19.43,,355,1
800,279.01,-603.36,80.16,,,1
,280.4,-600.81,4.43,,,1
,280.71,-506.2,45.38,,,1
1200,281.82,-14.36,22.2,,,1
240,282,-391.56,20.56,200,334.5,1
140,283.71,-199.06,15.87,,,1
300,284.18,120.08,1.28,300,330,1
200,284.41,249.96,15.99,,,1
,285.55,-434.88,59.05,,557,1
150,285.99,62,6.11,,,1
100,286.04,-176.15,14.22,,441,1
60,287.07,-935.27,29.11,,,1
500,288.09,104.2,12.08,500,1027.69,1
110,289.42,-26.16,21.03,203,380.94,1
50,290.21,449.06,3.31,,420.09,1
150,291.04,-111.36,9.2,,,1
300,291.63,-560.47,59.72,296,356.17,1
75,292.49,-33.51,52.69,78,578.25,1
170,293.96,-531.17,16.5,210,362,1
500,293.97,-385.87,8.73,575,483.45,1
675,294.81,176.53,36.23,,,1
150,295.8,-484.3,28.5,,315,1
300,296.51,14.63,,250,321,1
2000,298.5,318.13,218.17,,,1
2000,299.18,-210.53,21.32,,,1
2250,300.62,-299.47,74.45,2150,322.31,1
90,304.52,70.85,24.47,85,341.2,1
500,304.82,51.5,12.11,775,375,1
1200,305.38,-734.96,202.89,1074,4010.83,1
230,306.85,-336.78,4.4,210,,1
700,307.3,-109.92,26.06,,,1
70,309.16,47.76,,40,192,1
500,311.26,-359.09,31.12,567,556,1
,313.37,-987.4,59.96,,,1
210,316.55,-117.47,2.78,253,753.04,1
2000,316.99,159.6,32.53,,,1
750,320.97,14.02,0.01,750,421.62,1
60,321.69,165.62,48.69,60,626.45,1
50,322.25,-684.99,75.79,80,614.9,1
400,322.37,-151.67,55.3,,,1
465,322.6,-238,0.24,,,1
450,323.32,50.36,29.75,484,387.2,1
120,325.11,248.58,39.61,100,348,1
170,326.22,373.51,274.18,,,1
500,331.69,65.93,6.21,250,477,1
2500,333.98,67.96,0.25,,,1
850,334.02,197.42,39.24,,,1
300,335.97,112.93,16.82,,,1
315,336.02,50.43,32.51,995,652.63,1
1000,336.4,-1315.38,59.95,,,1
500,336.51,-6,,500,425.36,1
1100,337.64,523.32,28.04,1200,699.33,1
,338.28,-223.99,72.27,,504.44,1
250,338.34,-105.27,83.06,250,403,1
200,338.88,-33.49,36.99,,,1
50,339.12,-147.2,25.46,,,1
600,339.42,-288.64,56.12,500,384.92,1
2500,340.24,-146.66,20.18,,,1
25,340.4,-855.17,8.66,60,447.41,1
750,343.19,-92.16,,770,460.93,1
1500,343.76,22.89,21.25,2750,414,1
,344.52,-1227.64,35.76,,479.77,1
80,345.92,-90.76,26.93,60,462.5,1
175,346.29,69.58,23.13,,,1
50,348.34,-791.72,67.36,,504.03,1
100,350.42,-256.06,16.5,,,1
600,350.7,-3634.92,24.56,,,1
260,351.07,-175.86,16.1,300,413,1
200,351.14,-289.33,0.32,267,477.67,1
200,353.27,342.38,18.07,83,380.8,1
,354.51,-25.04,0.35,,425,1
30,354.59,279.96,49.05,,,1
1200,355.98,107.43,14.56,1200,437.76,1
,356.91,-816.5,54.51,,,1
80,357.37,-50.76,9.66,80,464.5,1
,357.9,-17.08,292.12,,,1
170,359.36,-147.07,39.42,,,1
170,359.61,-92.41,35.23,,,1
850,361.54,-375.19,42.98,,,1
450,362.01,17.07,0.68,,,1
500,363.8,-70.33,67.08,,,1
800,368.83,49.01,0.43,710,553.58,1
410,369.42,-586.29,20.59,914,623.16,1
1000,369.71,-2896.38,5.95,1017,2464.41,1
150,371.45,-370.38,18.3,163,228.28,1
300,371.82,-851.53,48.64,293,347.67,1
250,372.78,-18.67,4.13,233,551,1
90,373.29,295.81,67.84,,,1
110,379.07,400.81,41.87,110,190,1
350,380.19,204.09,31.13,,,1
80,384.5,110.24,60.47,,,1
450,386.29,-419.16,29.36,475,712.27,1
600,389.57,-147.42,40.1,652,628.24,1
1250,389.62,66.45,104.43,500,472,1
30,389.78,82.92,26.41,,678,1
900,392.81,613.81,3.69,,,1
2000,392.98,424.63,157.76,,,1
1000,394.35,33.45,37.04,556,405.3,1
1000,395.93,80.88,4.44,1028,573,1
6000,397.13,-229.69,,7811,624.1,1
750,399.12,-253.32,,,463.5,1
750,399.64,-754.97,17.68,,,1
25,401.77,301.61,4.45,,340,1
,402.57,-810.91,109.15,,505.14,1
35,403,-671.34,34.57,35,721.5,1
1100,403.59,250.13,2.34,1236,537.05,1
600,405.16,-10.34,1.96,,,1
250,408.02,-688.87,16.41,250,541.33,1
125,409.8,-59.05,87.62,,,1
1900,411.67,127.22,9.5,1500,,1
450,412.33,-130.47,101.57,405,706.3,1
2000,412.57,244.87,19.44,,,1
200,412.62,-135.13,,,651.5,1
1000,413.56,-334.36,18.47,1000,422.15,1
,414.42,-1190.12,46.48,,,1
120,414.71,-160.68,21.26,,522,1
750,414.87,189.45,0.01,750,490.92,1
,416.11,-138.82,4,,,1
750,417.05,-66.93,131.22,,,1
250,420.1,116.07,20.91,,,1
200,420.26,47.77,4.03,150,460,1
1500,421.1,139.36,17.24,1500,752,1
80,421.54,-269.14,0.39,80,509,1
,422.13,-1705.72,127.85,2208,,1
600,427.05,-625.49,21.02,833,507.09,1
750,427.32,-49.67,54.48,600,505.95,1
240,428.47,229.32,3.44,250,504.75,1
700,428.84,36.23,0.24,,,1
240,430.45,57.27,3.48,276,467,1
150,430.55,-144.09,44.62,,,1
300,430.56,-30.71,9.85,,,1
750,431.98,-290.86,20.72,808,715.61,1
1250,432.97,438.77,,1350,437.35,1
500,432.98,1027.64,32.43,,,1
1500,433.45,109.54,3.2,1750,548.85,1
300,434.77,-43.96,21.6,,,1
400,436.02,-2671.68,12.38,413,1177.83,1
2000,436.31,-523.1,29.1,,,1
325,436.8,300.19,0.4,,886,1
,437.27,-898.31,82.16,,,1
100,439.37,309.53,28.51,,610,1
100,441.24,-463.31,43.54,,,1
,441.31,-1217.48,37.88,,,1
,443.62,-181.29,47.53,116,546.83,1
110,444.92,-912.74,54.59,81,493.33,1
600,446.87,150.12,35.29,600,625.84,1
300,448.25,68.88,12.61,300,597.33,1
230,450.75,728.69,364.86,170,463,1
150,452.79,-107.13,22.84,,,1
350,453.6,-949.4,36.88,,,1
600,453.66,-254.37,0.03,678,618.29,1
1050,453.86,-200.31,12.78,1225,648.34,1
600,454.21,412.73,1.78,,,1
670,456.03,432.39,,670,485,1
,459.34,127.2,36.6,,,1
53,462.87,-102.9,0.08,106,567,1
650,463.44,174.1,13.19,,,1
100,465.91,120.66,8.82,80,570,1
250,466.86,-231.03,72.37,300,587.42,1
60,467.37,332.84,,57,556.33,1
50,468.5,-814.09,11.79,,962.1,1
,468.92,-981.27,103.08,,,1
2000,472.85,379.56,16.71,,,1
400,474.04,-442.61,69.88,400,544,1
750,474.35,-453.36,8.96,,634,1
450,480.31,493.11,19.11,,,1
290,481.33,-183.99,0.14,80,580,1
,481.43,465.08,46.49,,325,1
1000,485.74,199.07,42.38,,691,1
,486.79,-367.54,49.11,,,1
670,488.42,427.47,,600,571,1
500,489.76,436.9,74.56,484,1053.69,1
800,490.02,-153.36,53.82,713,782,1
250,494.86,460.03,0.73,325,668.31,1
150,495.67,344.71,28.54,,,1
500,497.13,-561.58,58.21,1153,3413.55,1
3000,500.69,505.54,,,,1
2000,503.91,617.23,150.73,,,1
600,505.01,-33.68,7.29,600,560,1
1000,506.1,201.24,62.29,1000,655,1
80,508.66,-23.17,10.53,100,541,1
200,512.46,-3337.75,133.32,,,1
240,516.55,152.1,7.49,200,,1
,517.1,-87.46,7.42,150,473.04,1
300,517.3,543.7,38.17,,,1
200,518.26,-42.75,29.06,,,1
350,520.22,239.27,5.79,250,578.5,1
300,525.86,-111.92,0.07,300,716.17,1
2000,526.89,-71.43,34.84,,,1
1000,528.23,-369.47,60.87,,,1
500,528.24,-359.18,12.42,270,1128.47,1
2500,529.68,349.19,18.6,,,1
1100,530.66,-287.93,47.21,1100,725.98,1
,534.27,177.59,37.86,105,666.8,1
2500,534.37,506.65,91.77,,,1
1550,535.41,1367.09,6.89,,,1
550,536.42,112.97,,472,695.36,1
15,537.08,-160.11,43.88,46,837.71,1
125,537.97,387.94,64.93,,,1
1000,538.63,-159.03,65.6,763,635.42,1
600,541.46,335.4,,,,1
1250,543.96,-87.27,15.11,,,1
140,544.66,76.15,42.43,140,1081.25,1
2500,550.83,-107.96,6.13,2667,700.93,1
180,555.24,163.91,1.33,,564,1
2000,556.82,290.37,30.19,2000,480,1
110,556.88,-704.87,60.36,,660,1
340,558.39,2.26,0.56,343,591.38,1
1250,559.82,-1500.62,87.15,,,1
200,560.13,190.82,4.87,175,953.67,1
330,562.81,396.16,7.11,250,631.88,1
,564.83,-803.65,19.42,,1229.67,1
80,572.1,-386.51,,203,648.93,1
900,574.86,-1145.4,27.22,825,974.85,1
280,575.67,-45.17,2.15,,,1
40,577.08,-586.55,40.57,10,1240,1
400,577.58,208.01,58.53,440,592.56,1
,579.14,-154.62,21.5,,,1
350,580.89,-2048.39,325.1,230,692,1
200,582.59,946.57,47.95,315,1467.57,1
350,584.59,1244.34,5.85,550,906.17,1
35,585.41,-926.25,27.74,38,848.17,1
500,588.54,-24.5,30.12,338,680,1
2500,589.17,-363.23,18.53,2000,770,1
890,589.52,-743.47,10.75,700,516,1
150,592.92,148.69,32.4,160,950,1
,595.22,-496.46,4.81,,,1
1800,595.38,-440.21,10.98,,,1
4,598.03,297.58,0.07,52,623,1
1200,599.17,486.88,5.32,,,1
250,599.65,-1499.31,40.74,300,934.5,1
250,600.95,81.16,,116,629.53,1
450,604.85,1132.62,0.42,462,544.5,1
830,605.33,-358.88,21.82,1043,828.22,1
,609.28,-6223.33,92.14,4603,1940.63,1
260,611.51,-305.75,2.37,261,818.65,1
900,612.5,-80.09,14.97,642,661.35,1
1800,616.13,-106.29,,2025,799.1,1
1300,617.91,182.16,15.83,,,1
1500,618.4,-253.73,5.52,1201,688.6,1
260,632.78,-232.11,19.6,194,799.07,1
500,636.9,-497.66,0.58,556,804.8,1
1000,643.59,-498.28,60.98,1000,79,1
40,653.16,356.37,13.88,,796.26,1
1000,653.63,-830.37,32.27,900,770.67,1
200,655.72,401.58,2.32,237,663.93,1
,659.79,-3795.1,117.49,,1003.56,1
,666.01,508.61,73.38,,,1
200,666.88,16.73,27.82,180,926,1
325,667.45,-1847.47,58.63,,,1
1100,670.9,-1055.12,51.18,,,1
350,670.99,108.16,16.31,400,930,1
500,674.74,-595.23,81.99,600,834.97,1
90,675.26,313.02,38.26,,,1
1500,686.15,-699.47,14.58,,,1
75,692.44,191.77,26.78,,,1
1000,696.95,261.75,46.32,1000,907.54,1
400,698.35,329.48,10.56,,,1
1500,699.04,-1111.83,18.78,1100,767.71,1
500,707.32,-591.8,63.21,,,1
,707.95,-4330.01,178.94,,816,1
600,711.17,173.21,21.26,,,1
2000,711.57,-173.74,0.96,1900,813.5,1
450,711.73,199.38,85.75,469,939.4,1
600,712.38,-125.57,17.03,841,1083.27,1
350,718.91,735.56,118.5,1660,1782.22,1
350,724.65,-276.92,33.96,,,1
,725.98,-3306.17,55.5,,,1
350,726.56,598.74,52.72,,,1
110,728.49,376.17,9.56,130,864,1
127,729.49,3053.37,27.08,157,1764.32,1
4000,735.43,-344.51,4.67,4050,1010.31,1
300,735.98,-2206.53,31.49,,,1
350,738.46,-127.55,1.32,425,865,1
450,743.17,-23.68,62.92,510,860.8,1
350,743.5,3.65,14.27,,,1
3000,745.15,183.13,0.41,,,1
195,745.64,-106.42,58.34,,,1
900,745.76,252.2,10.94,848,793.75,1
500,751.88,-140.92,37.46,,,1
33000,753.84,-1527.29,59.51,11100,1172.62,1
900,757.4,7.53,10.93,852,841.27,1
1500,758.02,-306.99,32.21,1500,835,1
25,758.71,308.77,121.51,,,1
1000,759.99,-152.59,49.75,,,1
2500,770.66,379.55,9.62,3000,957.6,1
1500,772.26,1097.88,92.02,,,1
500,787.99,-337.46,38.22,,,1
700,798.24,-66.15,32.04,585,689.6,1
1100,800.55,-224.34,46.36,1400,1006,1
1500,802.3,45.67,12.89,,,1
350,810.2,983.8,171.99,664,1518.1,1
1250,810.41,22.01,5.75,1000,502,1
1000,815.64,-117.56,36.2,,,1
1000,821.48,613.2,54.34,880,1047.2,1
500,821.64,-3141.37,51.96,,1192.26,1
1250,825.53,-1179.22,39.7,,,1
500,835.74,-2048.94,62.13,486,855.41,1
2300,836.23,-539.01,57.86,,,1
100,836.77,676.36,23.83,,,1
,837.8,199.38,21.64,,,1
400,842.55,-1132.03,7.6,371,811.35,1
500,843.48,-660.52,33.79,138,1174.25,1
1100,844.92,-811.09,26.65,933,1059.53,1
1750,846.22,-27.44,,,,1
1200,847.58,167.15,35.01,,1096,1
500,848.89,241.31,33.13,485,1016.3,1
27000,849.52,-967.71,60.25,28360,959.56,1
45,854.44,-159.62,29.66,54,1115.11,1
600,854.71,-581.84,22.4,600,988.5,1
350,862.43,-1131.77,61.93,358,988.4,1
400,862.44,-396.65,56.82,,,1
800,867.23,-661.95,26.76,1375,1634.11,1
2000,868.53,716.21,29.11,2000,610,1
700,869.22,367.89,79.44,616,1065.99,1
3000,872.1,-832.77,16.52,2745,952.45,1
500,875.33,161.25,37.86,500,1382.5,1
940,876.16,-2259.45,14.01,972,1329.8,1
1000,882.29,2320.3,20.4,439,1987.57,1
550,882.4,53.69,26.34,,,1
600,887.29,400.4,40.24,600,1047.4,1
250,888.73,813.85,16.67,364,978.5,1
1250,888.85,-1090.52,27.7,1500,1249.92,1
,894.54,-1379.14,133.66,,1255.5,1
2250,895.28,1875.85,32.57,,,1
2000,896.45,-71.41,65.1,,,1
400,898.55,-3644.63,32.52,404,1365.77,1
250,902.9,-4470.87,9.43,979,1732.85,1
250,909.03,403.25,9.44,,,1
120,912.45,-169.96,21.95,,,1
650,914.56,-155.37,,750,1280,1
500,916.68,-564.42,252.19,,,1
,917.42,-7576.6,93.18,,1869.25,1
,921.33,129.26,20.39,,,1
230,928.63,33.31,11.23,307,1100.17,1
500,929.36,-96.13,0.01,150,1357.48,1
4900,929.99,-2225.16,44.78,3665,1516.47,1
500,931.64,-755.2,12.27,445,1447.67,1
550,932.6,-674.7,16.92,,,1
1200,935.86,-324.38,37.26,1020,1255.6,1
1000,937.03,1380.57,62.7,1042,1567.68,1
900,938.75,314.74,12.05,1150,1465,1
200,939.96,302.3,2.69,,,1
25,947.54,-837.82,33.71,28,1319.5,1
250,949.02,-718.23,20.95,,,1
1750,949.57,-256.66,4.55,1500,1055,1
150,950.81,-779.49,17.26,,,1
100,954.17,-645.79,30.43,,,1
1200,959.73,205.94,54.73,920,995.6,1
300,961.05,187.91,12.35,,,1
2000,961.7,794.42,12.06,2200,1171.89,1
4000,963.84,-970.75,3.09,4067,1256.33,1
4000,968.92,-868.31,4.72,4015,1318.51,1
1500,969.67,-899.54,24.99,,,1
,970.67,-2556.44,49.89,,,1
1200,972.01,90.52,30.13,914,1282.63,1
500,973.23,2480.13,29.94,,1929,1
2000,977.93,-677.96,14.89,1978,997.55,1
300,982.85,-2926.08,14.33,495,1370.26,1
300,985.27,76.01,20.13,,,1
200,987.55,-19382.92,44.68,263,1908.42,1
300,992.56,-1681.43,36.25,,,1
950,994.4,847.29,,1186,1215.17,1
600,997.05,-1158,21.06,,,1
4000,1011.62,-35.27,6.55,4316,1179.19,1
3000,1014.05,-813.76,18.13,3143,1115,1
75,1021.24,221.12,78.98,73,1246.91,1
1250,1038.68,-747.04,27.15,,,1
500,1038.78,-1848.13,76.47,486,1010.44,1
150,1056.45,10.7,26.11,510,859.5,1
500,1056.78,-17.07,26.59,,,1
200,1057.14,-753.02,31.43,120,1147,1
250,1057.81,-4502.75,42.07,,,1
1500,1067.25,-389.28,37.32,1500,1396.5,1
600,1075.01,185.53,33.35,807,1647.73,1
2700,1076.66,-632.08,62.42,2586,1399.08,1
3000,1086.88,104.02,7.49,,1149,1
100,1088.7,-514.62,30.98,143,1104.17,1
250,1092.2,-232.82,44.75,526,1315.76,1
120,1093.72,-34379.64,40.1,120,2765.63,1
1000,1098.57,-2042.07,19.78,1644,1283.9,1
400,1098.66,-1251.12,31.28,270,1420.44,1
1500,1099.68,-683.92,13.99,1672,2940.77,1
400,1110.7,-934.54,33.54,422,1432.68,1
1500,1111.54,182.58,58.48,1225,1356.38,1
260,1114.78,52.85,16.8,258,1100.61,1
1800,1115.07,919.64,9.7,1649,1340.25,1
60,1119.79,-3743.13,65.29,45,2072.25,1
160,1120.5,1532.64,7.63,302,1185.57,1
400,1122.77,-1115.57,11.79,525,1573.24,1
1900,1123.19,-323.56,22.65,1736,1370.75,1
45,1135.67,-151.5,36.36,95,1436.5,1
75,1157.96,-2046.39,80.39,26,1591.65,1
4000,1158.71,169.72,9.18,3667,1318.4,1
3500,1163.07,264.94,19.37,3257,1190.86,1
1620,1170.68,-839.69,,1160,1234.81,1
2500,1175.12,-88.95,31.11,,,1
350,1179.74,898.81,86.99,,,1
1500,1181.86,-120.95,,1323,1259.91,1
2820,1197.96,-275.16,146.03,3560,1954,1
300,1199.02,-7214.53,61.5,300,1575,1
550,1201.62,-414.79,26.9,567,1373.1,1
1500,1218.52,139.94,10.63,1821,1493.88,1
,1219.75,-19216.56,157.32,234,1270.56,1
600,1224.19,17.62,0.17,500,1407.83,1
130,1225.98,662.14,26.4,150,1453,1
1200,1227.23,189.15,,1267,1549.96,1
8000,1227.71,-6839.49,26.73,8625,2316.81,1
250,1251.96,-486.9,47.6,100,1476.37,1
350,1255.52,-505.93,23.48,238,1304.25,1
,1267.72,49.95,0.69,15,1471.8,1
150,1268.36,-942.42,31.27,,,1
130,1269.27,339.93,18.87,,,1
300,1272.18,289.52,0.96,40,1593.1,1
700,1283.95,-663.25,25.8,638,1321.47,1
500,1290.79,136.23,0.36,600,1576.04,1
150,1296.78,591.54,26.45,93,1712.5,1
1500,1298.81,-562.85,,1340,1934.35,1
,1299.87,-1061.52,0.49,24,1783.51,1
,1302.52,626.57,38.28,,1560,1
2000,1303.44,-219.69,12.28,2089,1476.44,1
1100,1308.97,-605.54,,1537,1747.39,1
750,1313.37,-7300.36,45.11,,,1
350,1326.17,77.41,9.85,367,1348,1
500,1328.39,137.73,4.1,582,1749.06,1
170,1330.37,-1179.75,29.76,,,1
5500,1332.1,317.94,92.28,9000,2828,1
5200,1334.09,340.97,7.61,4429,1571.88,1
,1341.04,3326.34,311.7,,,1
500,1343.99,-3549.17,40.51,,,1
1250,1346.46,-767.37,,1329,1816.13,1
250,1346.82,-1050.37,28.2,250,1423.5,1
300,1347.84,-55.22,13.88,250,1718.83,1
600,1358.36,-1276.46,1.36,630,1915,1
170,1360.66,-808.65,31.29,,,1
,1365.74,-3245.46,80.61,5833,2926.5,1
150,1372.34,-1757.67,25.66,,,1
2000,1398.96,1062.61,90.23,2167,1748.33,1
250,1411.76,-2486.2,93.99,250,1160,1
600,1433.1,1295.62,10.08,438,1660.82,1
375,1442.69,-363.01,33.51,,,1
250,1446.2,-4394.17,56.74,250,1352,1
1100,1447.74,484.81,,1132,1706.31,1
1800,1454.04,-1649.26,33.57,1805,1752.33,1
,1459.38,-243.15,241.51,,1479.83,1
10000,1463.28,-1889.58,62.88,9041,1552.87,1
350,1475.17,713.1,36.55,240,1689.77,1
1250,1495.1,1259.49,10.68,,,1
2000,1506.53,-8327.07,31.66,1985,2976.16,1
1150,1527.43,629.64,11.62,1263,2156.2,1
230,1537.76,810.78,30.13,220,1795,1
350,1546.08,1314.3,71.79,372,1726.39,1
450,1550.5,1155.44,12.7,423,1731.24,1
2000,1553.58,2548.82,59.11,425,3263.65,1
1000,1562.49,663,57.62,1100,2474,1
760,1565.36,-221.05,0.4,423,1917.27,1
,1583.26,-2632.87,57.56,2500,1950.43,1
1750,1601.19,1999.56,4.54,,,1
430,1601.8,426.82,19.35,324,1944.3,1
200,1607.88,-114.25,8.65,221,1877.46,1
780,1612.96,-126.46,9.23,681,1953.08,1
250,1614.79,-152.61,26.67,770,2260.47,1
200,1615.43,709.93,14.57,285,1730.48,1
500,1625.27,-1397.7,12.71,383,2713.45,1
1500,1641.72,-476.91,29.26,1500,1460.2,1
148,1653.8,2111.45,40.32,162,2614.37,1
250,1656.59,-1336.28,14.32,281,2212,1
900,1669.3,-2775.06,50.84,1142,2283.86,1
400,1669.85,-1641.27,39,350,1850.86,1
1250,1671.55,-1628.48,66.89,1175,2536.75,1
1750,1686.01,978.54,17.08,,,1
500,1688.16,-2015.79,34.55,859,2367.59,1
350,1708.76,517,8.95,325,2340.75,1
300,1719.74,-854.57,13.69,350,1577.05,1
900,1729.48,-193.53,53.25,1033,2476.33,1
250,1740.74,941.73,12.77,286,2267.15,1
500,1745.4,1638.14,16.47,471,1757.96,1
1100,1748.55,-11953.86,52.86,1200,2065,1
1000,1757.32,955.71,73.33,788,2427.89,1
65,1770.32,-1007.01,65.97,58,1966.25,1
,1793.68,-426.7,55.43,21,3359.22,1
60,1802.21,-1437.56,59.46,59,2471.24,1
300,1811.47,93.59,21.54,250,1978.33,1
350,1812.92,550.21,31.3,250,1814,1
200,1855.02,886.27,8.88,205,2097,1
500,1868.62,1495.19,28.79,450,2691.17,1
600,1948.86,-781.99,38.04,607,2000.07,1
,1963.96,6558.87,10.2,92,3062.68,1
1750,1970.41,273,33.38,,,1
2100,1976.85,-15.87,36.58,2225,2583.63,1
8000,1984.45,-990.56,15.29,8025,1909,1
8000,1989.49,-2900.87,25.22,8075,2814.24,1
5000,2020.85,19.65,82.33,5000,3011.67,1
550,2033.62,-356.72,6.48,,,1
2200,2047.07,-2410.64,20.84,,,1
600,2052.35,529.32,0.45,765,3594.59,1
820,2058.13,-553.27,4.95,893,2351.75,1
300,2061.06,-28.22,2.32,417,2221.86,1
75,2085.55,-550.26,66.54,70,2129.8,1
170,2091.87,2475.82,34.72,,,1
1100,2180.59,265.13,11.06,897,2686.49,1
550,2185.66,-504.99,26.72,700,2624.41,1
80,2248.76,1081.2,58.5,82,2308.92,1
1750,2284.84,-1917.65,35.79,,,1
,2295.6,1202.22,,,3159.47,1
400,2308.72,-2999.41,18.53,505,1086.12,1
400,2376.49,380.71,19.37,372,2605.5,1
750,2388.36,-11336.62,32.66,759,2577.88,1
350,2393.35,1368.21,19,350,2985.5,1
1925,2411.94,2553.39,3.45,,,1
3750,2437.17,815.95,91.44,1496,2515.83,1
,2456.29,6804.92,68.52,,2507.63,1
6000,2488.72,530.01,46.87,3076,3041.46,1
1250,2513.99,820.26,90.01,1163,2935.45,1
900,2525.67,4856.11,33.31,840,3157.8,1
1800,2556.46,1801.36,33.66,,,1
,2564.84,-4178.2,80.08,,2732.5,1
1250,2579.54,-6020.77,37.92,1067,6314.95,1
3000,2594.81,-838.56,44.63,3189,3089.49,1
4800,2656.45,-1705.4,23.35,4944,2839.18,1
1450,2698.46,-364.98,41.39,1250,4561.25,1
2000,2715.42,-403.32,65.54,2070,3275.32,1
400,2755.64,-1612.53,23.22,286,2768.09,1
150,2763.54,-2440.78,78.37,127,4060,1
150,2793.24,-14387.14,42.64,309,4447.41,1
500,2900.33,1223.17,34.8,500,5940.34,1
,3085.33,-2223.58,34.39,62,6511.85,1
9000,3092.1,-4066.66,48.18,8917,3354.97,1
90,3111.31,-1251.64,47.26,,4596,1
1000,3141.25,-1795.48,26.84,692,2392.58,1
500,3141.77,4381.5,28.62,750,4125.27,1
1250,3143.09,-7823.37,47.03,1250,3963.33,1
350,3213.08,1513.56,27.02,386,4192.96,1
3820,3287.62,1376.57,15.22,3576,4238.25,1
9000,3298.35,-1874.25,58.19,9111,3805.55,1
2500,3309.68,2660.87,6.2,1000,4175.35,1
1250,3337.66,-206.48,40.27,1294,6882.5,1
1000,3339.45,1386.68,16.94,1214,4251.66,1
3200,3387.97,-1704.77,14.81,3082,5058.5,1
,3456.87,-16070.69,33.46,92,5346.01,1
1000,3509.29,-475.35,17.52,1091,6402.21,1
3600,3569.11,4552.38,27.6,7497,13448.23,1
1250,3603.28,-1529.71,38.09,1286,5427.29,1
700,3628.26,-1463.58,43.42,687,4202.52,1
,3640.61,-7740.24,33.13,,5500.75,1
,3690.95,-18143.57,65.19,95,10790.21,1
1000,3717.31,-2850.14,12.17,1730,9406.06,1
5860,3752.13,1736.34,33.47,9882,10696.13,1
200,3790.49,642.66,18.25,413,5070.48,1
700,3831.66,621.64,46.9,717,4292.1,1
650,3932.31,-374.94,48.84,667,4482.55,1
800,3936.69,925.98,33.53,703,4023.01,1
,3943.86,2159.34,31.93,,5035.34,1
450,3991.07,2292.81,14.14,388,4574.25,1
1200,4021.81,-1680.06,31.02,1275,4932.05,1
1750,4059.63,313.99,,2500,3380,1
3800,4279.11,-51321.54,92.64,4730,6718.6,1
2000,4346.63,56.68,2.59,,,1
650,4366.17,-4168.89,35.67,619,5727.23,1
1000,4425.15,1051.21,12.84,533,3986.78,1
500,4481.84,65.42,38.96,,,1
2250,4504.16,88.9,2.61,2000,5715.68,1
2400,4582.75,-1905.57,29.87,3600,6053.38,1
250,4609.06,-2827.18,105.08,208,3461.64,1
1000,4621.76,-10295.43,35.7,1002,9578.91,1
1500,4624.64,-425.55,10.91,920,4220.9,1
1450,4701.36,-5297.16,39.43,1542,6348.83,1
5220,4789.92,2345.2,21.03,7939,9774.16,1
2000,4934.78,2299.39,24.19,1636,4327.91,1
1500,5037.8,-5895.04,30.08,1424,6542.02,1
400,5075.39,-30164.78,476.4,,,1
150,5103.67,-3045.99,60.86,613,5621.61,1
616,5211.87,729.51,18.35,722,8199.47,1
734,5241.39,1184.69,15.21,772,8451.09,1
,5318.19,1402.94,7.91,429,6380.06,1
,5373.09,-526.75,82.45,,6424.52,1
,5582.58,4015.29,30.28,5,5821.75,1
1500,5685.98,1529.65,26.52,1517,5840.37,1
150,5763.38,-4580.27,44.69,247,6969.15,1
1200,5953.38,1893.47,34.07,1189,6265.33,1
2000,6115.5,-3694.27,49.21,2169,19511.56,1
500,6287.68,-1649.18,14.99,740,6368.37,1
250,6323.31,2453.61,42.38,283,7470.27,1
1500,6369.09,-2747.58,10.73,1612,7459.4,1
1250,6402.19,-6809.66,24.36,1300,7283.43,1
2000,6446.29,-7.36,11.81,1613,7259.55,1
2300,6562.17,-49.91,9.41,1280,5505.2,1
800,6622.26,-25809.34,16.35,1124,20410.66,1
3000,6980.27,2418.73,12.63,2131,7650.14,1
1000,7149.71,-18470.5,35.53,1141,10311.38,1
1500,7349.99,-1156.05,26.47,833,8156.88,1
500,7355.96,-6079.91,11.96,756,9520.09,1
350,7464.83,6864.62,34.75,317,7564.35,1
1200,7503.98,745.49,37.61,965,8854.8,1
5000,7575.39,2382.72,5.98,4826,10317.62,1
782,7581.99,4600.6,16.52,852,10802.71,1
500,7626.03,-16293.27,95.97,500,10674.25,1
2000,7633.26,-4785.35,60.25,2056,9121.07,1
3500,7991.86,-23212.7,56.33,3027,5096.34,1
5200,8010.38,-170.85,42.83,2007,7828.91,1
2000,8254.15,-39540.78,30.76,5391,18720.96,1
1100,8302.25,5786.46,20.52,977,9939.68,1
600,8596.67,-992.81,15.41,566,10443.13,1
3500,8765.38,2974.35,15.12,3344,8974.38,1
750,8783.28,10328.45,45.76,846,14286.75,1
450,8861.51,-25982.11,51.06,449,10065.42,1
3500,8968.58,-3596.15,44.94,3547,9694.2,1
750,9194.84,8692.72,23.53,750,12133.71,1
314,9425.33,4247.13,20.97,290,10756.14,1
2800,9753.24,5359.71,,3116,10361.43,1
2400,9900.89,-1195.48,4.17,2180,10821.2,1
5550,10365.88,-23610.83,53.54,3760,18191.4,1
500,10375.86,-22742.82,79.83,538,14399.67,1
6700,11072.59,4172.8,24.01,9272,11781.8,1
376,11550.25,5874.76,48.09,314,11094.86,1
11000,11764.11,4988.76,9.15,10265,12974.05,1
1446,11791.88,3618.33,8.88,1270,14402.65,1
1350,11841.07,3000.75,35.37,1193,13647.43,1
2000,11883.79,5417.43,45.39,1514,15198.42,1
2000,12092.33,23585.77,48.11,2053,19134.97,1
600,12572.34,-36941.25,330.59,,,1
500,12745.06,-6374.84,66.54,500,14951.14,1
4000,13107.61,4112.57,12.99,4134,17268.04,1
380,13345.14,966.57,106.71,1659,14458.07,1
2500,13443.49,515.4,11.03,2254,12635.26,1
1000,14265.47,-10702.07,6.18,1358,16812.25,1
1500,14852.61,-11770.55,44.93,1541,17428.88,1
750,14911.38,8504.08,73.08,505,15316.08,1
10000,15357.44,10506.07,44.88,10142,17426.63,1
1000,15883.16,16911.5,17.15,833,17235.13,1
1500,16948.98,-15471.36,45.77,1370,19332.75,1
4800,16975.03,-1212.97,11.73,4456,20573.34,1
2000,17484.09,-3640.2,52.35,2426,20474.43,1
9400,18251.05,7573.85,40.49,9738,23392.33,1
850,18772.18,-14219.57,9.17,1102,21660.56,1
4000,19103.23,250.51,12.67,4084,25425.42,1
10500,19461.77,-3463.98,29.78,11264,21466.67,1
1150,20096.8,-6728.77,11.52,1055,22542.21,1
9400,20111.09,4426.23,39.41,9500,23431.14,1
9400,20349.92,17011.63,33.4,9701,24088.19,1
1000,20664.57,-1178.37,17.62,1195,38122.05,1
9400,21793.37,11470.26,38.67,9534,24770.88,1
1100,23542.73,-32367.55,12.76,1210,29206.02,1
8000,24100.43,14575.7,43.41,7947,28949.78,1
1000,27191.79,-51834.82,45.17,1456,70240.71,1
8000,28443.25,22360.54,42.99,8171,34591.45,1
8000,29961.34,-23105.83,42.51,8056,37265.87,1
8000,32135.3,-13341.27,42.21,8100,38703.74,1
600,32767.46,-7485.21,25.21,600,51800.9,1
600,34990.88,12402.48,12.98,588,42747.01,1
650,35222.51,13154.72,8.21,672,44904.6,1
5000,37358.74,-45035.8,50.04,5150,57314,1
10000,38688.55,32917.74,32.81,10275,41877.4,1
8000,38923.07,9836.82,10.71,6336,41999.29,1
5500,41340.7,-8620.33,0.16,7579,25039.71,1
1170,50126.24,19716.49,40.42,1312,85791.32,1
300,51094.66,-1176.01,24.38,134,55572.25,1
4000,51935,-136979.61,78.44,4524,61302.02,1
3700,52807.83,28774.22,37.93,4091,58902.56,1
10000,54676.94,-58308.11,38.96,10053,57875.28,1
10000,55426,16026.91,31.25,8611,54230.72,1
500,57875.65,-37024.89,110.65,1805,69060.43,1
4000,63579.06,-191509.93,70.65,4205,73321.79,1
10000,65400.59,-4691.97,16.74,9814,52776.27,1
5000,66789.49,-213819.76,92.51,4441,80398.1,1
5500,69339.33,16919.08,0.15,6313,89432.01,1
1750,80288.29,-74702.17,56.33,1758,89398.04,1
17000,92380.89,-1108.54,29.5,15647,82824.06,1
5500,156442.91,1740.65,8.88,9634,203411.57,1
10000,166210.3,-40743.85,6.97,10357,173818.33,1
21000,264134.42,102142.87,6.42,27598,263478.59,1
8000,290493.38,95294.51,7.41,7594,353114.53,1
42500,536450.38,130500.03,7.85,66971,661011.2,1
1416,588866.69,260428.5,6.02,1492,512593.18,1

