OP Growth,Return,Year
82.68,723.79,2005
109.17,706.12,2005
466.39,632.5,2005
830.17,479.87,2005
112.17,440.72,2003
1735.17,435.1,2003
-0.81,415.68,2005
772.99,395.33,2005
71.55,391.91,2005
70.5,367.67,2005
-11.6,365.98,2005
34.34,336.07,2005
76.51,335.34,2005
-63.99,331.76,2005
72.28,316.63,2005
70.14,308.16,2003
9.6,307.03,2005
156.57,293.65,2005
198.05,285.71,2005
-80.16,283.49,2005
-32.54,282.04,2005
45.89,277.21,2005
44.17,276.32,2005
128.52,276.29,2005
353.42,273.33,2005
20.3,270.27,2005
-18.29,267.78,2005
56.11,261.27,2005
3549.37,259.37,2003
57.95,259.06,2005
194.21,257.4,2003
285.62,254.91,2005
2.68,254.4,2005
129.84,253.51,2005
16.21,252.54,2005
63.95,252.27,2005
350.22,246.37,2005
33.83,246.1,2003
91.06,240.71,2005
44.69,240.14,2003
318.65,231.24,2005
16.37,226.4,2005
42.29,225.11,2003
62.96,224.32,2012
73.86,223.36,2005
0.75,221.61,2005
-64.45,219.53,2005
-4.6,219.23,2003
-41.53,218.98,2005
-3.77,218.72,2003
16.89,218.14,2005
24.61,216.72,2005
-3.52,215.5,2005
208.81,214.81,2003
-11.14,214.06,2005
39.87,211.74,2005
117.23,210.55,2003
27.67,209.16,2003
31.54,208.57,2005
229.09,208.13,2014
189.25,206.15,2014
172.81,204.33,2005
51.41,204.11,2005
-28,203,2005
31.91,202.4,2005
93.2,201.79,2005
10.18,199.98,2005
32.21,199.32,2005
177.84,197.42,2005
70.57,197.11,2005
-11.07,196.85,2005
66.62,194.74,2003
42.78,194.04,2003
36.3,190.35,2005
2.04,190.06,2005
48.48,187.43,2005
63.2,185.71,2005
288.86,185.37,2011
217.03,183.41,2003
69.76,180.07,2003
-1.2,178.95,2005
27.38,177.88,2005
4.74,177.67,2005
11.99,177.58,2005
188.02,177.39,2005
47.97,175.8,2012
108.71,174.77,2005
97.07,174.55,2012
48.91,174.53,2005
27.96,173.42,2005
69.78,171.16,2013
117.29,170.16,2005
81.32,169.79,2005
9.35,166.47,2005
36.34,163.69,2005
7.12,163.25,2003
241.54,160.09,2005
-2.74,157.34,2005
-6.93,156.31,2005
511.6,156.23,2012
-19.31,155.58,2005
53.61,153.81,2005
23.35,153.25,2005
3.39,151.82,2005
-13.54,151.59,2003
86.44,150.64,2011
0.25,149.84,2014
39.17,149.67,2005
18.91,149.12,2003
32.24,149.07,2003
286.14,147.41,2005
-7.35,147.27,2005
173.88,146.91,2005
19.3,145.86,2003
38.01,144.32,2005
-76.47,143.58,2005
53.66,142.26,2003
82.54,141.74,2005
48.71,140,2005
24.75,139.93,2005
-6.47,138.28,2003
60.97,135.64,2005
59.24,134.2,2005
161.37,133.86,2019
40.36,133.56,2005
1.35,131.64,2005
-6.84,131.54,2005
277.72,131.12,2008
-19.58,129.19,2005
189.15,129.05,2003
306.52,128.21,2005
43.78,127.63,2014
-16.09,126.25,2005
112.82,125.96,2005
26.89,125.88,2012
13.82,125.79,2005
14.97,125,2012
36.62,124.55,2006
138.54,124.51,2005
-11.65,124.05,2005
222.38,123.22,2005
1.01,122.42,2005
31.19,122,2014
40.76,121.19,2005
1.01,120.8,2005
4.9,120.24,2011
43.92,119.98,2003
30.29,119.16,2005
18.19,119.05,2014
35.94,118.57,2003
74.71,115.08,2012
184.92,114.93,2005
44.89,114.59,2005
8.3,114.24,2003
483.95,114.13,2003
4.13,112.74,2005
56.58,112.5,2005
6.65,112.36,2005
279.9,111.94,2011
35.53,110.8,2011
43.92,110.41,2005
21.55,110.23,2003
223.28,110.03,2011
10.42,109.67,2005
-73.01,109.5,2013
43.54,109.16,2003
328.05,108.89,2013
28.56,108.55,2011
146.72,108.46,2003
49.58,107.56,2013
1.83,107.53,2003
396.16,107.07,2013
37.2,106.54,2005
8.76,105.87,2013
-18.07,105.59,2003
-12.29,105.11,2003
195.18,104.78,2005
19.82,104.68,2003
30.08,104.64,2014
62.35,104.41,2003
380.66,103.77,2005
525.24,103.66,2003
-20.65,103.14,2005
784.14,102.84,2005
30.27,102.76,2005
130.36,102.26,2006
-25.34,101.66,2005
33.1,100.36,2005
10.82,99.99,2005
10.29,99.81,2014
244.25,99.78,2012
11.09,99.57,2003
-24.53,98.57,2003
11.79,97.71,2005
-29.55,96.85,2003
-14.6,96.81,2012
-25.01,96.48,2005
37.72,96.23,2006
159.61,95.34,2003
266.34,94.14,2003
50.83,94.13,2006
11.84,93.98,2003
270.11,93.9,2012
3.17,93.64,2003
98.47,93.53,2006
166.18,93.46,2003
665.51,92.36,2012
-9.76,91.86,2006
-60.55,90.93,2005
78.78,90.52,2012
-39.04,89.33,2005
17.53,89.05,2011
44.11,88.89,2005
9.78,88.49,2005
13.21,88.13,2005
42.99,88.09,2006
40.52,87.92,2012
-44.27,86.98,2005
0.05,86.8,2005
-34.8,86.55,2003
-1.96,86.32,2005
44.31,85.96,2005
-6.61,85.82,2003
-45.88,85.19,2003
-12.22,85.12,2005
56.68,85.04,2011
8.29,84.91,2005
-14.83,84.84,2003
56.45,84.13,2005
-75.91,83.7,2005
-1.71,82.85,2006
-12.35,82.17,2005
-1.47,82.15,2013
19,82.04,2003
37.64,81.98,2003
-13.77,81.95,2012
10.42,81.82,2005
44.91,81.03,2003
1.91,80.78,2006
73,79.92,2012
45.08,79.91,2006
40.17,79.27,2003
112.12,79.23,2006
-1.14,79.2,2005
-226.29,78.9,2005
77.86,78.89,2006
21.05,78.86,2005
63.99,78.36,2012
0.63,78,2003
-21.59,77.9,2005
-29.09,77.37,2003
-1.54,76.69,2003
29.54,76.43,2003
13.17,76.18,2005
-2.68,75.89,2005
-3.87,75.77,2012
294.73,75.65,2011
16.82,75.62,2012
66.96,75.43,2005
8.67,75.39,2005
-12,75.32,2005
5.21,75.14,2005
0.95,74.7,2019
-5.22,74.53,2003
-30.55,74.44,2003
4.43,74.17,2003
33.59,73.72,2005
245.01,72.31,2003
-20.97,72.27,2006
-1.55,72,2005
24.17,71.64,2012
-36.99,71.01,2013
97.95,70.91,2006
18.67,70.57,2012
14.04,70.56,2003
-27.66,70.39,2005
308.73,70.37,2006
-34.01,70.27,2012
16.72,70.22,2003
-23.23,70.13,2005
1686.56,69.46,2014
45.71,69.44,2012
26.59,69.23,2005
155.42,69.2,2003
43.06,68.97,2011
-24,68.8,2006
-28.41,68.77,2012
-10.12,68.42,2005
7.16,68.09,2005
112.52,67.87,2006
98.16,67.41,2005
-13.52,67.35,2006
42.94,67.28,2006
171.92,66.81,2014
45.63,66.68,2005
153.81,66,2005
-56.57,65.88,2003
25.44,65.05,2011
406.53,64.66,2005
112.39,63.95,2005
767.11,63.85,2006
263.3,63.74,2011
147.48,63.67,2006
1.2,63.45,2013
18.54,62.93,2005
-25.4,62.72,2003
-66.85,62.63,2006
-20.34,62.6,2005
50.75,62.5,2005
30.34,62.3,2011
-35.73,62.28,2003
62.26,62.16,2006
1371.18,62.07,2006
-9.83,61.6,2019
-13.04,61.59,2013
-11.62,61.5,2012
153.14,61.36,2014
17.76,61.1,2006
-15.95,61.02,2005
69.23,60.92,2005
2220.32,60.75,2013
11.68,60.73,2006
-57.05,60.47,2003
61.37,60.42,2013
31.61,60.38,2005
15.4,60.29,2012
-52.23,60.29,2005
283.91,60.28,2005
100.06,59.75,2013
72.98,59.69,2011
200.55,59.03,2006
29.87,58.78,2006
45.31,58.24,2012
-74.53,58.24,2012
684.73,58.2,2019
100.14,58.18,2006
9.3,57.42,2012
431.35,57.07,2011
5.91,57.06,2005
10.45,56.96,2005
-95.06,56.91,2005
5.98,56.84,2014
24.67,56.79,2006
-31.08,56.46,2012
52.15,56.27,2011
-0.41,55.74,2003
21.18,55.71,2005
-1.45,55.22,2003
-21.07,55.19,2005
2.41,54.8,2008
-7.62,54.69,2003
-3.79,54.44,2005
118.33,53.86,2003
-3.32,53.72,2013
-49.97,53.63,2003
169.32,53.39,2003
-23.84,53.2,2014
4.82,53.15,2003
-32.72,52.97,2006
124.16,52.91,2012
23.46,52.87,2019
14.36,52.79,2005
35.26,52.6,2011
435.71,52.48,2005
40.01,52.47,2013
16.3,52.04,2005
328.77,51.99,2012
77.1,51.82,2003
162.36,51.75,2006
-2.75,51.61,2005
-77.85,51.58,2005
57.63,51.42,2011
-25.15,51.31,2013
6.5,51.3,2003
-15.72,51.2,2005
10.52,50.82,2005
49.82,50.77,2006
0.12,50.69,2003
52.18,50.58,2006
170.35,50.41,2006
4.63,50.37,2011
954.53,49.53,2006
486.06,49.47,2013
110.68,49.12,2019
41.73,48.33,2006
9.32,48.1,2014
16.83,48.05,2003
-7517.44,47.88,2005
20.99,47.82,2012
281.34,47.8,2005
70.88,47.71,2006
31.15,47.6,2005
-116.66,47.5,2005
-15.45,47.48,2011
29.14,47.09,2012
39.14,46.93,2011
15.6,46.56,2013
0.1,46.51,2005
37.04,46.46,2014
-30.11,46.42,2006
-0.53,46.41,2014
72.3,46.34,2011
-30.44,46.28,2005
17.21,46.2,2014
18.93,45.96,2019
-29,45.56,2005
0.77,45.44,2014
-13.82,45.16,2012
1891.3,45,2005
-35.46,44.99,2003
50.18,44.91,2003
16.04,44.88,2006
294.57,44.84,2006
28.21,44.7,2013
236.58,44.64,2014
184.22,44.48,2014
16.02,44.06,2011
90.46,44.02,2005
52.1,43.96,2013
24.21,43.76,2013
-8.69,43.63,2003
275,43.56,2011
-22.03,43.02,2003
-54.94,42.93,2005
-6.2,42.79,2006
-1.72,42.71,2006
21.88,42.68,2003
2,42.67,2003
47.22,42.54,2006
-10.58,42.52,2011
316.91,42.34,2013
87.99,42.18,2013
63.12,42.03,2006
22.58,41.9,2006
58.08,41.89,2003
48.18,41.83,2011
80.51,41.5,2011
7.31,41.36,2006
-23.19,41.36,2003
-36.78,41.33,2019
103.83,41.23,2012
-4.03,41.18,2011
-28,41.14,2014
13.22,41.13,2006
6.93,41.07,2005
28.18,41.01,2013
22.12,41,2005
62.36,40.82,2011
35.46,40.78,2005
41.03,40.65,2005
165.42,40.3,2011
57.71,40.2,2003
-258.93,40.16,2013
7.3,40.12,2006
22.08,40.03,2012
-89.55,39.94,2005
-28.33,39.88,2003
35.34,39.76,2011
1.99,39.71,2005
17.15,39.68,2006
5.73,39.64,2005
-11.59,39.55,2006
46.21,39.51,2006
-21.36,39.47,2005
49.67,39.44,2005
-24.8,39.31,2005
-28.43,39,2006
12.05,38.74,2011
542.73,38.71,2003
-3.1,38.62,2003
151.17,38.38,2013
-16.9,38.18,2005
66.27,38.14,2003
63.3,38.1,2011
66.9,37.94,2003
153.32,37.91,2003
19.89,37.86,2006
4.38,37.86,2006
47.13,37.85,2019
-14.11,37.85,2005
12.33,37.8,2003
18.45,37.61,2006
83.18,37.44,2014
8.05,37.14,2003
58.82,37.04,2005
1.3,36.84,2003
14.26,36.82,2011
-97.57,36.81,2006
21.38,36.69,2005
24.31,36.29,2005
-19.67,36.22,2005
23.44,36.07,2012
25.26,35.84,2014
-2.96,35.78,2005
148.77,35.74,2013
-39.26,35.69,2012
74.26,35.68,2013
-2.45,35.59,2003
-66.13,35.5,2005
-6.3,35.47,2003
-3.21,35.3,2013
-76.32,34.97,2003
-66.53,34.85,2003
28.92,34.66,2006
-2.58,34.27,2005
-25.92,34.19,2006
57.68,34.1,2006
10.68,33.99,2011
3.77,33.83,2005
-54.75,33.79,2005
40.47,33.6,2003
-0.11,33.33,2013
-8.05,33.22,2012
-18.73,32.88,2013
6.63,32.85,2011
13.14,32.71,2003
-15.19,32.59,2013
17.24,32.57,2012
27.57,32.49,2003
13.53,32.29,2013
121.54,31.93,2011
22.99,31.82,2011
-10.93,31.78,2005
2.73,31.34,2012
2200.96,31.11,2011
14.22,30.93,2006
92.67,30.86,2008
-475.82,30.59,2019
3.92,30.07,2006
18,30.03,2012
16.79,29.82,2012
14.8,29.76,2011
17.05,29.65,2003
-19.22,29.34,2005
5.24,29.3,2012
563.17,29.22,2012
-34.31,29.22,2011
-7.75,28.99,2012
222.62,28.94,2006
0.97,28.91,2013
20.06,28.87,2011
-60.05,28.87,2012
52.36,28.86,2011
33.03,28.7,2003
138.29,28.6,2012
63.23,28.54,2014
-1.49,28.5,2011
53.71,28.4,2006
-4.39,28.28,2011
55.38,28.24,2003
20.79,28.24,2012
-18.77,28.14,2003
59.74,28.1,2011
-16.13,28.06,2006
-1.46,27.81,2006
16,27.72,2005
5.78,27.64,2011
-6.6,27.55,2011
17.45,27.47,2012
-83.59,27.43,2003
2.19,27.21,2012
13.47,27.18,2013
56.65,27.13,2005
-36.81,27.12,2011
3.24,26.89,2014
15.47,26.81,2014
-86.82,26.78,2011
8.98,26.67,2014
870.77,26.48,2013
319.04,26.48,2003
21.53,26.41,2013
67.61,26.3,2006
-0.43,26.25,2006
35.09,26.22,2003
31.29,26.17,2006
-14.71,26.13,2003
23.67,26.06,2014
570.82,26.03,2008
-1.82,25.81,2011
-22.16,25.71,2008
2861.74,25.63,2006
-14.66,25.61,2014
9.11,25.42,2006
-45.09,25.32,2011
-44.11,24.94,2013
-2.7,24.9,2014
1.81,24.83,2006
50.46,24.66,2011
-47.66,24.56,2014
5.08,24.4,2006
-9.9,24.39,2011
4.26,24.36,2012
156.85,24.35,2006
12.27,24.28,2006
5.81,24.14,2014
109.04,24.07,2012
-180.33,24.05,2011
-2.99,24.02,2006
5.79,23.9,2013
82.55,23.86,2003
9.18,23.82,2013
8.5,23.68,2006
-34.11,23.6,2003
15.2,23.59,2013
454.68,23.52,2012
23.38,23.51,2013
25.9,23.3,2006
3.32,23.11,2012
1.45,22.93,2006
62.16,22.79,2006
31.99,22.77,2011
-13,22.75,2012
66.69,22.74,2011
-66.89,22.58,2008
-4.13,22.57,2006
6.27,22.54,2019
-17.58,22.48,2014
63,22.38,2003
21.13,22.11,2014
-16.02,22.1,2011
71.87,22.08,2012
-1.4,22.05,2003
-72.69,22.04,2012
-18.91,22.01,2006
28.68,21.93,2011
11.69,21.77,2005
165.24,21.68,2019
-7.3,21.59,2006
93.77,21.5,2008
-8.1,21.22,2003
111.71,21.13,2006
31.66,21.13,2011
127.8,21.03,2006
69.85,20.97,2006
-44.08,20.92,2003
-17.87,20.69,2006
56.08,20.64,2012
145.04,20.47,2011
-9.21,20.4,2014
-35.92,20.33,2005
3922.67,20.25,2006
-1.24,20.21,2011
29.33,20,2005
8.55,20,2006
-21.03,20,2005
-14.98,19.92,2012
-25.74,19.86,2011
13.27,19.51,2003
-5.96,19.4,2011
40.3,19.23,2011
905.5,19.14,2014
7.71,19.05,2011
416.15,19.01,2006
-1.77,18.99,2012
-359.06,18.71,2006
35.01,18.69,2019
64.07,18.67,2011
6.47,18.64,2006
0.21,18.6,2012
-18.63,18.6,2003
202.86,18.4,2012
139.33,18.33,2013
-10.05,18.32,2005
5.76,18.25,2006
-6.16,18.02,2006
26.24,18,2006
33.61,17.83,2008
56.91,17.81,2005
-36.78,17.43,2003
-53.18,17.35,2005
132.93,17.28,2014
24.64,17.26,2003
278.94,17.25,2011
0.18,17.22,2013
-21.04,16.99,2006
21.9,16.85,2011
71.73,16.79,2006
17.38,16.77,2012
4.78,16.67,2012
8.04,16.6,2006
56.79,16.59,2011
-51.35,16.56,2012
9.46,16.37,2006
50.21,16.3,2006
-24.48,16.22,2013
-39.4,15.94,2014
7.62,15.92,2006
25.12,15.71,2006
-43.87,15.71,2005
11.72,15.62,2019
16.58,15.58,2003
5.93,15.56,2013
20.47,15.52,2008
-8.31,15.45,2011
7.58,15.4,2012
-40.75,15.38,2012
34.19,15.36,2012
56.18,15.34,2006
56.45,15.3,2008
-81.74,15.18,2003
41.28,15.01,2013
17.76,14.96,2013
-9.07,14.95,2006
472.81,14.93,2019
-73.87,14.78,2006
22.4,14.62,2013
-14.98,14.58,2003
0.1,14.44,2013
-138.25,14.41,2005
15.33,14.27,2006
11.82,14.25,2011
45.28,14.16,2012
-17.04,13.94,2012
10.56,13.91,2011
52.98,13.88,2019
-12.19,13.85,2003
11.05,13.83,2012
10.11,13.83,2006
-49.75,13.67,2012
-56.35,13.62,2003
191.64,13.54,2011
22.42,13.54,2008
40.74,13.46,2006
-62.29,13.39,2012
31.55,13.37,2013
33.64,12.98,2003
51.68,12.94,2006
-5.13,12.89,2019
-7.68,12.89,2005
-3.13,12.88,2012
37,12.85,2019
11.79,12.84,2012
3.43,12.8,2014
2.14,12.75,2013
103.44,12.74,2006
-19.02,12.62,2019
-3.33,12.5,2012
49.96,12.35,2012
-70.43,12.29,2005
0.07,12.22,2006
-5.68,12.22,2005
-1.41,12.19,2013
60.33,12.18,2014
3.32,12.17,2006
72.89,12.09,2011
12.35,12.09,2006
10.89,12.07,2006
-46.45,12.03,2019
17.68,12.02,2014
-52.6,12.01,2019
-2.04,11.97,2013
-44.44,11.79,2012
-2.5,11.74,2003
-55.37,11.73,2012
-347.58,11.57,2003
-17.59,11.25,2003
-46.46,11.22,2003
15.73,11.21,2003
553.33,11.17,2006
60.57,10.88,2014
15.75,10.88,2006
-21.06,10.88,2006
16.97,10.78,2011
29.85,10.73,2005
21.26,10.66,2006
-9.59,10.64,2005
-13.69,10.52,2005
-25.91,10.5,2012
-37.89,10.5,2006
983.85,10.45,2014
-57.07,10.3,2005
12.89,10.27,2019
9.85,10.19,2006
-75.84,10.13,2005
21.21,10.04,2014
11.46,10.03,2011
76.47,9.95,2011
41.51,9.95,2006
52.84,9.75,2011
9.84,9.49,2005
27.54,9.35,2012
-16.41,9.32,2005
-168.87,9.22,2014
81.57,9.07,2014
-27.71,9.01,2011
20.9,9,2011
124.58,8.72,2012
-0.78,8.72,2011
62.93,8.36,2011
76.42,8.35,2012
-6.64,8.16,2013
-39.42,8.12,2005
119.54,8.11,2011
-16.02,8.1,2012
71.86,8.09,2013
16.9,8.02,2005
0.75,7.89,2003
1627.75,7.87,2019
-21.2,7.87,2013
26.1,7.85,2019
1232.57,7.8,2014
27.24,7.75,2006
15.84,7.72,2014
10.2,7.72,2006
6.74,7.67,2013
-62.31,7.67,2006
49.55,7.66,2012
-53.07,7.58,2013
314.07,7.53,2006
-4.38,7.46,2008
0.06,7.45,2006
517.18,7.3,2006
5.4,7.3,2006
-3.14,7.28,2012
6.4,7.18,2006
-271.13,7.16,2013
-9.58,7.13,2013
32.38,7.07,2013
-9.21,7.07,2005
-49.75,6.93,2006
-41.96,6.92,2013
-8.87,6.9,2003
-16.46,6.9,2006
250.79,6.88,2014
30.15,6.68,2013
12.8,6.67,2012
-63.64,6.54,2003
-21.74,6.43,2011
35.32,6.34,2006
-87.71,6.31,2003
86.86,6.29,2014
-37.73,6.2,2013
134.59,6.11,2019
9.13,6.07,2013
359.44,6.05,2008
-12.45,5.99,2006
-400.44,5.97,2006
395.66,5.94,2011
512.04,5.84,2006
69.08,5.75,2019
-8.78,5.71,2003
131.83,5.69,2006
0.51,5.63,2006
20.08,5.58,2019
40.84,5.56,2006
-12.55,5.56,2006
30.58,5.5,2006
-31.54,5.44,2014
-21.24,5.43,2013
-33.98,5.42,2019
-24.3,5.37,2005
120.02,5.34,2013
94.95,5.29,2012
18.77,5.26,2012
54.27,5.2,2019
54.65,5.13,2005
147.13,5.08,2003
-37.15,5.04,2011
-126.83,4.86,2012
18.76,4.76,2006
66.69,4.67,2011
16.41,4.58,2011
12.96,4.58,2014
21.37,4.57,2008
-113.01,4.52,2012
-9.04,4.5,2008
-22.75,4.5,2012
2.9,4.44,2006
767.53,4.33,2013
12.99,4.29,2013
-13.84,4.14,2012
168.79,4.04,2013
-53.19,4.01,2012
24.37,4,2011
-464.76,4,2019
-36.47,3.98,2006
18.35,3.94,2006
40.09,3.92,2006
486.58,3.9,2013
-3.55,3.86,2011
-1.01,3.72,2011
-78.79,3.71,2003
13.61,3.68,2012
-3.03,3.46,2008
-7.4,3.41,2005
13.26,3.39,2011
-2.27,3.32,2012
-17.72,3.27,2005
12.17,3.26,2006
-21.22,3.2,2003
-3.21,3.17,2012
-7.63,3.17,2014
70.61,3.15,2006
-76.69,3.1,2005
13.23,2.94,2006
18.47,2.86,2008
-11.11,2.75,2011
-21.45,2.72,2012
185.17,2.65,2011
17.16,2.64,2011
142.83,2.6,2012
-10.24,2.59,2006
-3.37,2.58,2012
-5.39,2.55,2006
54.24,2.47,2019
-61.81,2.47,2013
111.07,2.44,2011
1.26,2.32,2011
-30.15,2.19,2005
11.05,2.15,2014
42.72,2.09,2006
-120.22,1.98,2013
-49.12,1.97,2005
3.23,1.79,2006
-22.77,1.79,2011
-4.96,1.76,2012
44.33,1.66,2019
44,1.63,2006
64.31,1.57,2008
-32.36,1.5,2003
148.72,1.33,2006
36.02,1.3,2013
33.98,1.27,2003
28.57,1.21,2014
2448.65,1.14,2014
-17.91,0.96,2003
26.22,0.91,2008
-15.79,0.9,2013
57.51,0.88,2013
-20.66,0.81,2006
47.51,0.77,2019
4.24,0.66,2013
-16.06,0.6,2014
-48.1,0.54,2019
-6.35,0.45,2003
16.6,0.43,2008
12.95,0.41,2006
219.33,0.33,2014
0.02,0.33,2006
214.73,0.28,2019
11.46,0.22,2005
0.21,0.22,2019
157.34,0,2012
89.8,0,2008
42.18,0,2011
27.23,0,2019
-10.57,0,2006
587.47,-0.17,2008
52.79,-0.2,2005
-2.06,-0.2,2019
-38.04,-0.44,2003
65.53,-0.57,2013
-20.82,-0.57,2012
-96.72,-0.61,2005
192.61,-0.65,2011
6.49,-0.74,2012
15.5,-0.75,2008
-17.88,-0.84,2012
-22.73,-0.88,2006
90.25,-0.93,2019
7.51,-0.99,2019
1.6,-1.02,2006
7.2,-1.03,2006
3.99,-1.18,2013
-14.13,-1.2,2019
-100.87,-1.27,2014
2.79,-1.3,2013
111.27,-1.56,2019
-18.19,-1.57,2005
-18.22,-1.7,2006
-18.2,-1.71,2013
16.3,-1.73,2019
12.27,-1.86,2006
4.8,-1.87,2006
-20.42,-1.89,2013
151.58,-1.96,2011
23.92,-2.06,2008
5.34,-2.09,2006
-31.62,-2.09,2011
31.73,-2.14,2014
38.78,-2.17,2006
38.95,-2.22,2011
12.72,-2.23,2008
9.01,-2.28,2006
-15.38,-2.28,2003
-24.88,-2.31,2019
-17.33,-2.34,2006
66.05,-2.41,2011
-169.53,-2.49,2011
3.57,-2.6,2006
-20.12,-2.61,2013
10.01,-2.63,2011
-29.27,-2.67,2019
12.67,-2.68,2019
4.25,-2.68,2011
85.9,-2.76,2013
-7.89,-2.85,2006
-28.61,-2.86,2003
16.21,-2.97,2006
22.23,-3.05,2003
55.82,-3.08,2006
-9.93,-3.08,2005
8.82,-3.12,2012
191.9,-3.13,2006
-328.66,-3.28,2019
57.34,-3.45,2013
-11.38,-3.48,2012
-46.26,-3.49,2006
-8.16,-3.56,2014
-6.07,-3.57,2013
17.64,-3.85,2011
-10.53,-3.91,2019
104.65,-4.01,2013
-49.69,-4.03,2012
88.45,-4.04,2013
98.81,-4.07,2019
-3.95,-4.07,2019
-32.74,-4.17,2005
10.46,-4.2,2013
-24.23,-4.23,2011
-23.33,-4.24,2012
703.58,-4.25,2014
6.07,-4.26,2008
2.19,-4.38,2014
2460.15,-4.45,2006
37.69,-4.76,2003
15.41,-4.82,2011
9.48,-5.06,2006
-0.16,-5.14,2012
8.87,-5.24,2012
11.76,-5.26,2011
-53.63,-5.27,2003
42.78,-5.29,2014
10.19,-5.33,2011
-17.78,-5.43,2013
29.53,-5.45,2012
-56.93,-5.49,2003
31.24,-5.5,2013
-17.77,-5.5,2019
-22.48,-5.54,2006
-53.17,-5.66,2006
13.51,-5.68,2014
25.58,-5.73,2012
-35.66,-5.75,2014
21.9,-5.85,2011
639.05,-5.97,2003
-24.68,-6.2,2014
27.3,-6.22,2011
17.1,-6.25,2019
29.92,-6.33,2011
-0.19,-6.41,2003
-18.37,-6.45,2013
-13.37,-6.5,2006
-6.48,-6.57,2008
1223.03,-6.64,2008
23.67,-6.68,2011
-25.65,-6.68,2003
146.67,-6.73,2011
-9.41,-6.75,2006
-12.19,-6.77,2014
370.68,-6.81,2003
274.29,-6.82,2012
3.74,-6.83,2011
-17.63,-6.86,2012
-110.43,-6.92,2011
-11.33,-6.93,2003
-12.98,-6.98,2006
9.02,-7.03,2006
-22.26,-7.03,2005
5.2,-7.05,2011
-61.67,-7.11,2019
-15.81,-7.14,2011
-3.2,-7.25,2003
-13.59,-7.26,2011
-41.22,-7.33,2014
-3.4,-7.34,2013
-39.94,-7.37,2014
-5.89,-7.39,2019
59.31,-7.46,2005
19.86,-7.54,2013
-16.46,-7.55,2013
15.92,-7.59,2019
8.11,-7.64,2011
-22.6,-7.72,2019
-11.82,-7.8,2013
809.5,-7.83,2011
21.9,-7.84,2014
-3.51,-7.85,2008
0.24,-7.89,2008
867.98,-8.03,2019
-40.36,-8.05,2014
70,-8.1,2008
12.03,-8.12,2005
-36.8,-8.16,2012
-47.26,-8.24,2011
-33.39,-8.25,2012
11.88,-8.27,2012
81.19,-8.31,2006
-29.59,-8.35,2005
41.32,-8.41,2006
-22.79,-8.44,2005
14.39,-8.68,2008
29.55,-8.69,2013
-124.28,-8.7,2019
54.95,-8.71,2014
13.33,-8.77,2008
-8.01,-8.85,2012
-12.09,-8.87,2006
-0.34,-9.02,2012
-30.28,-9.06,2008
-0.66,-9.13,2014
-38.74,-9.13,2019
5.24,-9.18,2011
-113.34,-9.18,2006
-66.27,-9.19,2011
2364.07,-9.21,2003
-103.34,-9.31,2003
-15.76,-9.33,2005
11.86,-9.35,2006
15.24,-9.36,2014
-29.04,-9.48,2019
10.51,-9.49,2013
-13.09,-9.6,2013
2234.57,-9.75,2008
-8.54,-9.88,2013
13.1,-10.02,2013
-19.78,-10.08,2005
73.64,-10.14,2011
44.39,-10.17,2012
19.9,-10.2,2012
8.28,-10.22,2006
15.41,-10.25,2006
-304.7,-10.3,2019
69.01,-10.35,2006
-0.45,-10.36,2011
226.63,-10.44,2006
3.77,-10.59,2014
-55.33,-10.78,2012
-3.76,-10.82,2012
56.35,-10.86,2006
-7.91,-10.96,2005
361.03,-10.98,2013
63.73,-10.99,2003
-74.21,-11.1,2003
-75.65,-11.11,2008
16.59,-11.27,2008
5.55,-11.28,2014
51.04,-11.3,2008
47.81,-11.35,2012
37.85,-11.45,2019
-2.29,-11.51,2008
-7.25,-11.61,2006
48.99,-11.66,2013
-3.95,-11.69,2019
11.08,-11.71,2019
36.54,-11.73,2006
50.9,-11.76,2006
-108.36,-11.77,2006
-53.99,-11.78,2003
-20.78,-11.81,2014
45.34,-11.86,2011
34.94,-11.88,2008
-34.8,-11.9,2012
-31.11,-12.03,2003
-42.23,-12.06,2019
15.42,-12.08,2019
-90.21,-12.14,2013
234.21,-12.35,2008
-3.91,-12.37,2014
-6.67,-12.41,2014
16.42,-12.45,2006
19.78,-12.49,2006
43.36,-12.5,2011
-51.14,-12.54,2008
266.87,-12.61,2008
-17.13,-12.61,2006
18.66,-12.62,2008
-22.74,-12.62,2008
-99.6,-12.63,2013
-47.69,-12.86,2006
3.23,-12.93,2014
21,-12.97,2019
-54.45,-12.98,2019
-1.57,-13.02,2014
11.45,-13.1,2003
-0.73,-13.18,2014
-5.66,-13.23,2014
108.93,-13.26,2011
11.4,-13.29,2013
-25.64,-13.3,2013
1059.62,-13.39,2006
224.48,-13.42,2019
-16.71,-13.43,2012
-58.17,-13.57,2019
-26.23,-13.65,2013
-61.92,-13.69,2013
52.78,-13.7,2008
107.56,-13.72,2008
378.15,-13.77,2008
-69.66,-13.77,2019
-66.46,-13.84,2019
6.54,-13.95,2012
38.22,-14.01,2006
8.19,-14.02,2011
34.19,-14.04,2012
28.11,-14.11,2011
17.27,-14.23,2012
-19.53,-14.31,2019
-8.85,-14.37,2012
59.29,-14.48,2019
-3.86,-14.53,2008
-109.74,-14.61,2012
37.68,-14.7,2012
10.21,-14.88,2013
266.76,-14.94,2008
-34.64,-14.96,2012
-7.32,-14.99,2011
-11.12,-15.07,2011
82.27,-15.13,2013
141.09,-15.21,2014
-7.76,-15.29,2012
56.95,-15.32,2008
-21.99,-15.34,2011
-24.64,-15.35,2013
-132.45,-15.4,2011
292.35,-15.5,2011
-125.56,-15.58,2014
8.44,-15.62,2014
-153.49,-15.62,2008
26.94,-15.73,2019
2.84,-15.97,2011
2.09,-16.01,2019
-50.64,-16.05,2008
-3.4,-16.06,2008
143.55,-16.14,2019
10.96,-16.15,2008
-3.11,-16.17,2006
13.49,-16.21,2012
-39.77,-16.31,2011
-4.39,-16.33,2006
-96.49,-16.42,2006
13.85,-16.44,2003
15.03,-16.47,2008
484.12,-16.48,2008
-7.46,-16.78,2006
-12.44,-16.79,2003
30.94,-16.81,2011
21.75,-16.84,2014
3.42,-16.91,2019
50.99,-17.01,2006
94.95,-17.29,2008
-23.68,-17.29,2003
-15.72,-17.41,2012
68.81,-17.58,2012
-52.39,-17.62,2012
53.69,-17.7,2019
-8.91,-17.7,2012
10.35,-17.82,2014
0.09,-17.88,2006
87.36,-17.9,2011
197.6,-17.96,2008
-39.42,-18.09,2019
-36.7,-18.18,2005
201.01,-18.29,2011
1.77,-18.31,2019
-4.39,-18.36,2006
302.16,-18.39,2012
7.1,-18.44,2011
8.12,-18.69,2019
61.57,-18.71,2006
-19.91,-18.88,2008
261.27,-18.89,2008
52.46,-18.92,2003
-363.31,-18.92,2019
-31.02,-18.93,2006
161.08,-19.11,2008
1.2,-19.12,2011
-51.47,-19.13,2019
-69.53,-19.15,2003
22.7,-19.18,2006
-1.09,-19.2,2011
-77.94,-19.3,2011
-25.06,-19.34,2011
-16.46,-19.37,2006
21.58,-19.44,2008
479.39,-19.61,2011
-57.88,-19.63,2005
-55.99,-19.68,2005
22.7,-19.89,2006
134.88,-19.91,2011
93.13,-19.92,2012
19.3,-19.92,2011
12.92,-20,2014
-11.39,-20.04,2019
258.75,-20.08,2014
-123.95,-20.12,2019
-24.12,-20.17,2014
9.6,-20.23,2011
18.03,-20.25,2006
-39.24,-20.26,2019
-111.32,-20.27,2013
82.07,-20.28,2008
-0.76,-20.28,2014
-66.99,-20.33,2011
-50.55,-20.42,2006
49.44,-20.49,2019
-48.63,-20.5,2006
14.04,-20.51,2019
-129.64,-20.52,2019
12.7,-20.6,2011
8.86,-20.65,2011
101.51,-20.76,2008
-69.95,-21.07,2011
19.33,-21.08,2011
-4.36,-21.19,2011
-19.25,-21.26,2006
-43.35,-21.32,2006
-57.49,-21.33,2006
-6.65,-21.37,2011
-14.94,-21.47,2011
-17.81,-21.48,2013
2.25,-21.5,2008
10.49,-21.75,2012
-59.81,-21.76,2006
-244.62,-21.76,2013
-53.29,-21.84,2003
-6.26,-21.89,2019
157.33,-21.9,2012
-15.83,-21.97,2011
2271.62,-22.15,2008
67.11,-22.15,2008
34.46,-22.18,2011
679.25,-22.22,2006
-59.03,-22.22,2008
3.46,-22.25,2014
-15.14,-22.35,2014
-27.7,-22.52,2012
183.16,-22.53,2011
36.66,-22.53,2019
-119.03,-22.54,2008
44.99,-22.64,2008
-11.98,-22.68,2019
34.08,-22.73,2003
6.92,-22.78,2008
-14.87,-22.86,2014
0.72,-22.92,2011
-20.82,-22.97,2011
-77.24,-23,2006
26.79,-23.13,2011
14.93,-23.14,2008
58.73,-23.16,2008
-80.33,-23.25,2008
-14.44,-23.31,2008
-10.47,-23.43,2006
106.18,-23.57,2011
40.78,-23.74,2008
-11.48,-23.75,2006
-9.14,-23.83,2014
11.13,-23.86,2012
-25.8,-24.04,2012
17.01,-24.13,2011
2.08,-24.17,2019
10.94,-24.3,2012
-22.6,-24.39,2006
-160.26,-24.47,2019
42.53,-25,2006
10.37,-25.08,2008
200.18,-25.2,2008
-48.57,-25.24,2012
-4.29,-25.29,2012
-782.98,-25.35,2008
39.29,-25.38,2011
-57.62,-25.41,2012
19.7,-25.49,2008
-18.46,-25.55,2019
-23.66,-25.71,2019
-74.59,-25.73,2019
45.45,-25.81,2014
3.22,-25.81,2014
-75.11,-25.83,2013
248.53,-25.87,2008
-60.3,-25.93,2013
-80.31,-25.95,2012
-26.7,-26.04,2006
97.83,-26.09,2019
-103.26,-26.12,2006
-153.01,-26.14,2006
-25.3,-26.17,2019
12.29,-26.22,2019
92.25,-26.42,2014
41.99,-26.42,2011
-21.77,-26.44,2011
44.31,-26.46,2008
-27.79,-26.51,2011
106.48,-26.62,2006
-20.85,-26.73,2011
-25.84,-26.9,2006
57.55,-26.91,2006
22.4,-27,2008
-32.69,-27.04,2008
3.99,-27.06,2019
-39.07,-27.06,2011
-2.61,-27.22,2012
-13.59,-27.43,2013
6.28,-27.47,2013
16.87,-27.53,2008
38.91,-27.64,2008
-40.71,-27.74,2012
-21.48,-27.79,2012
9.03,-27.8,2011
8.12,-28.07,2006
-439.91,-28.12,2019
6.77,-28.22,2011
-4.82,-28.32,2014
-8.15,-28.32,2008
-26.47,-28.43,2012
13.79,-28.45,2011
0.56,-28.54,2014
-88.17,-28.54,2006
20.24,-28.57,2008
-24.83,-28.64,2011
54.34,-28.66,2003
-3.12,-28.71,2003
-43.38,-28.75,2008
38.04,-28.95,2011
-3.9,-29.02,2006
-36.05,-29.02,2011
-45.54,-29.25,2012
14.72,-29.38,2011
-2.53,-29.41,2013
-3689.99,-29.46,2006
-179.42,-29.57,2014
157.57,-29.67,2011
8.35,-29.72,2011
277.68,-29.74,2011
-56.13,-29.92,2006
4.76,-29.97,2008
-24.09,-29.97,2011
-42.86,-30.07,2014
-40.69,-30.14,2019
-24.6,-30.28,2014
53.18,-30.33,2008
-3.25,-30.48,2008
-53.67,-30.5,2019
-26.19,-30.6,2006
8.59,-30.64,2014
66.93,-30.66,2008
-5.21,-30.73,2006
9.57,-30.85,2008
19.01,-30.86,2008
0.36,-30.89,2006
168.8,-31.01,2008
-16.78,-31.05,2011
5.91,-31.42,2005
-18.54,-31.45,2008
-5.79,-31.48,2006
-21.33,-31.55,2011
-11.97,-31.61,2008
-47.67,-31.72,2008
26.75,-31.87,2019
23.16,-31.95,2008
473.5,-31.97,2008
-40.42,-32.13,2012
-6.23,-32.25,2008
-6.9,-32.27,2003
11.64,-32.28,2011
-30.87,-32.38,2008
-42.48,-32.43,2006
413.97,-32.67,2011
85.78,-32.87,2011
-268.4,-32.96,2014
-17.01,-32.98,2019
48.13,-33,2006
-247.53,-33.05,2005
12.12,-33.15,2011
-131.36,-33.17,2012
-41.09,-33.23,2011
26.91,-33.33,2011
-16.19,-33.33,2006
-44.76,-33.36,2012
45.9,-33.48,2011
8.89,-33.61,2008
50.77,-33.76,2013
-37.99,-33.76,2019
54.94,-33.91,2008
-40.51,-33.95,2019
-78.78,-34.11,2011
87.19,-34.23,2008
12.54,-34.32,2008
-19.74,-34.35,2019
20.41,-34.64,2012
63.95,-34.7,2008
-41.77,-34.79,2011
-149.05,-34.89,2011
7.32,-35.07,2008
961.36,-35.15,2008
-314.22,-35.16,2006
42.26,-35.26,2008
3.29,-35.26,2006
177.53,-35.3,2006
18.03,-35.34,2011
-56.26,-35.65,2011
225.17,-35.71,2008
8.97,-35.73,2013
-20.78,-36.05,2012
-35.42,-36.09,2008
154.81,-36.12,2008
-7.14,-36.17,2019
29.44,-36.25,2011
129.48,-36.36,2008
28.33,-36.48,2006
12.2,-36.54,2008
7.93,-36.7,2011
667.17,-36.78,2008
-22.91,-37.14,2006
1.14,-37.45,2008
-53.44,-37.5,2011
42.15,-37.59,2003
-37.86,-37.72,2012
0.16,-37.79,2012
-248.78,-37.79,2014
-20.58,-37.9,2014
18.91,-37.91,2011
9.32,-38.08,2012
-0.17,-38.25,2011
-65.16,-38.25,2011
82.3,-38.31,2006
1.82,-38.39,2008
-25.81,-38.41,2006
59.38,-38.54,2019
44.21,-38.73,2008
42.71,-38.88,2012
18.62,-38.91,2008
-43.93,-38.98,2011
130.32,-39.05,2008
-24.62,-39.05,2011
12.33,-39.09,2008
-9.91,-39.23,2008
168.13,-39.26,2008
184.7,-39.53,2008
-44.7,-39.63,2008
-81.16,-39.68,2008
-524.27,-40.03,2011
-102.1,-40.33,2012
183.81,-40.35,2011
23.44,-40.44,2011
-72.91,-40.63,2003
81.95,-40.67,2008
30.38,-40.68,2006
-10.21,-40.86,2008
-61.4,-40.97,2011
67.89,-41,2008
-96.4,-41.01,2012
-13.35,-41.41,2006
200.02,-41.42,2008
2.94,-41.42,2011
-9.45,-41.42,2013
-28.15,-41.6,2011
-88.77,-41.63,2011
-24.31,-41.75,2019
-226.44,-41.98,2006
-21.19,-41.99,2011
-1327.13,-42.03,2006
271.63,-42.11,2005
27.2,-42.5,2008
-22.17,-42.64,2011
-35.89,-42.75,2008
109.1,-42.89,2008
-24.36,-43.18,2008
-11.23,-43.24,2008
129.35,-43.43,2008
89.03,-43.57,2008
54.23,-43.78,2008
-6.12,-43.98,2008
24.86,-44.49,2008
13.61,-44.51,2008
-33.96,-44.51,2003
-18.15,-44.71,2008
-23.3,-44.71,2008
-43.64,-44.81,2006
3.55,-44.83,2008
37.55,-44.86,2008
-70.81,-45.24,2014
-376.43,-45.26,2019
-12.67,-45.37,2008
-31.34,-45.42,2011
-8.07,-45.45,2008
136.78,-45.87,2008
-43.61,-45.88,2008
75.23,-46.01,2008
196.38,-46.23,2008
-4.72,-46.64,2008
2.3,-46.71,2014
10.21,-46.72,2008
73.86,-46.78,2019
-12.81,-46.83,2008
-121.84,-46.9,2011
-2.93,-46.94,2008
-12.88,-47.33,2011
7.6,-47.72,2008
-5.22,-48.1,2008
149.31,-48.29,2008
10888.66,-49.09,2003
2.22,-49.15,2008
-112.96,-49.34,2006
-15.65,-49.81,2008
-32.48,-50,2011
-64.1,-50.05,2003
60.78,-50.08,2008
5.12,-50.39,2008
27.1,-50.42,2008
-108.83,-50.52,2008
62.96,-50.59,2011
-543.19,-50.67,2014
-73.03,-50.93,2011
-36.27,-51,2008
5.42,-51.08,2006
-8.9,-51.31,2008
28.6,-51.34,2008
25.39,-51.34,2008
-39.49,-51.52,2008
-74.69,-51.61,2008
-31.8,-51.74,2008
-38.02,-51.94,2008
-103.48,-52.2,2019
-51.87,-52.27,2008
-47.36,-52.37,2008
102.36,-52.41,2008
32.06,-52.43,2008
30.36,-53.1,2011
55.32,-53.21,2008
1214.65,-53.4,2008
-40.93,-53.53,2011
18.25,-53.62,2008
-87.9,-53.7,2008
-39.47,-53.72,2008
-9.28,-54.08,2008
45.55,-54.52,2008
10.95,-54.92,2008
-34.29,-55.2,2011
-13.73,-55.43,2008
3.06,-55.97,2008
416.7,-56.23,2011
-54.34,-56.28,2014
-39.8,-56.29,2011
-23.95,-56.31,2008
-28.8,-56.34,2008
24.18,-56.45,2008
-3.14,-56.91,2008
30.84,-57.3,2008
13.95,-57.37,2008
12.49,-57.37,2008
-42.42,-57.5,2008
21.94,-57.58,2008
130.91,-57.63,2008
-17.09,-57.77,2008
-77.37,-57.85,2013
-34.53,-57.87,2008
-43.78,-58.02,2008
402.48,-58.11,2008
-54.18,-58.17,2008
234.05,-58.4,2008
30.57,-58.42,2008
-481.79,-58.77,2008
-162.45,-58.81,2012
52.02,-58.94,2008
0.84,-59.11,2008
-8.31,-59.13,2008
-88.64,-59.53,2008
62.66,-60,2008
-76.88,-60.18,2008
-18.22,-60.31,2008
-12.51,-60.58,2008
-323.76,-60.84,2014
0.2,-60.95,2011
-52.16,-61.31,2008
36.27,-61.63,2008
196.35,-62.21,2008
32.86,-62.58,2008
-79.69,-62.68,2008
31.09,-62.72,2008
7.21,-62.82,2008
-1.64,-62.93,2008
-47.62,-63.18,2008
50.24,-63.72,2008
23.67,-63.88,2008
-28.68,-64.05,2008
-18.81,-64.54,2008
-111.35,-64.61,2011
-16.48,-65.29,2008
-142.7,-65.57,2008
-28.67,-65.94,2008
197.75,-65.97,2008
117.33,-66.06,2012
-38.76,-66.08,2008
-11.66,-66.31,2008
-62.7,-67.34,2008
-68.92,-67.6,2008
44.51,-67.93,2008
-22.83,-68.01,2008
-168.6,-68.23,2011
-33.88,-68.3,2008
61.14,-68.56,2008
-9.23,-69.06,2008
93.71,-69.24,2008
-49.9,-69.54,2008
-57.56,-69.64,2008
30.64,-69.81,2008
-124.91,-70.15,2008
109.38,-70.25,2008
-102.75,-71.61,2008
73.07,-72.81,2008
-48.53,-72.96,2008
-9.85,-73.49,2008
-824.29,-74.18,2008
-59.98,-75.1,2008
7.55,-75.14,2008
91.42,-75.27,2008
29.14,-75.43,2008
-40.11,-76.03,2008
-12.78,-76.35,2008
268.03,-76.55,2008
17.27,-77.21,2008
-57.42,-77.42,2011
-404.73,-84.52,2008
2.39,-84.79,2008

