Date,Price,12MF_3M_Chg,12MF_1M_Chg,Return_3M,Return_6M
2014-12-30,26540,-1.17,-7.58,12.08,0.38
2015-01-02,26600,0.83,-5.44,16.56,0
2015-01-05,26660,0.93,-5.34,16.83,2.07
2015-01-06,25900,0.67,-4.15,12.51,-0.84
2015-01-07,26140,0.67,-3.76,12.48,1.16
2015-01-08,26280,2.03,0.18,16.28,1.47
2015-01-09,26280,2.78,0.92,16.28,0.46
2015-01-12,26320,3.72,1.44,19.1,2.49
2015-01-13,26780,3.72,1.46,20.85,4.28
2015-01-14,26900,3.76,1.5,19.34,4.59
2015-01-15,26680,3.45,1.5,18.58,1.06
2015-01-16,26320,3.18,1.18,18.03,-0.38
2015-01-19,26860,4.07,1.76,23.32,0
2015-01-20,27440,4.62,2.3,24.05,2.16
2015-01-21,27900,4.71,2.56,28.81,3.1
2015-01-22,27560,4.84,2.56,24.82,2.23
2015-01-23,27720,4.84,2.56,26.69,3.59
2015-01-26,27780,4.72,2.47,24.91,2.51
2015-01-27,28000,4.72,2.47,27.85,3.32
2015-01-28,27560,4.72,2.47,26.31,1.47
2015-01-29,27200,7.88,5.55,20.35,-1.88
2015-01-30,27300,8.57,5.13,15.58,-2.15
2015-02-02,27360,8.15,5.34,9.97,5.88
2015-02-03,27320,8.15,9.25,10.61,5.73
2015-02-04,27180,9.02,10.27,11.67,3.19
2015-02-05,27160,8.91,10.27,12.98,3.19
2015-02-06,27440,9.38,10.37,13.95,5.54
2015-02-09,27900,6.99,10.36,15.67,11.6
2015-02-10,27560,7.23,10.57,8.67,10.24
2015-02-11,27100,7.23,10.57,10.07,6.69
2015-02-12,26880,6.66,10.55,9.27,6.16
2015-02-13,27220,6.66,10.59,13.42,7.67
2015-02-16,27480,6.95,10.59,15.08,8.96
2015-02-17,27540,6.95,10.28,14.27,9.2
2015-02-23,27340,6.37,10.95,11.77,9.62
2015-02-24,27340,6.13,10.66,12.05,9.62
2015-02-25,27580,6.13,10.66,15.88,12.3
2015-02-26,27500,6.23,10.14,14.49,12.52
2015-02-27,27140,5.72,9.64,7.36,10.33
2015-03-02,28460,2.23,11.47,9.88,19.18
2015-03-03,28360,2.39,11.65,9.24,19.26
2015-03-04,28740,1.58,11.65,10.54,18.76
2015-03-05,28440,1.58,11.65,9.22,18.4
2015-03-06,28840,1.38,11.64,10.75,20.07
2015-03-09,28400,1.39,11.49,5.26,18.23
2015-03-10,28420,1.31,11.66,7.9,18.32
2015-03-11,29480,2.54,13.01,12.95,23.66
2015-03-12,28940,3.16,14.12,12.52,20.48
2015-03-13,29140,4.09,15.15,13.3,21.32
2015-03-16,29400,4.62,15.46,14.93,21.89
2015-03-17,29940,4.62,15.85,18.25,22.1
2015-03-18,30060,4.62,15.85,18.72,24.21
2015-03-19,29400,4.62,15.85,10.69,21.49
2015-03-20,29280,4.62,15.85,10.24,20.99
2015-03-23,29340,4.94,17.02,9.56,26.36
2015-03-24,29520,5.17,17,9.9,28.35
2015-03-25,29700,5.72,17.61,10.57,28.46
2015-03-26,28420,5.8,17.69,5.1,19.92
2015-03-27,28420,6.37,17.76,5.1,19.92
2015-03-30,28560,7.69,19.18,7.61,20.61
2015-03-31,28820,7.98,19.5,8.59,21.71
2015-04-01,28460,9.24,20.9,7.23,23.1
2015-04-02,28680,8,19.41,7.82,25.68
2015-04-03,28680,7.9,19.48,7.82,25.68
2015-04-06,29400,8.08,19.85,13.51,27.71
2015-04-07,29240,10.5,22.53,11.86,25.82
2015-04-08,29580,11.1,21.41,12.56,30.88
2015-04-09,29660,12.17,21.68,12.86,31.24
2015-04-10,29800,12,21.68,13.39,34.84
2015-04-13,29580,9.03,21.05,10.46,33.48
2015-04-14,29480,9.03,21,9.59,30.79
2015-04-15,28920,9.03,21.01,8.4,28.53
2015-04-16,29540,8.47,21.38,12.23,32.47
2015-04-17,29000,8.48,21.39,10.18,33.15
2015-04-20,28600,8.76,20.43,4.23,29.29
2015-04-21,28880,8.76,20.32,3.51,33.33
2015-04-22,29220,8.76,20.32,6.02,32.34
2015-04-23,29020,7.8,20.32,4.69,32.63
2015-04-24,28200,7.8,20.32,1.73,26.8
2015-04-27,27900,7.1,20.43,-0.36,27.4
2015-04-28,27320,7.1,20.43,-0.87,25.21
2015-04-29,27700,6.7,16.47,1.84,22.57
2015-04-30,28200,4.97,15.22,3.3,19.39
2015-05-04,28000,4.88,14.95,3.02,15.04
2015-05-06,27240,4.72,14.74,-0.73,13.12
2015-05-07,27400,2.5,14.82,-0.15,13.6
2015-05-08,26760,1.93,14.82,-2.48,10.95
2015-05-11,26720,1.41,15.08,-1.4,8.53
2015-05-12,26620,1.4,15.08,-0.97,8.21
2015-05-13,26660,1.06,14.69,-2.06,11.08
2015-05-14,26800,1.06,14.69,-1.54,12.23
2015-05-15,26520,1.06,14.69,-2.57,11.06
2015-05-18,26400,0.94,14.56,-4.14,8.2
2015-05-19,26760,0.88,14.49,-2.83,9.85
2015-05-20,27320,0.62,14.49,-0.8,12.89
2015-05-21,27040,0.62,14.49,-1.82,10.55
2015-05-22,27000,0.62,14.49,-1.96,10.38
2015-05-26,27240,0.62,14.08,-0.95,13.41
2015-05-27,26280,0.62,14.63,-3.17,3.96
2015-05-28,26180,0.62,14.63,-3.54,1.71
2015-05-29,26140,0.88,14.49,-3.68,1.55
2015-06-01,25820,1.79,15.06,-4.86,-0.31
2015-06-02,26060,1.79,13.75,-8.43,0.62
2015-06-03,25460,2.11,13.93,-10.23,-1.93
2015-06-04,26740,0.38,13.59,-6.96,2.85
2015-06-05,26820,0.38,13.59,-5.7,3
2015-06-08,26280,-0.7,12.46,-8.88,-0.38
2015-06-09,25640,-1.03,12.08,-9.72,-4.97
2015-06-10,25240,-1.57,11.31,-11.19,-4.18
2015-06-11,25140,-2.42,9.52,-14.72,-3.68
2015-06-12,25540,-2.43,8.84,-11.75,-0.7
2015-06-15,25400,-2.1,7.87,-12.83,-0.24
2015-06-16,25100,-2.3,7.1,-14.63,-1.88
2015-06-17,25080,-2.3,7.1,-16.23,-0.95
2015-06-18,25300,-2.2,7.09,-15.83,-0.08
2015-06-19,25320,-2.14,7.09,-13.88,-4.67
2015-06-22,25620,-2.14,7.09,-12.5,-4.76
2015-06-23,26420,-2.44,5.82,-9.95,-1.34
2015-06-24,26040,-3.54,4.63,-11.79,-3.05
2015-06-25,25380,-3.92,3.68,-14.55,-5.51
2015-06-26,25560,-4.34,3.15,-10.06,-5.47
2015-06-29,25620,-5.46,1.76,-9.85,-3.61
2015-06-30,25360,-5.74,0.22,-11.2,-4.45
2015-07-01,25900,-5.92,-0.91,-9,-2.41
2015-07-02,25980,-6.03,-1.03,-9.41,-2.33
2015-07-03,25360,-7,-1.81,-11.58,-4.66
2015-07-06,24600,-6.82,-2.05,-16.33,-5.02
2015-07-07,24800,-9.04,-6.48,-15.18,-5.13
2015-07-08,24780,-8.61,-7.49,-16.23,-5.71
2015-07-09,25300,-8.3,-8.37,-14.7,-3.73
2015-07-10,25180,-7.8,-8.37,-15.5,-4.19
2015-07-13,25320,-7.43,-8.42,-14.4,-5.45
2015-07-14,24500,-7.93,-8.91,-16.89,-8.92
2015-07-15,24700,-7.93,-8.91,-14.59,-7.42
2015-07-16,25640,-7.74,-8.91,-13.2,-2.58
2015-07-17,26100,-7.74,-8.91,-10,-0.84
2015-07-20,25500,-7.73,-9.15,-10.84,-7.07
2015-07-21,25260,-7.73,-9.15,-12.53,-9.46
2015-07-22,25060,-7.73,-9.15,-14.24,-9.07
2015-07-23,24680,-7.45,-9.15,-14.96,-10.97
2015-07-24,24580,-6.4,-9.15,-12.84,-11.33
2015-07-27,24600,-5.62,-9.15,-11.83,-12.14
2015-07-28,24600,-5.62,-9.15,-9.96,-10.74
2015-07-29,25260,-4.38,-8.81,-8.81,-7.13
2015-07-30,24300,-4.87,-9.17,-13.83,-10.99
2015-07-31,23700,-6.16,-10.41,-15.96,-13.19
2015-08-03,23500,-5.19,-9.97,-16.67,-13.98
2015-08-04,23640,-5.19,-11.23,-15.57,-13.02
2015-08-05,23180,-5.19,-11.23,-17.21,-14.65
2015-08-06,22300,-5.14,-11.27,-18.14,-18.73
2015-08-07,22720,-2.87,-11.37,-17.08,-17.2
2015-08-10,22820,-2.57,-11.58,-14.72,-17.2
2015-08-11,23140,-2.57,-11.97,-13.4,-14.61
2015-08-12,23080,-3.05,-12.39,-13.3,-14.14
2015-08-13,22800,-3,-12.09,-14.48,-16.24
2015-08-17,22080,-2.47,-12.09,-16.74,-19.83
2015-08-18,22620,-2.69,-12.19,-14.32,-17.87
2015-08-19,23080,-2.8,-12.24,-13.75,-16.19
2015-08-20,22780,-2.8,-12.24,-16.62,-17.28
2015-08-21,22020,-2.8,-12.24,-18.57,-20.04
2015-08-24,21580,-3.1,-12.51,-20.07,-21.07
2015-08-25,21580,-3.1,-12.51,-20.07,-21.75
2015-08-26,21340,-3.1,-12.51,-21.66,-22.4
2015-08-27,21340,-3.33,-12.71,-18.8,-21.37
2015-08-28,21620,-3.33,-12.71,-17.42,-20.34
2015-08-31,21780,-1.08,-12.5,-16.68,-19.75
2015-09-01,21700,-0.84,-12.72,-15.96,-20.04
2015-09-02,21800,-0.85,-12.73,-16.35,-23.4
2015-09-03,22440,-1.33,-13.01,-11.86,-20.87
2015-09-04,22580,-1.33,-12.75,-15.56,-21.43
2015-09-07,22240,-1.73,-13.17,-17.08,-22.88
2015-09-08,22620,-1.73,-12.28,-13.93,-21.57
2015-09-09,22940,-1.73,-11.99,-10.53,-19.23
2015-09-10,22680,-3.22,-13.06,-10.14,-20.2
2015-09-11,22300,-3.64,-13.07,-11.3,-24.36
2015-09-14,22480,-3.83,-13.65,-11.98,-22.86
2015-09-15,22460,-3.39,-13.25,-11.57,-22.92
2015-09-16,23040,-3.39,-13.07,-8.21,-21.63
2015-09-17,23140,-3.39,-13.07,-7.74,-22.71
2015-09-18,23800,-3.18,-13.07,-5.93,-20.83
2015-09-21,23000,-3.18,-13.17,-9.16,-21.45
2015-09-22,22900,-3.18,-13.17,-10.62,-21.79
2015-09-23,22620,-3,-12.75,-14.38,-22.9
2015-09-24,22520,-2.71,-11.75,-13.52,-23.71
2015-09-25,22240,-2.74,-11.44,-12.37,-25.12
2015-09-30,22680,-2.96,-10.03,-10.57,-20.59
2015-10-01,22680,-3.23,-10.22,-12.43,-20.31
2015-10-02,22380,-3.37,-10.26,-13.86,-21.97
2015-10-05,22300,-3.22,-9.47,-12.07,-22.25
2015-10-06,23020,-3.04,-9.2,-6.42,-21.7
2015-10-07,25020,-1.3,-5.78,0.89,-14.43
2015-10-08,25400,-0.03,-4.05,2.5,-14.13
2015-10-12,25200,2.19,-4.06,0.08,-15.44
2015-10-13,25040,2.52,-3.7,-1.11,-15.35
2015-10-14,25080,3.04,-3.36,2.37,-14.93
2015-10-15,25380,2.57,-3.36,2.75,-12.24
2015-10-16,25300,2.57,-3.36,-1.33,-14.35
2015-10-19,25120,2.47,-3.45,-3.75,-13.38
2015-10-20,25320,2.73,-3.21,-0.71,-11.47
2015-10-21,25400,2.85,-3.21,0.55,-12.05
2015-10-22,25600,2.85,-3.21,2.15,-12.39
2015-10-23,25780,2.66,-3.21,4.46,-11.16
2015-10-26,25840,2.7,-3.21,5.13,-8.37
2015-10-27,25960,2.7,-3.21,5.53,-6.95
2015-10-28,26160,2.7,-3.21,6.34,-4.25
2015-10-29,26500,1.63,-4.21,4.91,-4.33
2015-10-30,27440,1.55,-3.96,12.92,-2.7
2015-11-02,27660,1.68,-2.59,16.71,-1.91
2015-11-03,27040,1.68,-3.06,15.06,-4.11
2015-11-04,26600,1.68,-3.06,12.52,-5
2015-11-05,26840,1.52,-3.06,15.79,-4.14
2015-11-06,26760,1.33,-3.02,20,-1.76
2015-11-09,26880,-1.4,-3.12,18.31,0.45
2015-11-10,26420,-1.4,-2.89,15.78,-1.27
2015-11-11,26660,-1.4,-2.9,15.21,-0.22
2015-11-12,26340,-1.4,-2.42,14.12,-1.05
2015-11-13,26000,-1.81,-2.52,14.04,-2.48
2015-11-16,25260,-1.7,-2.6,10.79,-4.75
2015-11-17,25400,-1.7,-2.6,15.04,-4.22
2015-11-18,25620,-1.7,-2.38,13.26,-2.95
2015-11-19,25780,-1.61,-2.27,11.7,-3.66
2015-11-20,25700,-2.01,-2.41,12.82,-5.93
2015-11-23,25640,-2.68,-3.09,16.44,-5.04
2015-11-24,25980,-2.68,-2.79,20.39,-3.78
2015-11-25,25980,-2.68,-2.79,20.39,-3.78
2015-11-26,26700,-2.68,-2.79,25.12,-1.98
2015-11-27,26540,-2.68,-2.56,24.37,0.99
2015-11-30,25680,-1.14,-2.58,18.78,-1.76
2015-12-01,26420,-1.01,-2.81,21.75,2.32
2015-12-02,26000,-1.07,-2.8,19.27,-0.23
2015-12-03,25800,-1.28,-3.01,14.97,1.34
2015-12-04,25380,-1.28,-3.01,12.4,-5.09
2015-12-07,25240,-1.87,-3.11,13.49,-5.89
2015-12-08,25240,-1.89,-3.14,11.58,-3.96
2015-12-09,25260,-1.74,-3.14,10.11,-1.48
2015-12-10,25660,-1.83,-1.5,13.14,1.66
2015-12-11,25680,-1.82,-1.07,15.16,2.15
2015-12-14,25220,-1.87,-0.53,12.19,-1.25
2015-12-15,25540,-2.03,-1.15,13.71,0.55
2015-12-16,25980,-1.95,-1.15,12.76,3.51
2015-12-17,25800,-1.95,-1.15,11.5,2.87
2015-12-18,25560,-2.12,-1.32,7.39,1.03
2015-12-21,25600,-2.57,-1.8,11.3,1.11
2015-12-22,25840,-3.19,-2.42,12.84,0.86
2015-12-23,25900,-2.59,-2.68,14.5,-1.97
2015-12-24,25700,-2.59,-2.68,14.12,-1.31
2015-12-28,25320,-2.78,-2.83,13.85,-0.94
2015-12-29,25080,-2.78,-2.83,12.77,-2.11
2015-12-30,25200,-2.93,-2.54,11.11,-0.63
2016-01-04,24100,-2.75,-2.38,7.69,-4.97
2016-01-05,24160,-2.75,-2.53,8.34,-4.73
2016-01-06,23500,-2.7,-2.67,2.09,-4.47
2016-01-07,23260,-1.45,-3.26,-7.03,-6.21
2016-01-08,23420,-1.52,-4.59,-7.8,-5.49
2016-01-11,23040,-3.78,-6.85,-9.29,-8.5
2016-01-12,22920,-3.78,-6.85,-9.05,-8.98
2016-01-13,22960,-3.78,-7.14,-8.31,-9.32
2016-01-14,22760,-3.63,-6.97,-9.25,-7.1
2016-01-15,22640,-3.55,-7.04,-10.8,-8.34
2016-01-18,22520,-3.39,-7.04,-10.99,-13.72
2016-01-19,23420,-3.46,-7.03,-6.77,-10.27
2016-01-20,22760,-3.46,-7.26,-10.11,-10.75
2016-01-21,22620,-2.87,-7.26,-10.94,-10.45
2016-01-22,23360,-2.25,-7.26,-8.75,-6.78
2016-01-25,23240,-2.17,-7.26,-9.85,-5.45
2016-01-26,22740,-2.17,-7.26,-12,-7.49
2016-01-27,23500,-2.17,-7.26,-9.48,-4.47
2016-01-28,22900,-4.36,-9.51,-12.46,-6.91
2016-01-29,23000,-9.67,-13.64,-13.21,-8.95
2016-02-01,23260,-9.88,-13.52,-15.23,-1.86
2016-02-02,23120,-10.73,-14.38,-16.41,-2.45
2016-02-03,22920,-10.73,-14.38,-15.24,-2.47
2016-02-04,23120,-10.82,-14.38,-13.08,-2.2
2016-02-05,23280,-11,-14.55,-13.26,0.43
2016-02-11,22600,-9.41,-14.42,-15.23,-2.33
2016-02-12,22600,-9.41,-14.42,-14.2,-2.08
2016-02-15,23080,-9.34,-14.33,-11.23,1.23
2016-02-16,23360,-9.34,-14.26,-7.52,2.46
2016-02-17,23700,-9.34,-14.26,-6.69,7.34
2016-02-18,23740,-9.34,-14.26,-7.34,4.95
2016-02-19,23800,-9.27,-14.26,-7.68,3.12
2016-02-22,23500,-9.27,-14.13,-8.56,6.72
2016-02-23,23620,-9.27,-13.54,-7.88,7.27
2016-02-24,23440,-9.27,-13.54,-9.78,8.62
2016-02-25,23580,-9.27,-13.54,-9.24,9.27
2016-02-26,23440,-9.27,-13.54,-12.21,9.84
2016-02-29,23560,-1.54,-13.54,-11.23,8.97
2016-03-02,23940,-0.08,-13.52,-7.92,9.82
2016-03-03,24400,-0.08,-13.33,-5.43,8.73
2016-03-04,24300,-0.08,-13.33,-4.26,7.62
2016-03-07,24460,0.08,-12.86,-3.09,9.98
2016-03-08,23840,0.13,-12.8,-5.55,5.39
2016-03-09,23880,0.13,-12.8,-5.46,4.1
2016-03-10,24500,0.13,-12.72,-4.52,8.02
2016-03-11,24980,0.13,-12.72,-2.73,12.02
2016-03-14,25100,0.13,-12.59,-0.48,11.65
2016-03-15,25060,0.18,-12.4,-1.88,11.58
2016-03-16,25120,0.28,-12.31,-3.31,9.03
2016-03-17,25260,0.18,-12.4,-2.09,9.16
2016-03-18,25460,0.41,-12.04,-0.39,6.97
2016-03-21,25340,-0.16,-12.01,-1.02,10.17
2016-03-22,25380,-0.26,-11.54,-1.78,10.83
2016-03-23,25580,-0.8,-11.95,-1.24,13.09
2016-03-24,25640,-1.02,-12.14,-0.23,13.85
2016-03-25,25760,-1.02,-12.14,0.23,15.83
2016-03-28,25880,-1.14,-12.08,2.21,16.37
2016-03-29,25800,-0.62,-11.61,2.87,16.01
2016-03-30,26160,0.93,-10.09,3.81,15.34
2016-03-31,26240,1.51,-9.57,4.13,15.7
2016-04-01,25580,2.32,-8.85,1.51,12.79
2016-04-04,26100,2.29,-8.85,8.3,16.62
2016-04-05,25200,2.29,-8.85,4.3,13
2016-04-06,25700,2.29,-8.89,9.36,11.64
2016-04-07,25380,4.21,-7.85,9.11,1.44
2016-04-08,24920,4.99,-7.03,6.4,-1.89
2016-04-11,25320,4.99,-4.77,9.9,-0.32
2016-04-12,25500,5.34,-4.45,11.26,1.19
2016-04-14,26000,5.34,-4.45,14.24,3.67
2016-04-15,26000,5.28,-4.38,14.84,2.44
2016-04-18,25980,5.38,-4.07,15.36,2.69
2016-04-19,25760,5.38,-3.99,9.99,2.55
2016-04-20,25980,5.38,-3.99,14.15,2.61
2016-04-21,25880,5.98,-3.99,14.41,1.89
2016-04-22,25600,6.09,-3.99,9.59,0
2016-04-25,25620,6.91,-3.99,10.24,-0.62
2016-04-26,25920,6.91,-3.99,13.98,0.31
2016-04-27,26000,6.91,-3.99,10.64,0.15
2016-04-28,25300,10.26,1.36,10.48,-3.29
2016-04-29,24900,11.68,9.28,8.26,-6.04
2016-05-02,25000,9.64,11.95,8.13,-9.62
2016-05-03,25220,9.64,11.95,10.03,-6.73
2016-05-04,25800,9.53,11.95,11.59,-3.01
2016-05-09,25980,6.79,12.26,11.6,-3.35
2016-05-10,25920,6.79,12.26,11.34,-1.89
2016-05-11,25840,6.79,12.26,14.34,-3.08
2016-05-12,25620,6.44,12.26,13.36,-2.73
2016-05-13,25060,6.44,12.26,10.88,-3.62
2016-05-16,24960,6.44,12.26,6.85,-1.19
2016-05-17,25280,6.44,12.26,6.67,-0.47
2016-05-18,25360,6.09,12.26,6.82,-1.01
2016-05-19,25400,6.09,12.26,6.72,-1.47
2016-05-20,25380,6.09,12.26,6.64,-1.25
2016-05-23,25720,6.45,12.64,8.89,0.31
2016-05-24,25420,6.45,12.64,8.45,-2.16
2016-05-25,25900,6.61,12.81,9.84,-0.31
2016-05-26,25920,6.61,12.81,10.58,-2.92
2016-05-27,25640,6.61,12.81,9.39,-3.39
2016-05-30,25600,2.46,13.72,8.66,-0.31
2016-05-31,25840,2.73,14.02,9.68,0.62
2016-06-01,26660,3.03,14.36,13.16,0.91
2016-06-02,27300,1.94,14.21,14.04,5
2016-06-03,27540,2.03,14.31,12.87,6.74
2016-06-07,27960,3.18,15.66,14.31,10.78
2016-06-08,28120,3.55,16.02,17.95,11.41
2016-06-09,28600,3.48,16.02,19.77,13.22
2016-06-10,28120,3.48,16.02,14.78,9.59
2016-06-13,27420,3.78,16.35,9.77,6.78
2016-06-14,27600,4.46,17.12,9.96,9.44
2016-06-15,28260,4.46,17.05,12.77,10.65
2016-06-16,28180,4.53,17.02,12.18,8.47
2016-06-17,28520,4.53,17.13,12.91,10.54
2016-06-20,28620,4.63,16.97,12.41,11.97
2016-06-21,28960,4.63,17.64,14.29,13.13
2016-06-22,28900,4.63,17.76,13.87,11.84
2016-06-23,28600,4.47,18.63,11.81,10.42
2016-06-24,28000,4.57,19.01,9.2,8.95
2016-06-27,27960,4.2,18.75,8.54,8.79
2016-06-28,27980,4.91,19.72,8.11,10.51
2016-06-29,27920,5.21,19.43,8.22,11.32
2016-06-30,28500,4.37,17.59,8.94,13.1
2016-07-01,29320,4.53,16.83,14.62,16.35
2016-07-04,29320,5.55,17.96,12.34,21.66
2016-07-05,29380,5.76,18.2,16.59,21.61
2016-07-06,28420,6.74,19.29,10.58,20.94
2016-07-07,29000,7.14,18.91,14.26,24.68
2016-07-08,29200,7.7,19.01,17.17,24.68
2016-07-11,29780,8.32,19.7,17.61,29.25
2016-07-12,29280,8.32,19.31,14.82,27.75
2016-07-13,29620,8.01,19.31,16.16,29.01
2016-07-14,30000,7.31,19.31,15.38,31.81
2016-07-15,30360,7.31,19.31,16.77,34.1
2016-07-18,30660,7.49,19.2,18.01,36.15
2016-07-19,30660,7.49,19.2,19.02,30.91
2016-07-20,30800,7.38,19.2,18.55,35.33
2016-07-21,30860,7.38,19.2,19.24,36.43
2016-07-22,30320,7.38,19.2,18.44,29.79
2016-07-25,30040,7.08,19.2,17.25,29.26
2016-07-26,30600,7.08,19.2,18.06,34.56
2016-07-27,30540,7.31,19.2,17.46,29.96
2016-07-28,30140,8.73,18.06,19.13,31.62
2016-07-29,30780,9.89,17.51,23.61,33.83
2016-08-01,31360,9.71,18.16,25.94,34.82
2016-08-02,30960,9.83,17.03,23.84,33.91
2016-08-03,30340,9.83,17.03,20.3,32.37
2016-08-04,30340,8.67,17.03,17.6,31.23
2016-08-05,31220,8.47,17.05,21.01,34.11
2016-08-08,31380,4.95,17.05,21.63,34.79
2016-08-09,31340,4.95,16.97,20.63,34.62
2016-08-10,30820,4.95,16.97,18.9,32.39
2016-08-11,31180,4.39,17.01,20.67,37.96
2016-08-12,30900,4.39,17.01,20.61,36.73
2016-08-16,31360,4.51,17.14,25.64,34.25
2016-08-17,31320,5.13,17.83,23.89,32.15
2016-08-18,32800,4.88,17.83,29.34,38.16
2016-08-19,33500,4.72,17.66,31.89,40.76
2016-08-22,33300,5.02,17.99,31.21,41.7
2016-08-23,33740,5.17,17.77,31.18,42.84
2016-08-24,33060,5.22,17.82,30.05,41.04
2016-08-25,32780,5.22,17.65,26.56,39.02
2016-08-26,32240,5.22,17.65,24.38,37.54
2016-08-29,32800,1.76,17.65,27.93,39.22
2016-08-30,32900,1.76,16.71,28.52,39.64
2016-08-31,32400,1.7,16.33,25.39,37.52
2016-09-01,31740,1.75,16.69,19.05,34.72
2016-09-02,31940,1.64,16.69,17,33.42
2016-09-05,32120,1.19,16.08,16.63,32.18
2016-09-06,32860,0.72,15.54,19.32,35.23
2016-09-07,32420,0.91,14.47,15.95,32.54
2016-09-08,32780,0.91,14.06,16.57,37.5
2016-09-09,31500,0.91,14.06,10.14,31.91
2016-09-12,29300,0.89,14.08,4.2,17.29
2016-09-13,30540,0.89,13.76,11.38,22.26
2016-09-19,31160,0.75,13.41,9.26,22.39
2016-09-20,31700,0.74,13.29,10.76,24.51
2016-09-21,31840,0.9,13.47,9.94,25.65
2016-09-22,32360,0.61,13.47,11.97,27.5
2016-09-23,31420,0.47,13.26,9.86,22.83
2016-09-26,31360,0.42,13.15,12,21.74
2016-09-27,31380,0.57,13.55,12.23,21.82
2016-09-28,31340,0.61,12.83,12.01,21.1
2016-09-29,32000,0.55,12.43,14.61,24.03
2016-09-30,31960,0.55,12.43,12.14,22.17
2016-10-04,32280,1.46,12.07,10.1,23.68
2016-10-05,32380,2.15,12.12,10.21,28.49
2016-10-06,33820,2.8,11.28,19,31.6
2016-10-07,34120,3.17,10.23,17.66,34.44
2016-10-10,33600,3.39,9.5,15.07,34.83
2016-10-11,30900,3.39,8.87,3.76,22.04
2016-10-12,30700,1.48,6.88,4.85,20.39
2016-10-13,31140,0.22,5.55,5.13,22.12
2016-10-14,31540,0.22,5.55,5.13,21.31
2016-10-17,31800,-0.57,4.72,4.74,22.31
2016-10-18,31780,-1.07,3.95,3.65,22.32
2016-10-19,32500,-1.48,3.95,6,26.16
2016-10-20,32400,-1.44,3.98,5.19,24.71
2016-10-21,31780,-1.6,3.98,2.98,22.8
2016-10-24,32160,-1.6,3.98,6.07,25.62
2016-10-25,31940,-1.6,3.98,6.32,24.67
2016-10-26,31340,-1.6,3.98,2.42,20.91
2016-10-27,31460,-0.38,5.42,3.01,21
2016-10-28,32280,-0.66,3.09,7.1,27.59
2016-10-31,32780,-0.59,1.71,6.5,31.65
2016-11-01,33040,0.75,2.52,5.36,32.69
2016-11-02,32860,0.88,2.54,6.14,31.44
2016-11-03,32320,0.88,2.54,6.53,28.15
2016-11-04,32540,-0.57,2.54,7.25,26.12
2016-11-07,32800,-1.52,2.53,5.06,27.13
2016-11-08,32880,-1.52,2.53,4.78,27.44
2016-11-09,31920,-1.52,2.53,1.85,22.86
2016-11-10,32980,-1.49,2.78,7.01,27.24
2016-11-11,31960,-1.49,2.74,2.5,23.68
2016-11-14,31060,1.62,2.76,0.52,23.94
2016-11-15,30780,2.63,3.77,-0.39,22.83
2016-11-16,31160,2.65,3.68,-0.64,24.84
2016-11-17,31360,3.47,3.07,0.13,24.05
2016-11-18,31720,3.99,3.07,-3.29,25.08
2016-11-21,31860,3.96,3.22,-4.9,25.53
2016-11-22,32800,4.01,2.98,-1.5,29.24
2016-11-23,32980,4.33,3.15,-2.25,28.23
2016-11-24,33000,4.17,2.94,-0.18,29.82
2016-11-25,33000,4.17,2.94,0.67,27.41
2016-11-28,33540,3.24,3.19,4.03,30.81
2016-11-29,33540,3.67,3.62,2.26,30.81
2016-11-30,34920,2.67,2.63,6.14,36.41
2016-12-01,34980,2.27,3.04,10.21,31.21
2016-12-02,34540,2.14,3.04,8.14,26.52
2016-12-05,34360,2.66,4.01,6.97,24.76
2016-12-06,34960,2.58,4.42,6.39,26.94
2016-12-07,35440,2.67,4.31,9.32,26.75
2016-12-08,35800,3.03,4.68,9.21,27.31
2016-12-09,35600,3.61,5.27,13.02,24.48
2016-12-12,35040,3.56,5.46,19.59,24.61
2016-12-13,35320,3.7,5.6,15.65,28.81
2016-12-14,35540,3.99,5.92,16.37,28.77
2016-12-15,35180,2.97,5.92,15.19,24.49
2016-12-16,35860,2.95,5.92,17.42,27.25
2016-12-19,35900,2.95,5.48,15.21,25.88
2016-12-20,36240,2.98,5.51,14.32,26.62
2016-12-21,36100,3.35,5.72,13.38,24.65
2016-12-22,36180,3.95,6.39,11.8,25.19
2016-12-23,35640,4.14,6.92,13.43,24.62
2016-12-26,35960,5.11,7.74,14.67,28.43
2016-12-27,35980,5.77,8.27,14.66,28.68
2016-12-28,35760,6.39,9.11,14.1,27.81
2016-12-29,36040,5.95,9.18,12.63,29.08
2017-01-02,36100,8.27,11.56,12.95,23.12
2017-01-03,36480,8.27,11.56,14.14,24.42
2017-01-04,36160,8.27,9.95,12.02,23.33
2017-01-05,35560,7.72,9.69,9.82,21.03
2017-01-06,36200,8.8,10.52,7.04,27.38
2017-01-09,37220,14.52,16.85,9.09,27.47
2017-01-10,37240,14.52,16.6,10.83,27.53
2017-01-11,38280,14.52,16.6,23.88,28.54
2017-01-12,38800,14.29,18.77,26.38,32.51
2017-01-13,37460,14.14,20.26,20.3,26.47
2017-01-16,36660,13.8,20.26,16.23,20.75
2017-01-17,36960,14.31,21.76,16.23,21.74
2017-01-18,36940,14.31,22.38,16.24,20.48
2017-01-19,37480,14.31,22.38,15.32,22.24
2017-01-20,37200,14.28,22.34,14.81,20.78
2017-01-23,38060,12.61,22.34,19.76,25.53
2017-01-24,38160,15.11,25.07,18.66,25.86
2017-01-25,39400,16.78,26.88,23.36,31.16
2017-01-26,39900,16.01,27.03,27.31,30.39
2017-01-31,39460,14.34,25.58,20.38,28.2
2017-02-01,39120,15.12,24.75,18.4,24.74
2017-02-02,39360,12.67,24.59,19.78,27.13
2017-02-03,39460,12.67,24.59,22.09,30.06
2017-02-06,39560,11.64,24.59,21.57,26.71
2017-02-07,38820,11.64,24.59,18.35,24.34
2017-02-08,38400,11.64,24.59,16.79,22.37
2017-02-09,38400,5,24.59,20.3,22.53
2017-02-10,38360,5.44,24.8,16.31,24.46
2017-02-13,37960,5.44,24.8,18.77,22.85
2017-02-14,37580,5.44,24.78,20.99,21.62
2017-02-15,37720,5.44,23.56,22.55,22.07
2017-02-16,38020,5.44,23.53,22.02,21.24
2017-02-17,37860,4.97,23.53,20.73,20.88
2017-02-20,38660,4.9,23.45,21.88,15.4
2017-02-21,38940,4.9,23.45,22.22,16.24
2017-02-22,39300,5.07,23.6,19.82,18.02
2017-02-23,39180,5.07,23.21,18.8,16.12
2017-02-24,38220,2.79,23.4,15.82,15.61
2017-02-27,38060,1.2,23.4,15.33,18.05
2017-02-28,38440,1.03,22.9,14.61,19.23
2017-03-02,39720,0.89,23.06,15,24.36
2017-03-03,39620,0.89,23.06,14.71,24.04
2017-03-06,40080,1.09,22.78,14.65,21.97
2017-03-07,40200,1.09,22.67,13.43,24
2017-03-08,40200,1.74,23.03,12.29,22.64
2017-03-09,40200,1.94,22.59,12.92,27.62
2017-03-10,40180,1.52,22.59,12.87,27.56
2017-03-13,40600,2.15,22.94,14.95,32.94
2017-03-14,41360,2.27,22.72,16.38,35.43
2017-03-15,41400,2.27,22.72,17.68,35.56
2017-03-16,41840,2.27,22.72,16.68,37
2017-03-17,42400,2.27,22.72,18.24,38.83
2017-03-20,41900,2.79,23.22,15.62,32.18
2017-03-21,42560,5.23,25.71,17.89,33.67
2017-03-22,42460,5.05,24.91,17.36,31.21
2017-03-23,41800,5.05,24.3,17.28,33.04
2017-03-24,41500,5.66,25.02,16.44,32.08
2017-03-27,41200,6.22,23.92,14.51,31.29
2017-03-28,41480,7.38,24.04,16,32.35
2017-03-29,41780,9.23,26.18,15.93,30.56
2017-03-30,41980,9.24,26.18,16.48,31.35
2017-03-31,41200,9.24,26.18,14.32,28.91
2017-04-03,41440,10.27,25.34,13.6,29.66
2017-04-04,42080,10.59,25.7,16.37,30.36
2017-04-05,42140,10.59,25.7,18.5,30.14
2017-04-06,41840,10.37,24.55,15.58,23.71
2017-04-07,41600,12.36,26.8,14.92,21.92
2017-04-10,41940,13.03,20.99,12.62,24.82
2017-04-11,41600,13.12,21.08,8.67,34.63
2017-04-12,41900,13.12,21.08,7.99,36.48
2017-04-13,42420,12.42,21.08,13.24,36.22
2017-04-14,42020,12.28,21.08,12.17,33.23
2017-04-17,41560,12.93,21.24,12.45,30.69
2017-04-18,41500,13.02,21.33,12.34,30.59
2017-04-19,40900,13.02,21.33,9.12,25.85
2017-04-20,40280,12.78,21.61,8.28,24.32
2017-04-21,40760,10.17,21.61,9.57,28.26
2017-04-24,41240,9.54,18.96,8.07,28.23
2017-04-25,42700,9.54,17.26,8.38,33.69
2017-04-26,42800,9.54,17.13,7.27,36.57
2017-04-27,43840,10.93,19.24,9.87,39.35
2017-04-28,44620,12.03,21.53,11.83,38.23
2017-05-02,44900,11.13,21.81,14.08,36.64
2017-05-04,45520,9.11,21.73,15.36,39.89
2017-05-08,47020,7.17,21.73,22.45,43
2017-05-10,45600,5.65,21.23,18.87,38.27
2017-05-11,45500,5.57,21.23,18.61,42.37
2017-05-12,45820,5.99,21.72,19.45,43.37
2017-05-15,46100,6,21.73,22.22,49.77
2017-05-16,46380,6.36,22.13,21.99,48.84
2017-05-17,46340,5.74,22.13,22.4,47.77
2017-05-18,45940,5.66,22.13,21.34,44.83
2017-05-19,44720,5.66,22.13,18.12,40.98
2017-05-22,45100,5.42,22.01,14.76,37.5
2017-05-23,44920,5.42,22.01,14.65,36.2
2017-05-24,44880,5.42,22.01,17.43,36
2017-05-25,45680,5.42,22.01,19.52,38.42
2017-05-26,46080,5.42,22.01,20.57,39.64
2017-05-29,45620,1.6,22.22,18.68,36.02
2017-05-30,44640,1.6,22.22,16.13,27.83
2017-05-31,44700,1.72,22.36,16.29,28.01
2017-06-01,44680,2.34,23.11,16.23,27.73
2017-06-02,45960,1.41,22.45,15.71,33.06
2017-06-05,45940,1.48,22.45,15.95,33.7
2017-06-07,45300,1.58,22.33,12.69,27.82
2017-06-08,45160,2.43,22.55,12.34,26.15
2017-06-09,46100,2.68,22.61,14.68,29.49
2017-06-12,45380,2.35,22.72,12.94,29.51
2017-06-13,45400,2.45,22.08,11.82,28.54
2017-06-14,45360,2.45,21.93,9.67,27.63
2017-06-15,45680,3.15,22.77,10.34,29.85
2017-06-16,45580,2.81,22.77,8.94,27.11
2017-06-19,46560,3.07,23.08,9.81,29.69
2017-06-20,48140,3.09,22.57,14.89,32.84
2017-06-21,47480,3.09,19.72,11.56,31.52
2017-06-22,47960,3.09,19.73,12.95,32.56
2017-06-23,47620,3.09,19.73,13.92,33.61
2017-06-26,48280,3.09,19.04,16.34,34.26
2017-06-27,48300,3.09,18.42,17.23,34.24
2017-06-28,47700,3.67,17.99,15,33.39
2017-06-29,47940,3.69,16.02,14.74,33.02
2017-06-30,47540,3.87,16.22,13.24,31.91
2017-07-03,47220,4.11,15.61,13.95,29.44
2017-07-04,47000,4.11,15.27,11.69,29.98
2017-07-05,47580,4.21,15.38,12.91,33.8
2017-07-06,48060,4.21,15.38,14.87,32.76
2017-07-07,47860,6.06,15.46,15.05,32.21
2017-07-10,48660,6.4,15.42,16.02,30.67
2017-07-11,49000,6.3,15.22,17.79,28
2017-07-12,49880,6.21,15.22,19.05,28.56
2017-07-13,50560,6.57,15.72,19.19,34.97
2017-07-14,50480,6.57,15.72,20.13,34.76
2017-07-17,50640,5.83,15.05,21.85,37.01
2017-07-18,50840,5.83,14.96,22.51,37.63
2017-07-19,50740,5.56,14.96,24.06,35.38
2017-07-20,51200,5.54,14.7,27.11,37.63
2017-07-21,51080,5.54,14.7,25.32,37.31
2017-07-24,50860,5.54,14.7,23.33,33.28
2017-07-25,50000,5.54,14.7,17.1,26.9
2017-07-26,49840,5.54,14.7,16.45,24.91
2017-07-27,49800,6.36,13.54,13.59,24.81
2017-07-28,47760,6.45,12.12,7.04,19.7
2017-07-31,48200,6.24,12.12,8.02,22.15
2017-08-01,48600,6.4,12.29,8.92,24.23
2017-08-02,49000,6.4,11.27,9.13,24.49
2017-08-03,47780,5.39,11.27,6.41,21.08
2017-08-04,47700,5.83,11.81,4.79,20.88
2017-08-07,47580,3.92,11.96,4.53,22.57
2017-08-08,47720,4.18,12.24,1.49,24.27
2017-08-09,46280,4.18,12.24,-1.57,20.52
2017-08-10,45900,2.61,12.09,0.66,19.66
2017-08-11,44620,2.7,12.09,-1.93,16.32
2017-08-14,45000,2.46,11.86,-1.79,19.74
2017-08-16,46200,2.46,11.48,-0.39,21.51
2017-08-17,47040,2.46,11.48,1.51,24.25
2017-08-18,46900,2.46,11.48,2.09,23.88
2017-08-21,46840,2.46,11.48,4.74,20.29
2017-08-22,47000,2.46,11.48,4.21,19.59
2017-08-23,47480,3.14,12.22,5.7,21.18
2017-08-24,47520,3.14,12.22,5.88,24.33
2017-08-25,47020,3.14,12.22,2.93,23.02
2017-08-28,46100,1.67,12.2,0.04,19.93
2017-08-29,46080,1.67,12.2,1.01,19.88
2017-08-30,46200,1.67,12.2,3.49,20.19
2017-08-31,46320,1.67,12.07,3.62,20.5
2017-09-01,46480,2.39,12.34,4.03,20.92
2017-09-04,46040,1.96,12.34,0.17,16.2
2017-09-05,46760,2.42,12.85,1.78,18.02
2017-09-06,47000,2.42,12.85,2.31,17.27
2017-09-07,48120,2.96,13.48,6.23,19.7
2017-09-08,49080,2.62,12.44,8.68,22.09
2017-09-11,49800,3.18,12.64,8.03,23.94
2017-09-12,49600,3.5,12.89,9.3,23.44
2017-09-13,49620,3.5,12.79,9.3,22.22
2017-09-14,50300,3.29,12.79,10.89,21.62
2017-09-15,50400,3.29,12.01,10.33,21.74
2017-09-18,52480,3.67,12.42,15.14,23.77
2017-09-19,52120,3.84,12.32,11.94,22.92
2017-09-20,52220,4.11,12.58,8.48,24.63
2017-09-21,52800,4.11,12.58,11.2,24.06
2017-09-22,53000,4.93,13.47,10.51,24.82
2017-09-25,53620,4.6,13.86,12.6,29.2
2017-09-26,51660,4.9,14.19,7,24.48
2017-09-27,51680,5.08,14.39,7,25.44
2017-09-28,51260,5.11,13.75,7.46,23.58
2017-09-29,51280,5.11,13.73,6.97,22.74
2017-10-10,52800,4.66,10.33,8.51,25.89
2017-10-11,54640,4.4,10.63,11.51,31.35
2017-10-12,54800,4.08,10.63,9.86,30.79
2017-10-13,54000,4.33,10.42,6.8,27.3
2017-10-16,53920,4.21,10.29,6.81,28.32
2017-10-17,54800,4.21,10.29,8.21,31.86
2017-10-18,54760,3.73,10.18,7.71,31.95
2017-10-19,52980,3.56,10.18,4.41,29.54
2017-10-20,53840,3.29,10.18,5.16,33.66
2017-10-23,54300,2.49,10.18,6.3,33.22
2017-10-24,54040,2.49,10.18,6.25,31.04
2017-10-25,53900,2.13,10.18,7.8,26.23
2017-10-26,52400,1.93,10.28,5.14,22.43
2017-10-27,53080,1.75,9.43,6.59,21.08
2017-10-30,54040,1.85,8.84,13.15,21.11
2017-10-31,55080,3.09,10.17,14.27,23.44
2017-11-01,57220,5.97,13.07,17.74,28.24
2017-11-02,57060,5.97,13.07,16.45,27.08
2017-11-03,56380,5.97,13.07,18,25.57
2017-11-06,56380,6.32,12.97,18.2,23.86
2017-11-07,56100,6.39,12.89,17.91,23.24
2017-11-08,56760,6.39,12.61,18.94,20.71
2017-11-09,56340,6.39,12.61,21.74,19.82
2017-11-10,56400,4.86,12.76,22.88,23.68
2017-11-13,56380,4.42,12.76,26.36,23.05
2017-11-14,55920,4.42,12.53,24.27,22.04
2017-11-15,55340,4.42,12.53,22.98,20.04
2017-11-16,55780,4.54,12.53,20.74,20.27
2017-11-17,55820,4.62,12.61,18.66,20.46
2017-11-20,55200,4.72,12.61,17.7,23.43
2017-11-21,55280,4.72,12.61,18.02,23.61
2017-11-22,55960,4.77,12.67,19.06,24.08
2017-11-23,55300,4.77,11.93,16.47,23.11
2017-11-24,55460,4.77,11.93,16.71,23.57
2017-11-27,52640,4.57,11.8,11.95,14.24
2017-11-28,53280,4.57,11.83,15.57,15.63
2017-11-29,52600,4.65,11.91,14.15,15.3
2017-11-30,50800,4.54,11.91,9.96,13.8
2017-12-01,50840,2.03,12.67,9.38,13.79
2017-12-04,51340,2.47,13.16,11.51,11.71
2017-12-05,51260,2.72,12.92,9.62,11.58
2017-12-06,50020,2.38,12.92,6.43,8.88
2017-12-07,50740,2.45,12.33,5.44,12.01
2017-12-08,52000,3.01,13.04,5.95,15.15
2017-12-11,51780,2.96,12.52,3.98,12.32
2017-12-12,52100,3.61,12.88,5.04,14.81
2017-12-13,51320,3.61,12.88,3.43,13.04
2017-12-14,51060,3.62,12.88,1.51,12.57
2017-12-15,50620,3.62,12.88,0.44,10.81
2017-12-18,51200,3.54,12.47,-2.44,12.33
2017-12-19,51560,3.35,12.07,-1.07,10.74
2017-12-20,50880,3.58,12.04,-2.57,5.69
2017-12-21,49140,3.68,12.15,-6.93,3.5
2017-12-22,49700,3.42,11.05,-6.23,3.63
2017-12-26,48200,3.32,10.25,-6.7,-0.17
2017-12-27,49360,3.79,10.43,-4.49,2.19
2017-12-28,50960,3.79,10.43,-0.59,6.83
2018-01-02,51020,2.07,10.36,-0.51,7.32
2018-01-03,51620,2.07,10.36,0.66,9.32
2018-01-04,51080,1.64,10.36,-0.39,8.68
2018-01-05,52120,1.39,10.36,1.64,9.54
2018-01-08,52020,0.74,10.39,1.44,8.69
2018-01-09,50400,0.41,10.04,-1.72,5.31
2018-01-10,48840,0.05,8.07,-7.5,0.37
2018-01-11,48240,0.1,7.88,-11.71,-1.55
2018-01-12,48200,-0.53,7.88,-12.04,-3.37
2018-01-15,48540,-1.07,7.04,-10.11,-3.84
2018-01-16,50000,-1.07,7.16,-7.27,-0.95
2018-01-17,49620,-0.82,7.44,-9.45,-2.01
2018-01-18,49900,-0.82,7.54,-8.88,-1.85
2018-01-19,49320,-0.63,7.54,-6.91,-2.8
2018-01-22,48240,-0.95,7.32,-10.4,-5.56
2018-01-23,49160,-0.95,7.32,-9.47,-3.76
2018-01-24,49340,-0.95,7.32,-8.7,-2.99
2018-01-25,50260,-0.95,7.32,-6.75,0.52
2018-01-26,50780,-1.11,6.96,-3.09,1.89
2018-01-29,51220,-1.45,6.96,-3.5,7.24
2018-01-30,49800,-1.45,6.85,-7.85,4.27
2018-01-31,49900,-2.92,3.99,-9.4,3.53
2018-02-01,49820,-4.03,0.01,-12.93,2.51
2018-02-02,47700,-4.16,-0.18,-16.4,-2.65
2018-02-05,47920,-4.26,-0.29,-15.01,0.46
2018-02-06,47420,-4.26,-0.62,-15.89,-0.59
2018-02-07,45800,-4.46,-0.89,-18.36,-3.74
2018-02-08,46000,-4.48,-0.89,-18.96,-3.6
2018-02-09,44700,-4.18,-0.89,-20.66,-3.41
2018-02-12,45720,-3.83,-0.89,-18.94,2.47
2018-02-13,47540,-3.83,-0.89,-15.68,6.54
2018-02-14,49000,-3.83,-0.88,-12.37,8.89
2018-02-19,48380,-3.65,-1.05,-13.33,3.16
2018-02-20,47400,-3.65,-1.05,-14.13,1.07
2018-02-21,47280,-3.65,-1.05,-14.47,0.94
2018-02-22,46760,-3.45,-1.1,-16.44,-0.51
2018-02-23,47220,-3.45,-1.1,-14.61,-0.55
2018-02-26,47380,-2.21,-0.08,-14.57,0.77
2018-02-27,47380,-2.21,0.04,-9.99,0.77
2018-02-28,47060,-2.21,0.03,-11.67,2.08
2018-03-02,46020,0.74,-1.45,-9.48,-0.99
2018-03-05,45200,0.85,-2.11,-11.82,-3.34
2018-03-06,47020,0.64,-2.32,-6,0.04
2018-03-07,48620,0.59,-2.69,-4.18,1.04
2018-03-08,49200,0.59,-3.22,-5.38,0.24
2018-03-09,49740,0.59,-3.22,-4.35,1.34
2018-03-12,49740,0.87,-3.51,-4.53,0.28
2018-03-13,51660,0.87,-3.51,0.66,4.11
2018-03-14,51760,0.87,-3.51,1.37,2.9
2018-03-15,51540,0.87,-3.51,1.82,2.26
2018-03-16,51140,0.87,-3.51,1.03,1.47
2018-03-19,50740,0.91,-3.38,-1.59,-2.65
2018-03-20,51200,0.91,-3.6,0.63,-1.95
2018-03-21,51060,0.89,-3.71,3.91,-3.3
2018-03-22,51780,0.96,-3.45,4.19,-2.3
2018-03-23,49720,0.96,-3.45,0.04,-6.19
2018-03-26,50280,-0.08,-3.37,4.32,-2.67
2018-03-27,49980,-0.25,-3.86,1.26,-3.29
2018-03-28,48700,-0.31,-3.92,-4.43,-4.99
2018-03-29,49040,-0.06,-3.68,-3.77,-4.37
2018-03-30,49220,-0.06,-3.68,-3.41,-4.02
2018-04-02,48540,-0.2,-3.65,-4.86,-5.34
2018-04-03,48120,-0.2,-3.65,-6.78,-6.16
2018-04-04,46920,-0.2,-3.65,-8.14,-8.5
2018-04-05,48740,-0.2,-3.65,-6.49,-4.95
2018-04-06,48400,0.66,-3.02,-7.14,-5.62
2018-04-09,49200,1.05,-2.6,-2.38,-4.06
2018-04-10,48880,1.01,-2.3,0.08,-7.42
2018-04-11,48860,1.01,-2.3,1.29,-10.58
2018-04-12,49000,0.72,-2.3,1.66,-10.58
2018-04-13,49800,0.72,-2.3,3.32,-7.78
2018-04-16,50340,0.72,-1.76,0.68,-6.64
2018-04-17,49980,0.75,-1.99,0.73,-8.8
2018-04-18,51360,0.75,-1.99,2.93,-6.21
2018-04-19,52780,0.8,-1.99,7.02,-0.38
2018-04-20,51620,0.8,-1.99,4.66,-4.12
2018-04-23,51900,0.76,-1.79,5.57,-4.42
2018-04-24,50460,0.76,-1.79,2.27,-6.62
2018-04-25,50400,0.76,-1.79,0.28,-6.49
2018-04-26,52140,2.01,-0.33,2.68,-0.5
2018-04-27,53000,3.5,0.96,4.37,-0.15
2018-04-30,53000,3.46,1.11,6.43,-1.92
2018-05-02,53000,3.61,4.16,11.11,-7.12
2018-05-03,53000,4.17,4.72,11.11,-6
2018-05-04,51900,4.17,4.72,8.8,-7.95
2018-05-08,52600,3.5,5.05,14.35,-7.33
2018-05-09,50900,3.36,5.05,13.87,-9.66
2018-05-10,51600,3.4,5.05,15.44,-8.51
2018-05-11,51300,3.4,5.05,14.77,-9.04
2018-05-14,50100,3.4,5.05,2.24,-10.41
2018-05-15,49200,3.51,5.16,0.41,-11.1
2018-05-16,49850,3.51,5.16,1.73,-10.63
2018-05-17,49400,3.48,5.16,0.82,-11.5
2018-05-18,49500,3.48,5.16,1.02,-11.32
2018-05-21,50000,3.48,5.26,5.75,-9.55
2018-05-23,51800,3.57,5.36,9.7,-6.33
2018-05-24,51400,3.6,5.38,8.85,-7.32
2018-05-25,52700,3.6,5.38,11.61,-4.98
2018-05-28,52300,0.97,4.24,11.13,-1.84
2018-05-29,51300,0.73,4,9.01,-2.47
2018-05-30,49500,0.59,4,5.18,-2.56
2018-05-31,50700,0.6,4.02,7.73,-0.2
2018-06-01,51300,0.86,4.28,9.01,0.9
2018-06-04,51100,0.2,4.16,11.04,-0.47
2018-06-05,51300,0.2,4.17,13.5,0.08
2018-06-07,50600,0.2,4.65,4.07,-0.28
2018-06-08,49650,-0.05,4.4,0.91,-4.52
2018-06-11,49900,-0.17,4.26,0.32,-3.63
2018-06-12,49400,-0.17,3.97,-0.68,-5.18
2018-06-14,48200,-0.17,3.97,-6.88,-5.6
2018-06-15,47650,-0.27,3.97,-7.55,-5.87
2018-06-18,46600,-0.38,3.86,-8.88,-8.98
2018-06-19,47000,-0.48,3.81,-7.37,-8.84
2018-06-20,47000,-0.48,3.81,-8.2,-7.63
2018-06-21,47050,-0.15,4.17,-7.85,-4.25
2018-06-22,47250,-0.15,4.1,-8.75,-4.93
2018-06-25,46650,-0.37,4,-6.17,-6.14
2018-06-26,47000,-0.24,4.13,-6.52,-2.49
2018-06-27,47950,-0.47,4.08,-4.06,-2.86
2018-06-28,46800,-0.84,3.68,-3.9,-8.16
2018-06-29,46650,-0.61,3.43,-4.87,-8.46
2018-07-02,45550,-0.35,4.01,-6.16,-10.72
2018-07-03,46150,0.41,4.81,-4.09,-10.6
2018-07-04,46250,0.41,4.81,-1.43,-9.46
2018-07-05,45950,0.41,4.81,-5.72,-11.84
2018-07-06,44900,-0.16,3.54,-7.23,-13.85
2018-07-09,45600,-0.14,3.16,-7.32,-9.52
2018-07-10,46300,-0.14,3.21,-5.28,-5.2
2018-07-11,46000,-0.02,3.21,-5.85,-4.64
2018-07-12,45500,-0.02,3.21,-7.14,-5.6
2018-07-13,46500,-0.02,3.21,-6.63,-3.53
2018-07-16,46050,-0.02,3.21,-8.52,-7.9
2018-07-17,45850,-0.02,3.18,-8.26,-7.6
2018-07-18,46550,0.09,3.18,-9.37,-6.71
2018-07-19,46900,0.19,3.18,-11.14,-4.91
2018-07-20,47450,0.73,3.73,-8.08,-3.79
2018-07-23,46500,-0.66,2.64,-10.4,-5.41
2018-07-24,46150,-0.66,2.64,-8.54,-6.47
2018-07-25,46150,-0.56,2.64,-8.43,-8.18
2018-07-26,46900,-0.69,1.39,-10.05,-7.64
2018-07-27,46900,-0.46,0.09,-11.51,-7.64
2018-07-30,46500,-0.03,-0.05,-12.26,-6.63
2018-07-31,46250,-0.26,-0.29,-12.74,-7.31
2018-08-01,46550,-0.39,-0.41,-12.17,-6.56
2018-08-02,45550,-1.21,-0.83,-14.06,-4.51
2018-08-03,45750,-1.96,-1.36,-13.68,-4.09
2018-08-06,45800,-1.36,-1.32,-11.75,-3.42
2018-08-07,46700,-1.36,-1.32,-10.02,1.97
2018-08-08,46800,-1.36,-1.32,-11.03,1.74
2018-08-09,46900,-1.14,-1.32,-7.86,4.92
2018-08-10,45400,-1.14,-1.32,-12.02,1.57
2018-08-13,45050,-1.13,-1.32,-12.18,-5.24
2018-08-14,45150,-1.13,-1.32,-9.88,-7.86
2018-08-16,44250,-1.13,-1.42,-11.23,-9.69
2018-08-17,44100,-1.13,-1.42,-10.73,-10
2018-08-20,43850,-1.59,-1.35,-11.41,-7.49
2018-08-21,44800,-1.59,-1.35,-10.4,-5.25
2018-08-22,46100,-1.59,-1.35,-7.8,-1.41
2018-08-23,46200,-0.54,-1.44,-10.81,-2.16
2018-08-24,46150,-0.75,-1.67,-10.21,-2.27
2018-08-27,46300,-0.75,-1.67,-12.14,-2.28
2018-08-28,46550,-0.75,-1.61,-10.99,-1.08
2018-08-29,46800,-0.75,-1.38,-8.77,-0.55
2018-08-30,47650,-0.76,-1.39,-3.74,1.25
2018-08-31,48450,-0.53,-1.41,-4.44,2.95
2018-09-03,47450,0.09,-1.47,-7.5,3.11
2018-09-04,47650,0.09,-1.47,-6.75,3.54
2018-09-05,46600,0.09,-1.47,-9.16,3.1
2018-09-06,46100,-0.13,-1.65,-10.14,-1.96
2018-09-07,44900,-0.11,-1.63,-11.26,-7.65
2018-09-10,45500,-0.3,-1.58,-8.36,-8.52
2018-09-11,45050,-0.3,-1.45,-9.72,-9.43
2018-09-12,44550,-0.29,-1.44,-9.82,-10.43
2018-09-13,44050,-0.3,-1.44,-10.83,-14.73
2018-09-14,45850,-0.3,-1.44,-4.88,-11.42
2018-09-17,45150,-0.3,-1.44,-5.25,-11.71
2018-09-18,45500,-0.3,-1.34,-2.36,-11.03
2018-09-19,46150,-0.3,-1.24,-1.81,-9.05
2018-09-20,47250,-0.96,-1.83,0.53,-7.71
2018-09-21,47400,-1.38,-2.56,0.74,-7.17
2018-09-27,47500,-1.27,-2.47,-0.94,-4.96
2018-09-28,46450,-1.32,-2.08,-0.75,-4.62
2018-10-01,46350,-1.33,-2.11,-0.64,-5.83
2018-10-02,45700,-1.5,-2.79,0.33,-5.85
2018-10-04,44700,-1.69,-3.53,-3.35,-4.73
2018-10-05,44700,-1.58,-3.42,-2.72,-8.29
2018-10-08,44950,-1.6,-3.05,0.11,-7.13
2018-10-10,45300,-1.53,-2.94,-2.16,-7.32
2018-10-11,43100,-1.53,-2.94,-6.3,-11.79
2018-10-12,44000,-1.54,-2.94,-3.3,-10.2
2018-10-15,43800,-1.54,-2.94,-5.81,-12.05
2018-10-16,43600,-1.68,-3.08,-5.32,-13.39
2018-10-17,44150,-1.68,-3.08,-3.71,-11.66
2018-10-18,44050,-1.68,-3.08,-5.37,-14.23
2018-10-19,43900,-1.68,-3.08,-6.4,-16.82
2018-10-22,43550,-0.87,-3.79,-8.22,-15.63
2018-10-23,43050,-0.87,-2.77,-7.42,-17.05
2018-10-24,42550,-0.87,-2.77,-7.8,-15.68
2018-10-25,41000,-0.87,-2.77,-11.16,-18.65
2018-10-26,41000,-0.87,-2.77,-12.58,-21.37
2018-10-29,41400,-0.73,-2.77,-11.73,-21.89
2018-10-30,42350,-0.73,-2.77,-8.92,-20.09
2018-10-31,42400,-1.25,-3.06,-8.32,-20
2018-11-01,42150,-4.86,-6.51,-9.45,-20.47
2018-11-02,44150,-4.79,-6.31,-3.07,-16.7
2018-11-05,43800,-4.89,-6.31,-4.26,-15.61
2018-11-06,43750,-4.89,-6.35,-4.48,-15.7
2018-11-07,44000,-4.89,-6.35,-5.78,-15.22
2018-11-08,44050,-4.72,-6.35,-5.88,-16.25
2018-11-09,44300,-4.72,-6.35,-5.54,-12.97
2018-11-12,45200,-4.68,-6.43,-0.44,-11.89
2018-11-13,44500,-5.04,-6.78,-1.22,-13.26
2018-11-14,44100,-5.01,-6.76,-2.33,-11.98
2018-11-15,44250,-5.26,-7,-1.99,-10.06
2018-11-16,44000,-5.13,-7,-0.56,-11.74
2018-11-19,43650,-5.13,-7,-1.02,-11.82
2018-11-20,42800,-5.13,-7.06,-2.39,-13.54
2018-11-21,42100,-4.91,-6.84,-6.03,-15.8
2018-11-22,42450,-4.85,-6.98,-7.92,-15.1
2018-11-23,42400,-4.85,-6.98,-8.23,-18.15
2018-11-26,42600,-4.98,-6.92,-7.69,-19.17
2018-11-27,43050,-5.09,-7.02,-7.02,-18.31
2018-11-28,43150,-5.32,-7.25,-7.3,-17.5
2018-11-29,43150,-5.38,-7.3,-7.8,-15.89
2018-11-30,41850,-5.38,-7.29,-12.17,-15.45
2018-12-03,43250,-1.97,-8.24,-8.85,-15.69
2018-12-04,42150,-2.18,-8.44,-11.54,-17.51
2018-12-05,41450,-2.18,-8.44,-11.05,-19.2
2018-12-06,40500,-2.18,-8.27,-12.15,-21.05
2018-12-07,40950,-2.18,-8.29,-8.8,-19.07
2018-12-10,40200,-3.35,-9.21,-11.65,-19.03
2018-12-11,40250,-4.07,-9.89,-10.65,-19.34
2018-12-12,40450,-4.68,-10.55,-9.2,-18.12
2018-12-13,40000,-6.09,-12.19,-9.19,-19.03
2018-12-14,38950,-11.54,-17.27,-15.05,-19.19
2018-12-17,39150,-13.86,-19.65,-13.29,-17.84
2018-12-18,38900,-14.06,-19.84,-14.51,-16.52
2018-12-19,39100,-14.06,-19.84,-15.28,-16.81
2018-12-20,38650,-14.84,-20.08,-18.2,-17.77
2018-12-21,38650,-15.03,-19.74,-18.46,-17.85
2018-12-24,38800,-14.91,-19.74,-18.14,-17.88
2018-12-26,38350,-15.1,-20.03,-19.09,-18.4
2018-12-27,38250,-15,-19.95,-19.47,-20.23
2018-12-28,38700,-14.79,-19.91,-16.68,-17.31
2019-01-02,38750,-16.09,-21.03,-15.21,-14.93
2019-01-03,37600,-15.64,-21.26,-17.72,-18.53
2019-01-04,37450,-15.45,-21.26,-16.22,-19.03
2019-01-07,38750,-16.26,-22.1,-13.31,-13.7
2019-01-08,38100,-18.91,-24.42,-15.24,-15.14
2019-01-09,39600,-23.51,-28.71,-11.9,-13.16
2019-01-10,39800,-22.59,-28.62,-12.14,-14.04
2019-01-11,40500,-22,-28.62,-6.03,-11.96
2019-01-14,40050,-17.41,-30.6,-8.98,-13.87
2019-01-15,41100,-18.05,-31.14,-6.16,-11.61
2019-01-16,41450,-18.05,-31.04,-4.93,-9.99
2019-01-17,41950,-16.1,-31.43,-4.98,-8.51
2019-01-18,42300,-15.9,-31.43,-3.97,-9.13
2019-01-21,42750,-14.6,-31,-2.62,-9.91
2019-01-22,42150,-15.53,-31.61,-3.21,-11.17
2019-01-23,42000,-15.53,-31.61,-2.44,-9.68
2019-01-24,43050,-15.53,-31.61,1.18,-6.72
2019-01-25,44750,-15.53,-31.61,9.15,-3.03
2019-01-28,45050,-15.22,-31.61,9.88,-3.94
2019-01-29,45500,-15.22,-31.61,9.9,-2.99
2019-01-30,46400,-15.22,-31.61,9.56,-0.22
2019-01-31,46150,-16.46,-32.25,8.84,-0.22
2019-02-01,46350,-19.18,-31.95,9.96,-0.43
2019-02-07,46200,-17.29,-32.25,5,-1.07
2019-02-08,44800,-14.59,-32.25,1.7,-4.27
2019-02-11,45000,-9.81,-32.52,1.58,-0.88
2019-02-12,46050,-9.81,-32.46,1.88,1.43
2019-02-13,46200,-9.81,-32.21,3.82,2.55
2019-02-14,47500,-7.24,-32.23,7.71,5.2
2019-02-15,46050,-6.51,-32.05,4.07,1.99
2019-02-18,46200,-6.1,-32.14,5,4.76
2019-02-19,45950,-6.1,-32.14,5.27,4.2
2019-02-20,46900,-6.1,-32.14,9.58,6.96
2019-02-21,46950,-8.13,-33.34,11.52,4.8
2019-02-22,47150,-7.13,-33.25,11.07,2.28
2019-02-25,47350,-7.13,-33.25,11.67,2.6
2019-02-26,46750,-7.13,-33.15,9.74,1.3
2019-02-27,46750,-7.3,-33.2,8.59,0.97
2019-02-28,45100,-7.3,-33.04,4.52,-3.12
2019-03-04,44850,-1.67,-31.53,6.41,-5.88
2019-03-05,44250,-1.67,-31.53,6.76,-5.04
2019-03-06,44000,-1.89,-31.69,8.64,-4.56
2019-03-07,44450,-1.36,-31.69,8.55,-1
2019-03-08,43800,-1.36,-31.69,6.96,-2.45
2019-03-11,43650,-1.68,-30.83,8.45,-3.11
2019-03-12,44650,-2,-30.56,10.38,0.22
2019-03-13,43850,-2,-29.26,9.63,-0.45
2019-03-14,43850,-2.97,-25.66,12.58,-4.36
2019-03-15,44200,-3.28,-25.9,13.48,-3.6
2019-03-18,43700,-3.67,-23.93,12.34,-3.96
2019-03-19,43900,-4.32,-24.44,12.28,-4.88
2019-03-20,44050,-4.32,-23.75,13.97,-6.77
2019-03-21,45850,-2.93,-23.85,18.63,-3.27
2019-03-22,46550,-3.12,-24,20.44,-1.79
2019-03-25,45500,-3.12,-24,17.27,-4.01
2019-03-26,45250,-4.95,-25.17,17.99,-4.54
2019-03-27,45350,-8.51,-28.1,18.56,-4.53
2019-03-28,44850,-8.79,-28.32,15.89,-3.44
2019-03-29,44650,-8.79,-28.32,15.37,-3.88
2019-04-01,45050,-8.03,-27.72,16.41,-2.8
2019-04-02,45750,-9.06,-27.38,18.06,0.11
2019-04-03,46600,-9.68,-27.67,23.94,1.97
2019-04-04,46950,-10.68,-27.67,25.37,5.03
2019-04-05,46850,-11.23,-28.11,25.1,4.81
2019-04-08,46650,-14.12,-27.65,22.44,3.78
2019-04-09,46650,-14.12,-23.31,17.8,3.78
2019-04-10,46700,-14.12,-23.31,17.34,3.09
2019-04-11,46250,-13.51,-23.31,14.2,7.31
2019-04-12,46850,-13.23,-23.31,15.68,6.48
2019-04-15,47050,-12.08,-20.5,14.48,7.42
2019-04-16,47250,-12.08,-20.5,13.99,8.37
2019-04-17,47050,-12.95,-20.84,12.16,6.57
2019-04-18,45600,-12.49,-20.84,7.8,3.52
2019-04-19,45300,-11.9,-20.84,7.09,3.19
2019-04-22,45350,-13.58,-22.24,7.59,4.13
2019-04-23,45200,-13.58,-22.24,7.62,4.99
2019-04-24,44750,-13.58,-22.24,3.95,5.17
2019-04-25,44650,-13.58,-22.24,-0.22,8.9
2019-04-26,44850,-11.91,-22.24,0.22,9.39
2019-04-29,46150,-8.04,-22.24,1.43,11.47
2019-04-30,45850,-8.6,-22.72,-1.19,8.26
2019-05-02,45900,-9.91,-20.33,-0.97,3.96
2019-05-03,45300,-9.29,-20.33,-2.27,2.6
2019-05-07,44850,-8.73,-19.9,-2.92,1.93
2019-05-08,44250,-5.44,-19.9,-1.23,0.45
2019-05-09,42450,-5.44,-19.9,-5.25,-4.18
2019-05-10,42900,-5.44,-19.9,-4.24,-3.16
2019-05-13,42650,-5.44,-19.59,-7.68,-4.16
2019-05-14,42650,-5.44,-19.59,-10.21,-3.29
2019-05-15,42550,-5.44,-19.59,-7.6,-3.84
2019-05-16,41550,-5.44,-19.59,-9.77,-5.57
2019-05-17,41200,-4.49,-19.59,-10.53,-6.36
2019-05-20,42000,-4.49,-19.49,-10.45,-1.87
2019-05-21,43150,-4.49,-18.22,-8.09,2.49
2019-05-22,43500,-1.94,-17.9,-7.74,2.47
2019-05-23,43850,-1.94,-17.9,-7,3.42
2019-05-24,42700,-1.94,-17.9,-9.44,0.71
2019-05-27,42650,-1.94,-17.74,-8.77,-0.93
2019-05-28,42550,-2.14,-17.91,-5.65,-1.39
2019-05-29,41800,-2.13,-17.91,-7.32,-3.13
2019-05-30,42550,-1.52,-17.91,-5.65,1.67
2019-05-31,42500,-1.52,-17.91,-5.76,1.55
2019-06-03,43800,2.58,-15.95,-2.88,1.27
2019-06-04,43450,2.42,-17.01,-3.12,3.08
2019-06-05,43900,1.94,-17.4,-0.79,5.91
2019-06-07,44200,1.94,-17.22,-0.56,7.94
2019-06-10,44800,1.94,-17.22,2.28,11.44
2019-06-11,44850,1.85,-16.71,2.75,11.43
2019-06-12,44600,1.39,-16.81,-0.11,10.26
2019-06-13,43750,1.39,-16.81,-0.23,9.38
2019-06-14,44000,1.39,-15.98,0.34,12.97
2019-06-17,43900,1.39,-15.71,-0.68,12.13
2019-06-18,44350,1.34,-15.3,1.49,14.01
2019-06-19,45350,1.34,-14.73,3.3,15.98
2019-06-20,45500,1.34,-14.73,3.29,17.72
2019-06-21,45700,1.18,-14.75,-0.33,18.24
2019-06-24,45500,0.79,-14.58,-2.26,17.27
2019-06-25,45600,-0.06,-15.31,0.22,17.53
2019-06-26,45700,-0.06,-13.67,0.99,19.17
2019-06-27,46500,-0.58,-10.61,2.54,21.57
2019-06-28,47000,-0.86,-10.78,4.79,21.45
2019-07-01,46600,1.13,-9.73,3.44,20.41
2019-07-02,46250,1.08,-8.76,1.09,19.35
2019-07-03,45400,-1.18,-8.04,-2.58,20.74
2019-07-04,46000,-1.03,-8.04,-2.02,22.83
2019-07-05,45650,-1.05,-7.93,-2.56,21.9
2019-07-08,44400,-2.64,-6.15,-4.82,16.54
2019-07-09,45100,-2.64,-6.15,-3.32,13.89
2019-07-10,45550,-2.64,-6.15,-2.46,14.45
2019-07-11,46200,-2.55,-6.15,-0.11,14.07
2019-07-12,46300,-2.12,-6.15,-1.17,14.32
2019-07-15,46450,-2.12,-6.15,-1.28,13.02
2019-07-16,46850,-2.12,-6.15,-0.85,13.03
2019-07-17,46050,-2.12,-5.21,-2.13,9.77
2019-07-18,46100,-2.07,-5.21,1.1,8.98
2019-07-19,46800,-2.07,-5.21,3.31,10.64
2019-07-22,47200,-1.91,-3.06,4.08,11.98
2019-07-23,47300,-1.91,-3.06,4.65,12.62
2019-07-24,46400,-1.91,-3.06,3.69,7.78
2019-07-25,47200,-1.08,-3.06,5.71,5.47
2019-07-26,47150,-1.08,-3.06,5.13,5.36
2019-07-29,46100,-0.07,-3.06,-0.11,1.32
2019-07-30,46550,-0.07,-2.46,1.53,0.32
2019-07-31,45350,-0.05,-2.43,-1.09,-1.73
2019-08-01,45200,0.35,-0.06,-1.42,-2.48
2019-08-02,44950,0.2,1.48,-2.07,-3.02
2019-08-05,43950,1.23,2.11,-2.98,-5.18
2019-08-06,43500,1.23,2.11,-3.97,-6.15
2019-08-07,43200,1.23,2.11,-3.68,-6.49
2019-08-08,42650,2.88,2.11,-3.62,-4.8
2019-08-09,43150,2.88,2.11,1.65,-3.68
2019-08-12,43700,2.85,2.08,1.86,-5.1
2019-08-13,43000,2.43,1.66,0.82,-6.93
2019-08-14,43700,2.43,1.66,2.46,-8
2019-08-16,43900,2.43,1.66,5.66,-4.67
2019-08-19,43600,2.43,1.66,5.83,-5.11
2019-08-20,44450,2.43,1.66,5.83,-5.22
2019-08-21,44500,2.43,1.66,3.13,-5.22
2019-08-22,44050,2.43,1.26,1.26,-6.57
2019-08-23,43950,2.43,1.26,0.23,-6.79
2019-08-26,43600,2.43,1.26,2.11,-6.74
2019-08-27,44050,2.43,1.26,3.28,-5.78
2019-08-28,44150,2.43,1.47,3.76,-2.11
2019-08-29,43400,2.43,1.46,3.83,-3.77
2019-08-30,44000,2.43,1.46,3.41,-2.44
2019-09-02,43800,2.17,3.47,3.06,-2.88
2019-09-03,43250,1.98,0.88,-1.26,-4.1
2019-09-04,44100,2.12,1.18,1.5,-1.67
2019-09-05,45700,1.48,1.65,4.1,3.28
2019-09-06,46300,1.48,1.65,5.47,5.23
2019-09-09,46900,1.74,1.9,6.11,7.08
2019-09-10,47000,1.74,1.9,4.91,7.31
2019-09-11,47150,1.74,2,5.13,8.02
2019-09-16,47100,2.19,2.46,7.05,6.56
2019-09-17,46900,2.19,2.46,6.83,6.11
2019-09-18,47700,2.19,2.51,7.55,9.15
2019-09-19,49150,1.99,2.3,8.38,11.96
2019-09-20,49200,1.99,2.3,8.13,11.69
2019-09-23,49300,2.06,2.53,7.88,5.91
2019-09-24,49500,3.13,3.61,8.79,6.34
2019-09-25,48900,3.13,4.49,7.24,7.47
2019-09-26,49200,3.13,4.49,7.66,8.73
2019-09-27,48400,3.13,5.04,4.09,6.73
2019-09-30,49050,3.39,5.82,4.36,9.85
2019-10-01,48850,6.25,6.59,4.83,8.43
2019-10-02,47600,4.13,6.6,2.92,4.04
2019-10-04,48000,4.71,7.04,4.35,2.24
2019-10-07,47750,4.71,7.57,4.6,1.92
2019-10-08,48900,5.5,10.15,10.14,4.82
2019-10-10,48550,6.06,11.01,6.59,3.96
2019-10-11,49150,6.06,11.01,6.39,6.27
2019-10-14,50000,6.06,11.01,7.99,6.72
2019-10-15,50100,6.06,11.01,7.86,6.48
2019-10-16,50700,6.09,11.04,8.22,7.3
2019-10-17,50500,6.09,11.04,9.66,7.33
2019-10-18,49900,6.09,11.04,8.24,9.43
2019-10-21,50300,6.3,11.04,7.48,11.04
2019-10-22,51200,6.22,10.96,8.47,12.9
2019-10-23,51200,6.15,10.96,8.25,13.27
2019-10-24,50700,5.04,10.96,9.27,13.3
2019-10-25,50900,5.04,10.96,7.84,14
2019-10-28,51300,5.35,11.28,8.8,14.38
2019-10-29,51100,5.35,11.28,10.85,10.73
2019-10-30,50400,5.09,11.28,8.27,9.92
2019-10-31,50400,5.07,11.23,11.14,9.92
2019-11-01,51200,6.28,12.89,13.27,11.67
2019-11-04,52300,5.73,13.05,16.35,15.45
2019-11-05,52700,5.73,12.35,19.91,16.34
2019-11-06,53300,5.73,12.35,22.53,17.66
2019-11-07,52900,5.73,12.35,22.45,17.95
2019-11-08,52100,4.95,12.35,22.16,17.74
2019-11-11,51600,4.21,12.44,19.58,20.28
2019-11-12,52600,4.22,12.49,20.37,22.61
2019-11-13,52500,4.22,12.95,22.09,23.09
2019-11-14,52800,4.22,12.95,20.82,23.8
2019-11-15,53700,4.22,12.95,22.88,26.2
2019-11-18,53500,4.19,12.95,21.87,29.85
2019-11-19,53500,3.75,12.48,22.71,29.85
2019-11-20,52000,3.75,12.48,16.99,23.81
2019-11-21,51000,3.75,12.48,14.61,18.19
2019-11-22,51600,3.83,12.48,17.14,18.62
2019-11-25,51800,2.99,11.57,17.86,21.31
2019-11-26,51800,2.99,11.57,18.81,21.31
2019-11-27,52200,2.99,11.57,18.5,22.39
2019-11-28,51300,2.77,11.66,16.19,20.56
2019-11-29,50300,2.77,11.66,15.9,20.33
2019-12-02,50400,1,11.83,15.07,18.59
2019-12-03,49900,1,12.04,15.38,13.93
2019-12-04,49450,1.3,12.16,12.13,13.81
2019-12-05,49500,1.3,12.16,8.31,12.76
2019-12-06,50400,1.3,12.16,8.86,14.81
2019-12-09,51200,1.3,11.88,9.17,15.84
2019-12-10,51500,1.3,11.88,9.57,14.96
2019-12-11,51900,0.83,11.43,10.07,15.72
2019-12-12,53300,0.82,11.43,13.04,19.51
2019-12-13,54700,0.82,11.43,16.01,25.03
2019-12-16,54700,0.82,11.43,16.14,24.32
2019-12-17,56700,0.82,11.43,20.9,29.16
2019-12-18,56300,0.82,11.43,18.03,26.94
2019-12-19,56000,1.28,11.7,13.94,23.48
2019-12-20,56000,1.65,12.1,13.82,23.08
2019-12-23,55500,1.76,12.15,12.58,21.44
2019-12-24,55000,1.76,10.98,11.11,20.88
2019-12-26,55400,2.59,10.98,12.6,21.23
2019-12-27,56500,2.73,11.14,16.74,21.51
2019-12-30,55800,2.65,10.86,13.76,18.72
2020-01-02,55200,4.6,12.33,15.97,19.35
2020-01-03,55500,4.93,12.69,16.6,22.25
2020-01-06,55500,4.45,11.88,15.63,21.58
2020-01-07,55800,4.45,11.88,16.86,22.23
2020-01-08,56800,5.14,11.77,16.16,27.93
2020-01-09,58600,6.48,13.2,19.84,29.93
2020-01-10,59500,7.77,13.68,22.55,30.63
2020-01-13,60000,9.48,15.03,22.08,29.59
2020-01-14,60000,9.93,15.5,20,29.59
2020-01-15,59000,9.93,15.5,17.76,27.02
2020-01-16,60700,9.93,15.47,19.72,29.56
2020-01-17,61300,9.93,15.47,21.39,33.12
2020-01-20,62400,9.5,15.47,25.05,33.33
2020-01-21,61400,9.5,15.48,22.07,31.2
2020-01-22,62300,9.5,15.56,21.68,31.99
2020-01-23,60800,9.38,15.56,18.75,28.54
2020-01-28,58800,9.22,15.23,14.62,24.71
2020-01-29,59100,9.22,15.23,15.66,28.2
2020-01-30,57200,9.4,15.41,13.49,22.88
2020-01-31,56400,7.6,13.53,11.9,24.37
2020-02-03,57200,6.04,12.39,11.72,27.25
2020-02-04,58900,6.04,12.45,12.62,31.03
2020-02-05,59500,6.04,12.45,12.9,35.38
2020-02-06,61100,6.28,12.45,14.63,40.46
2020-02-07,60400,6.28,12.45,14.18,39.81
2020-02-10,59700,3,12.45,14.59,38.35
2020-02-11,59900,3,12.37,16.09,38.82
2020-02-12,60500,3,12.36,15.02,38.44
2020-02-13,60700,1.8,12.36,15.62,41.16
2020-02-14,61800,1.38,12.36,17.05,41.42
2020-02-17,61500,1.38,12.36,14.53,40.09
2020-02-18,59800,1.38,12.36,11.78,36.22
2020-02-19,60200,1.47,12.93,12.52,38.07
2020-02-20,60000,1.47,12.93,15.38,34.98
2020-02-21,59200,1.46,12.93,16.08,33.03
2020-02-24,56800,1.46,12.93,10.08,29.24
2020-02-25,57900,1.46,13.85,11.78,31.74
2020-02-26,56500,1.46,13.85,9.07,29.59
2020-02-27,55900,1.46,13.85,7.09,26.9
2020-02-28,54200,1.46,13.76,5.65,22.76
2020-03-02,55000,5.67,14.26,9.13,25.57
2020-03-03,55400,2.69,14.26,11.02,28.09
2020-03-04,57400,2.69,13.99,16.08,30.16
2020-03-05,57800,2.69,13.99,16.77,26.48
2020-03-06,56500,2.69,13.99,12.1,22.03
2020-03-09,54200,2.69,13.99,5.86,15.57
2020-03-10,54600,2.9,14.22,6.02,16.17
2020-03-11,52100,3.14,14.94,0.39,10.5
2020-03-12,50800,3.14,14.94,-4.69,7.74
2020-03-13,49950,3.14,14.94,-8.68,5.94
2020-03-16,48900,2.72,14.47,-10.6,3.82
2020-03-17,47300,2.52,14.25,-16.58,0.85
2020-03-18,45600,2.08,13.76,-19.01,-4.4
2020-03-19,42950,0.94,12.55,-23.3,-12.61
2020-03-20,45400,0.94,12.15,-18.93,-7.72
2020-03-23,42500,0.87,11.94,-23.42,-13.79
2020-03-24,46950,0.02,11,-14.64,-5.15
2020-03-25,48650,0.02,11,-11.55,-0.51
2020-03-26,47800,-0.53,10.39,-13.72,-2.85
2020-03-27,48300,-0.53,10.24,-14.51,-0.21
2020-03-30,47850,-0.69,10.06,-14.25,-2.45
2020-03-31,47750,-1.51,9.14,-14.43,-2.65
2020-04-01,45800,1.11,12.05,-17.92,-6.24
2020-04-02,46800,-2.18,6.86,-15.22,-1.68
2020-04-03,47000,-3.21,5.4,-15.32,-1.26
2020-04-06,48700,-3.65,5.16,-12.25,1.46
2020-04-07,49600,-6.89,1.62,-11.11,3.87
2020-04-08,48600,-8.98,-1.31,-14.44,-0.61
2020-04-09,49100,-9.43,-3.04,-16.21,0.41
2020-04-10,49250,-9.62,-4.2,-17.23,1.44
2020-04-13,48300,-9.83,-5.32,-19.5,-1.73
2020-04-14,49000,-9.82,-5.71,-18.33,-2
2020-04-16,49000,-9.45,-5.71,-19.28,-3.35
2020-04-17,51400,-9.27,-5.71,-16.15,1.78
2020-04-20,50100,-7.94,-5.71,-19.71,0.4
2020-04-21,49250,-7.94,-5.71,-19.79,-2.09
2020-04-22,49850,-7.94,-5.71,-19.98,-2.64
2020-04-23,49850,-7.87,-5.71,-18.01,-2.64
2020-04-24,49350,-7.09,-5.71,-18.83,-2.66
2020-04-27,49850,-6.58,-5.71,-18.01,-2.06
2020-04-28,50100,-6.58,-5.71,-14.8,-2.34
2020-04-29,50000,-7.52,-6.66,-15.4,-2.15
2020-05-04,48500,-6.95,-7.52,-17.66,-7.27
2020-05-06,49200,-6.53,-7.52,-19.48,-7.69
2020-05-07,48800,-3.68,-7.9,-19.21,-7.75
2020-05-08,48800,-1.47,-7.9,-19.21,-6.33
2020-05-11,48400,-0.98,-7.9,-19.2,-6.2
2020-05-12,47900,-0.98,-7.9,-20.83,-8.94
2020-05-13,48550,-1.19,-8.1,-20.02,-7.52
2020-05-14,48000,-1.19,-8.09,-22.33,-9.09
2020-05-15,47850,-1.19,-8.09,-22.57,-10.89
2020-05-18,48800,-1.19,-8.09,-18.39,-8.79
2020-05-19,50300,-1.19,-8.17,-16.45,-5.98
2020-05-20,50000,-1.19,-8.17,-16.67,-3.85
2020-05-21,49950,-1.19,-8.17,-15.63,-2.06
2020-05-22,48750,-1.21,-8.19,-17.65,-5.52
2020-05-25,48850,-1.44,-8.41,-15.63,-5.7
2020-05-26,49250,-2.12,-9.04,-12.83,-4.92
2020-05-27,49900,-2.12,-9.04,-10.73,-4.41
2020-05-28,50400,-2.12,-9.04,-7.01,-1.75
2020-05-29,50700,-1.12,-9.04,-6.46,0.8
2020-06-01,51200,1,-7.08,-5.54,1.79
2020-06-02,51400,1.04,-9.41,-6.55,1.98
2020-06-03,54500,1.04,-9.41,-1.62,9.22
2020-06-04,54600,0.59,-9.41,-4.88,10.41
2020-06-05,55500,0.72,-9.29,-3.98,12.12
2020-06-08,54900,1.06,-9.37,-2.83,8.93
2020-06-09,55500,1.05,-9.37,2.4,8.4
2020-06-10,55400,1.05,-9.56,1.47,7.57
2020-06-11,54300,1.05,-9.77,4.22,4.62
2020-06-12,52300,0.73,-10.06,2.95,-1.88
2020-06-15,49900,0.49,-10.45,-0.1,-8.78
2020-06-16,52100,-0.13,-10.63,6.54,-4.75
2020-06-17,52200,-0.13,-10.46,10.36,-7.94
2020-06-18,52300,-0.24,-10.18,14.69,-7.1
2020-06-19,52900,-0.24,-9.25,23.17,-5.54
2020-06-22,52000,-0.15,-9.18,14.54,-7.14
2020-06-23,51400,-0.74,-9.66,20.94,-7.39
2020-06-24,52900,-0.74,-8.9,12.67,-3.82
2020-06-25,51900,-0.51,-8.9,6.68,-5.64
2020-06-26,53300,0.18,-8.39,11.51,-3.79
2020-06-29,52400,0.36,-8.23,8.49,-7.26
2020-06-30,52800,0.36,-8.08,10.34,-5.38
2020-07-01,52600,1.51,-6.71,14.85,-5.73
2020-07-02,52900,0.61,-6.83,13.03,-4.17
2020-07-03,53600,0.78,-5.67,14.04,-3.42
2020-07-06,55000,0.47,-5.41,12.94,-0.9
2020-07-07,53400,0.36,-2.23,7.66,-4.3
2020-07-08,53000,0.38,-0.05,9.05,-6.69
2020-07-09,52800,0.39,0.45,7.54,-9.9
2020-07-10,52700,0.39,0.45,7,-11.43
2020-07-13,53400,0.65,0.39,10.56,-11
2020-07-14,53800,0.65,0.38,9.8,-10.33
2020-07-15,54700,1.09,0.38,11.63,-7.29
2020-07-16,53800,1.72,0.38,9.8,-11.37
2020-07-17,54400,1.72,0.38,5.84,-11.26
2020-07-20,54200,2.13,0.68,8.18,-13.14
2020-07-21,55300,2.13,0.68,12.28,-9.93
2020-07-22,54700,2.05,0.68,9.73,-12.2
2020-07-23,54100,2.67,0.68,8.53,-11.02
2020-07-24,54200,2.67,0.68,9.83,-10.86
2020-07-27,55600,2.67,0.68,11.53,-8.55
2020-07-28,58600,2.67,0.68,16.97,-0.34
2020-07-29,59000,2.49,1.7,18,-0.17
2020-07-30,59000,1.94,1.16,18,3.15
2020-07-31,57900,0.29,-0.48,15.8,2.66
2020-08-03,56800,0.1,1.92,13.6,-0.7
2020-08-04,57300,0.1,1.47,18.14,-2.72
2020-08-05,56900,0.01,1.39,17.32,-4.37
2020-08-06,58000,0.19,1.39,17.89,-5.07
2020-08-07,57500,0.3,1.81,17.83,-4.8
2020-08-10,57800,0.36,1.81,18.44,-3.18
2020-08-11,58200,0.36,1.81,20.25,-2.84
2020-08-12,59000,0.36,1.81,23.17,-2.48
2020-08-13,58700,0.43,2.04,20.91,-3.29
2020-08-14,58000,0.43,2.02,20.83,-6.15
2020-08-18,58400,0.43,2.02,19.67,-2.34
2020-08-19,57800,0.43,2.02,14.91,-3.99
2020-08-20,55400,0.14,2.02,10.8,-7.67
2020-08-21,55900,0.14,2.02,11.91,-5.57
2020-08-24,56100,0.14,2.04,15.08,-1.23
2020-08-25,56400,0.14,2.29,15.46,-2.59
2020-08-26,56400,-0.06,2.79,14.52,-0.18
2020-08-27,55600,-0.06,2.79,11.42,-0.54
2020-08-28,55400,-0.06,2.79,9.92,2.21
2020-08-31,54000,2.13,2.79,6.51,-0.37
2020-09-01,54200,4.5,2.97,5.86,0
2020-09-02,54400,4.26,2.7,5.84,-1.09
2020-09-03,56400,1.8,2.7,3.49,1.8
2020-09-04,55600,1.81,2.71,1.83,-3.14
2020-09-07,56500,1.59,2.26,1.8,0
2020-09-08,58700,1.7,2.47,6.92,3.89
2020-09-09,58400,1.95,2.72,5.23,7.75
2020-09-10,59200,2.19,2.96,6.86,8.42
2020-09-11,59000,2.19,2.96,8.66,13.24
2020-09-14,60400,3.4,4.51,15.49,20.92
2020-09-15,61000,3.62,5.2,22.24,22.12
2020-09-16,61000,4,6.24,17.08,24.74
2020-09-17,59500,4,6.24,13.98,25.79
2020-09-18,59300,3.89,6.25,13.38,30.04
2020-09-21,59200,3.89,6.25,11.91,30.4
2020-09-22,58200,3.89,6.17,11.92,28.19
2020-09-23,58600,3.89,6.81,14.01,37.88
2020-09-24,57800,4.1,7.02,9.26,23.11
2020-09-25,57900,4.46,7.4,11.56,19.01
2020-09-28,58200,5.52,8.28,9.19,20.5
2020-09-29,58200,5.52,8.08,11.07,20.5
2020-10-05,58700,5.84,7.86,9.51,24.89
2020-10-06,59000,5.84,8.05,7.27,21.15
2020-10-07,59900,6.5,8.51,12.17,20.77
2020-10-08,59700,6.9,9.12,12.64,22.84
2020-10-12,60400,10.03,12.85,14.61,22.64
2020-10-13,60900,10.28,13.17,14.04,26.09
2020-10-14,60900,9.01,13.19,13.2,24.29
2020-10-15,60000,8.77,13.19,9.69,22.45
2020-10-16,59500,8.37,13.19,10.59,21.43
2020-10-19,60000,8.49,13.19,10.29,16.73
2020-10-20,60900,8.49,12.87,12.36,21.56
2020-10-21,60900,8.49,12.87,10.13,23.65
2020-10-22,60100,8.49,12.87,9.87,20.56
2020-10-23,60200,8.49,12.87,11.28,20.76
2020-10-26,60400,7.9,12.87,11.44,22.39
2020-10-27,59800,7.9,12.87,7.55,19.96
2020-10-28,59000,7.02,12.87,0.68,17.76
2020-10-29,58100,7.29,13.15,-1.53,16.2
2020-10-30,56600,5.81,12.18,-4.07,13.2
2020-11-02,57400,7.74,16.11,-0.86,14.8
2020-11-03,58800,7.81,13.44,3.52,17.6
2020-11-04,58500,7.81,13.44,2.09,20.62
2020-11-05,60300,5.27,13.53,5.98,24.33
2020-11-06,60100,5.27,13.53,3.62,22.15
2020-11-09,60200,4.43,13.53,4.7,23.36
2020-11-10,60200,4.43,13.53,4.15,23.36
2020-11-11,61300,4.43,13.53,5.33,26.65
2020-11-12,61000,0.8,13.34,3.39,27.35
2020-11-13,63200,0.57,13.34,7.67,30.18
2020-11-16,66300,0.56,13.34,14.31,38.56
2020-11-17,65700,0.36,13.12,13.28,37.3
2020-11-18,64800,0.36,13.12,10.96,32.79
2020-11-19,64600,0.36,13.12,11.76,28.43
2020-11-20,64700,0.36,13.12,16.79,29.4
2020-11-23,67500,0.37,13.13,20.75,38.46
2020-11-24,67700,0.06,12.78,20.68,38.87
2020-11-25,66600,0.06,12.78,18.09,36.34
2020-11-26,68000,0.06,13,20.57,38.07
2020-11-27,68200,0.06,13,22.66,36.67
2020-11-30,66700,1.21,13,20.4,31.56
2020-12-01,67800,2.97,12.36,25.09,32.42
2020-12-02,69500,1.12,12.62,27.76,35.21
2020-12-03,69700,1.4,13,23.58,27.89
2020-12-04,71500,1.58,13.18,28.6,30.95
2020-12-07,72900,1.48,13.41,29.03,31.35
2020-12-08,71700,1.48,13.29,22.15,30.6
2020-12-09,73900,1.48,13.01,26.54,33.15
2020-12-10,72900,1.19,12.42,23.14,31.59
2020-12-11,73400,1.33,12.58,24.41,35.17
2020-12-14,73800,1.85,11.64,22.19,41.11
2020-12-15,73800,1.86,11.41,20.98,47.9
2020-12-16,73800,1.96,11.11,20.98,41.65
2020-12-17,73300,2.16,11.11,23.19,40.42
2020-12-18,73000,2.32,11.41,23.1,39.58
2020-12-21,73000,2.32,11.41,23.31,38
2020-12-22,72300,2.32,11.41,24.23,39.04
2020-12-23,73900,2.34,11.43,26.11,43.77
2020-12-24,77800,2.69,11.26,34.6,47.07
2020-12-28,78700,2.77,10.06,35.22,47.65
2020-12-29,78300,2.78,10.07,34.54,49.43
2020-12-30,81000,2.8,10.08,39.18,53.41
2021-01-04,83000,3.05,12.85,42.61,54.85
2021-01-05,83900,3.04,10.19,42.93,56.53
2021-01-06,82200,3.46,10.64,39.32,49.45
2021-01-07,82900,3.56,10.29,38.4,55.24
2021-01-08,88800,3.51,9.69,48.74,67.55
2021-01-11,91000,3.12,9.12,52.43,72.68
2021-01-12,90600,3.42,5.81,50,71.92
2021-01-13,89700,3.42,5.57,47.29,67.98
2021-01-14,89700,3.07,5.56,47.29,66.73
2021-01-15,88000,3.06,5.56,46.67,60.88
2021-01-18,85000,2.79,5.56,42.86,56.25
2021-01-19,87000,2.79,5.56,45,59.93
2021-01-20,87200,2.79,5.56,43.19,60.89
2021-01-21,88100,2.79,5.56,44.66,59.31
2021-01-22,86800,2.79,5.56,44.43,58.68
2021-01-25,89400,2.73,5.56,48.5,64.94
2021-01-26,86700,2.73,5.56,43.54,59.96
2021-01-27,85600,2.73,5.56,43.14,53.96
2021-01-28,83700,2.66,5.57,41.86,42.83
2021-01-29,82000,1.67,4.3,41.14,38.98
2021-02-01,83000,3.18,7.35,46.64,43.35
2021-02-02,84400,3.18,5.42,47.04,45.77
2021-02-03,84600,3.18,5.36,43.88,48.94
2021-02-04,82500,0.66,5.36,41.03,43.98
2021-02-05,83500,0.67,5.37,38.47,46.75
2021-02-08,83000,0.31,5.37,38.1,44.35
2021-02-09,82700,0.31,5.37,37.38,43.83
2021-02-10,81600,0.31,5.37,35.55,41.18
2021-02-15,84200,0.1,5.08,33.23,45.17
2021-02-16,84900,0.1,5.08,28.05,46.38
2021-02-17,83200,0.08,5.26,26.64,43.45
2021-02-18,82100,0.08,5.26,26.7,40.58
2021-02-19,82600,0.08,5.26,27.86,42.91
2021-02-22,82200,0.08,5.26,27.05,47.05
2021-02-23,82000,0.12,5.29,21.48,46.69
2021-02-24,82000,0.12,5.62,21.12,46.17
2021-02-25,85300,0.12,5.62,28.08,51.24
2021-02-26,82500,-0.26,5.22,21.32,46.28
2021-03-02,83600,1.48,5.79,20.29,53.68
2021-03-03,84000,1.43,5.39,20.52,48.94
2021-03-04,82400,1.59,5.38,15.24,48.2
2021-03-05,82100,1.59,5.38,14.83,47.66
2021-03-08,82000,1.59,5.48,14.37,39.69
2021-03-09,81400,1.59,5.48,10.15,39.38
2021-03-10,80900,1.59,5.79,10.97,36.66
2021-03-11,82000,1.59,5.64,11.72,38.98
2021-03-12,82800,1.51,5.56,12.81,40.34
2021-03-15,81800,1.97,5.19,10.84,34.1
2021-03-16,82800,2.25,5.37,12.2,35.74
2021-03-17,82300,2.27,5.37,12.28,38.32
2021-03-18,82900,2.27,5.2,13.56,39.8
2021-03-19,81900,2.34,5.27,12.19,38.11
2021-03-22,82000,2.34,5.27,13.42,40.89
2021-03-23,81800,2.52,5.49,10.69,39.59
2021-03-24,81000,2.06,4.97,4.11,40.14
2021-03-25,81200,2.79,5.72,4.37,40.24
2021-03-26,81500,3.06,5.6,4.76,40.76
2021-03-29,81600,3.06,5.5,4.21,40.21
2021-03-30,82200,3.83,6.28,1.48,41.24
2021-03-31,81400,4.3,6.76,0.49,39.86
2021-04-01,82900,6.93,9.45,2.35,42.44
2021-04-02,84800,4.75,9.67,4.69,45.7
2021-04-05,85400,4.44,6.81,1.79,45.49
2021-04-06,86000,4.49,6.42,4.62,45.76
2021-04-07,85600,4.08,6.01,3.26,42.9
2021-04-08,84700,3.7,5.68,-4.62,41.88
2021-04-09,83600,3.7,5.68,-5.86,40.03
2021-04-12,83200,4.13,6.28,-8.17,37.75
2021-04-13,84000,4.13,6.28,-6.35,37.93
2021-04-14,84000,4.29,6.44,-6.35,37.93
2021-04-15,84100,4.29,6.44,-4.43,40.17
2021-04-16,83900,4,6.44,-4.66,41.01
2021-04-19,83300,4.04,6.55,-4.25,38.83
2021-04-20,83900,4.04,6.55,-3.78,37.77
2021-04-21,82600,4.04,6.55,-6.24,35.63
2021-04-22,82400,4.04,6.55,-5.07,37.1
2021-04-23,82800,3.69,6.44,-4.61,37.54
2021-04-26,83500,3.54,6.44,-3.69,38.25
2021-04-27,82900,3.54,6.44,-3.15,38.63
2021-04-28,82100,3.54,6.42,-1.91,39.15
2021-04-29,81700,3.72,7.64,-0.37,40.62
2021-04-30,81500,4.93,9.71,-0.61,43.99
2021-05-03,81700,3.85,10.39,-3.43,38.95
2021-05-04,82600,3.85,10.39,0.12,41.2
2021-05-06,82300,3.99,10.39,-1.44,36.94
2021-05-07,81900,4.4,10.39,-1.92,36.27
2021-05-10,83200,4.78,10.39,1.96,38.21
2021-05-11,81200,4.78,10.39,-0.49,32.46
2021-05-12,80000,4.43,10.39,-1.96,31.15
2021-05-13,78500,4.43,10.39,-3.8,24.21
2021-05-14,80100,4.27,10.39,-1.84,26.74
2021-05-17,79600,5.34,12.04,-4.33,21.16
2021-05-18,79600,5.34,12.04,-3.05,22.84
2021-05-20,79500,5.3,12.11,-3.75,22.87
2021-05-21,80100,4.87,11.66,-3.03,23.8
2021-05-24,79700,4.99,11.61,-2.8,17.73
2021-05-25,79900,5.02,11.65,-6.33,19.97
2021-05-26,79800,5.02,12.07,-3.27,17.35
2021-05-27,79600,5.02,12.07,-3.52,16.72
2021-05-28,80100,5.02,12.07,-2.91,17.45
2021-05-31,80500,2.86,12.07,-2.42,20.69
2021-06-01,80600,3.88,13.18,-2.3,18.88
2021-06-02,80800,3.88,10.65,-3.35,16.26
2021-06-03,82800,1.71,10.7,-1.43,18.79
2021-06-04,82200,2.03,10.86,-0.24,14.96
2021-06-07,81900,2.03,10.86,-0.24,12.35
2021-06-08,81900,2.33,11.19,-0.12,14.23
2021-06-09,81100,2.33,11.19,-0.37,9.74
2021-06-10,81000,2.33,11.19,0.12,11.11
2021-06-11,81000,2.33,11.19,-1.22,10.35
2021-06-14,80500,2.33,11.28,-2.78,9.08
2021-06-15,80900,2.33,11.28,-1.1,9.62
2021-06-16,81800,2.33,10.98,-1.21,10.84
2021-06-17,80900,1.23,10.91,-1.7,10.37
2021-06-18,80500,1.23,10.91,-2.9,10.27
2021-06-21,79900,1.58,10.83,-2.44,9.45
2021-06-22,80000,1.58,10.83,-2.44,10.65
2021-06-23,80100,1.95,10.99,-2.08,8.39
2021-06-24,81200,2.9,12.53,0.25,4.37
2021-06-25,81600,2.87,11.74,0.49,4.88
2021-06-28,81900,2.71,11.69,0.49,4.07
2021-06-29,81000,2.9,11.9,-0.74,3.45
2021-06-30,80700,3.13,11.31,-1.82,-0.37
2021-07-01,80100,3.2,9.24,-3.38,-1.11
2021-07-02,80000,3.2,9.02,-5.66,-1.23
2021-07-05,80400,2.89,9.21,-5.85,-4.17
2021-07-06,81200,2.89,9.16,-5.58,-1.22
2021-07-07,80800,3.28,10.01,-5.61,-2.53
2021-07-08,79900,4.66,12.21,-5.67,-10.02
2021-07-09,79400,4.66,12.21,-5.02,-10.59
2021-07-12,79700,4.66,11.84,-4.21,-12.03
2021-07-13,79800,4.66,11.84,-5,-11.04
2021-07-14,79500,4.66,11.67,-5.36,-11.37
2021-07-15,80600,4.66,11.67,-4.16,-8.41
2021-07-16,79800,4.66,11.67,-4.89,-9.32
2021-07-19,79000,4.72,11.56,-5.16,-9.2
2021-07-20,79000,4.72,11.56,-5.84,-9.4
2021-07-21,78500,4.72,11.56,-4.96,-10.9
2021-07-22,79700,4.72,11.56,-3.28,-8.18
2021-07-23,79300,4.34,11.68,-4.23,-8.64
2021-07-26,78800,3.37,11.68,-5.63,-9.11
2021-07-27,78500,3.37,11.68,-5.31,-8.29
2021-07-28,79200,3.53,11.68,-3.53,-5.38
2021-07-29,79000,3.52,11.68,-3.3,-3.66
2021-07-30,78500,6.38,12.84,-3.68,-4.27
2021-08-02,79300,6.79,14.49,-2.7,-6.04
2021-08-03,81400,6.85,12.16,-0.37,-3.78
2021-08-04,82900,6.85,12.16,0.36,0.48
2021-08-05,82100,6.85,12.16,-0.61,-1.68
2021-08-06,81500,6.85,12.16,-0.97,-2.4
2021-08-09,81500,4.72,12.16,-0.49,-1.45
2021-08-10,80200,4.72,12.16,-3.61,-1.72
2021-08-11,78500,4.72,12.16,-3.33,-3.8
2021-08-12,77000,4.72,12.16,-3.75,-5.64
2021-08-13,74400,4.72,12.16,-5.22,-8.82
2021-08-17,74200,4.72,11.02,-6.78,-10.82
2021-08-18,73900,4.29,10.56,-7.16,-9.99
2021-08-19,73100,4.29,10.56,-8.17,-11.5
2021-08-20,72700,4.29,10.49,-8.55,-11.99
2021-08-23,73300,4.29,10.94,-8.49,-10.61
2021-08-24,75600,4.29,10.94,-5.14,-7.8
2021-08-25,75700,4.29,10.9,-5.26,-11.25
2021-08-26,74600,4.29,10.9,-6.52,-9.58
2021-08-27,74300,4.29,10.9,-6.66,-9.94
2021-08-30,74600,1.09,10.9,-6.87,-9.58
2021-08-31,76700,1.09,10.9,-4.72,-7.03
2021-09-01,76800,2.63,11.49,-4.71,-6.91
2021-09-02,76000,1.16,11.49,-5.94,-9.09
2021-09-03,76600,1.11,11.49,-7.49,-8.81
2021-09-06,77300,0.53,10.51,-5.96,-5.85
2021-09-07,76100,0.53,10.51,-7.08,-7.31
2021-09-08,76300,0.19,9.81,-6.84,-6.95
2021-09-09,75300,-0.47,9.09,-7.15,-7.49
2021-09-10,75300,-0.47,9.09,-7.04,-6.92
2021-09-13,76300,-0.47,9.09,-5.8,-7.85
2021-09-14,76600,-1.64,7.81,-4.84,-7.49
2021-09-15,77000,-1.83,7.6,-4.82,-5.87
2021-09-16,76100,-1.84,7.59,-6.97,-8.09
2021-09-17,77200,-1.96,7.52,-4.57,-6.2
2021-09-23,77400,-1.55,7.13,-3.37,-5.38
2021-09-24,77300,-1.55,6.14,-4.8,-4.57
2021-09-27,77700,-1.55,6.14,-4.78,-4.66
2021-09-28,76300,-1.55,6.3,-6.84,-6.38
2021-09-29,74100,-1.75,5.89,-8.52,-9.19
2021-09-30,74100,-1.65,5.76,-8.18,-9.85
2021-10-01,73200,-2.13,5.73,-8.61,-11.7
2021-10-05,72200,-1.44,6.47,-10.2,-15.46
2021-10-06,71300,-2.27,4.97,-12.19,-17.09
2021-10-07,71600,-2.27,4.57,-11.39,-16.36
2021-10-08,71500,-2.51,2.29,-10.51,-15.58
2021-10-12,69000,-5.42,-1.41,-13.43,-17.07
2021-10-13,68800,-5.42,-1.41,-13.78,-18.1
2021-10-14,69400,-4.3,-1.41,-12.7,-17.38
2021-10-15,70100,-4.24,-1.55,-13.03,-16.65
2021-10-18,70200,-4.11,-1.55,-12.03,-16.33
2021-10-19,70600,-4.2,-1.64,-10.63,-15.25
2021-10-20,70300,-4.93,-2.39,-11.01,-16.21
2021-10-21,70200,-4.93,-2.39,-10.57,-15.01
2021-10-22,70400,-4.93,-2.39,-11.67,-14.56
2021-10-25,70200,-4.93,-2.39,-11.48,-15.22
2021-10-26,71100,-4.93,-2.39,-9.77,-14.85
2021-10-27,70100,-4.93,-2.39,-10.7,-15.44
2021-10-28,70700,-4.98,-2.43,-10.73,-13.89
2021-10-29,69800,-5.81,-3.66,-11.65,-14.57
2021-11-01,69900,-6.5,-6.07,-10.96,-14.23
2021-11-02,71500,-6.5,-7.42,-9.84,-12.27
2021-11-03,70400,-6.5,-7.47,-13.51,-13.83
2021-11-04,70600,-6.5,-7.47,-14.84,-14.53
2021-11-05,70200,-7.15,-7.47,-14.49,-15.01
2021-11-08,70600,-5.27,-7.47,-13.37,-13.8
2021-11-09,70500,-5.27,-7.47,-13.5,-13.92
2021-11-10,70200,-5.27,-7.47,-12.47,-15.63
2021-11-11,69900,-5.26,-7.46,-10.96,-13.92
2021-11-12,70600,-1.7,-7.46,-8.31,-11.75
2021-11-15,71400,-1.56,-7.46,-4.03,-10.86
2021-11-16,71300,-1.78,-7.66,-4.17,-10.99
2021-11-17,70700,-1.77,-7.65,-4.72,-11.18
2021-11-18,70200,-1.77,-7.27,-5.01,-11.81
2021-11-19,71200,-1.68,-7.27,-2.6,-10.55
2021-11-22,74900,-0.93,-7.27,3.03,-6.49
2021-11-23,75300,-0.93,-7.27,2.73,-5.99
2021-11-24,74800,-0.97,-7.31,-1.06,-6.15
2021-11-25,73700,-0.97,-7.31,-2.64,-7.76
2021-11-26,72300,-0.97,-7.31,-3.08,-9.4
2021-11-29,72300,-0.04,-7.5,-2.69,-9.74
2021-11-30,71300,-0.04,-7.5,-4.42,-10.99
2021-12-01,74400,-0.09,-8.56,-3.13,-7.69
2021-12-02,75800,-0.09,-8.56,-0.26,-6.19
2021-12-03,75600,-0.09,-8.56,-1.31,-8.7
2021-12-06,76300,-0.09,-8.03,-1.29,-7.18
2021-12-07,77400,-0.09,-8.03,1.71,-5.49
2021-12-08,77400,-0.09,-7.73,1.44,-5.49
2021-12-09,78200,-0.09,-7.12,3.85,-3.58
2021-12-10,76900,-0.09,-7.12,2.12,-5.06
2021-12-13,76800,-0.1,-7.12,0.66,-5.19
2021-12-14,77000,-0.1,-6.01,0.52,-4.35
2021-12-15,77600,-0.1,-5.83,0.78,-4.08
2021-12-16,77800,0.12,-5.82,2.23,-4.89
2021-12-17,78000,0.11,-5.71,1.04,-3.58
2021-12-20,77100,0.57,-5.27,-0.13,-4.22
2021-12-21,78100,0.58,-5.26,1.17,-2.25
2021-12-22,79400,0.58,-5.26,2.85,-0.75
2021-12-23,79900,0.58,-5.26,3.23,-0.25
2021-12-24,80500,0.63,-5.26,4.14,-0.86
2021-12-27,80200,0.63,-5.26,3.22,-1.72
2021-12-28,80300,0.63,-5.26,5.24,-1.95
2021-12-29,78800,0.83,-5.07,6.34,-2.72
2021-12-30,78300,0.83,-5.17,5.67,-2.97

