Date,MKF500,Value,Growth,KOSPI200
2001-01-06,"1,131.12","1,141.80","1,131.39",73.15
2001-01-13,"1,164.66","1,157.34","1,159.32",74.04
2001-01-20,"1,250.57","1,200.56","1,303.95",78.60
2001-01-27,"1,200.55","1,203.95","1,227.61",74.64
2001-02-03,"1,234.64","1,228.21","1,296.25",76.70
2001-02-10,"1,205.78","1,223.27","1,252.91",74.91
2001-02-17,"1,238.17","1,274.08","1,308.97",76.08
2001-02-24,"1,186.03","1,291.25","1,222.20",72.90
2001-03-03,"1,122.23","1,225.78","1,149.77",69.84
2001-03-10,"1,142.16","1,235.38","1,185.43",70.55
2001-03-17,"1,082.35","1,163.94","1,151.55",67.10
2001-03-24,"1,084.88","1,158.03","1,183.38",67.01
2001-03-31,"1,054.45","1,111.82","1,161.67",65.16
2001-04-07,"1,021.10","1,084.84","1,103.82",63.02
2001-04-14,"1,038.91","1,096.37","1,146.91",64.25
2001-04-21,"1,125.34","1,161.72","1,251.62",69.62
2001-04-28,"1,130.20","1,170.93","1,247.34",69.67
2001-05-05,"1,197.05","1,240.64","1,294.55",73.51
2001-05-12,"1,193.17","1,263.86","1,294.82",72.95
2001-05-19,"1,235.35","1,331.55","1,295.33",75.25
2001-05-26,"1,269.66","1,460.14","1,319.86",77.81
2001-06-02,"1,227.37","1,432.80","1,277.21",75.34
2001-06-09,"1,256.55","1,463.48","1,318.47",77.19
2001-06-16,"1,249.81","1,521.63","1,292.86",76.35
2001-06-23,"1,199.19","1,494.83","1,222.36",73.59
2001-06-30,"1,195.93","1,493.21","1,202.91",73.20
2001-07-07,"1,156.79","1,451.11","1,161.69",71.18
2001-07-14,"1,094.84","1,367.47","1,090.49",67.49
2001-07-21,"1,068.05","1,297.73","1,092.96",66.31
2001-07-28,"1,078.67","1,311.45","1,125.18",66.96
2001-08-04,"1,138.78","1,379.21","1,193.14",70.46
2001-08-11,"1,106.70","1,386.03","1,137.88",68.52
2001-08-18,"1,150.48","1,474.75","1,168.91",71.56
2001-08-25,"1,127.81","1,428.39","1,139.14",70.26
2001-09-01,"1,070.56","1,324.86","1,100.51",67.42
2001-09-08,"1,095.13","1,379.63","1,117.54",68.50
2001-09-15,944.28,"1,187.94",960.33,59.73
2001-09-22,909.76,"1,215.60",879.16,58.23
2001-09-29,929.42,"1,250.85",892.28,58.91
2001-10-06,974.36,"1,298.35",930.74,61.82
2001-10-13,"1,013.06","1,323.25","1,010.43",63.59
2001-10-20,"1,040.48","1,371.48","1,039.42",64.98
2001-10-27,"1,077.87","1,398.81","1,079.56",67.09
2001-11-03,"1,091.39","1,416.25","1,093.33",68.09
2001-11-10,"1,153.98","1,471.74","1,159.83",71.60
2001-11-17,"1,221.15","1,550.37","1,210.32",76.11
2001-11-24,"1,292.68","1,651.83","1,275.01",80.55
2001-12-01,"1,296.11","1,732.06","1,279.52",80.03
2001-12-08,"1,428.58","1,844.58","1,486.78",88.25
2001-12-15,"1,354.85","1,800.63","1,424.31",82.70
2001-12-22,"1,307.15","1,704.40","1,375.50",80.43
2001-12-29,"1,413.28","1,810.59","1,491.61",86.97
2002-01-05,"1,528.78","1,914.19","1,646.42",94.24
2002-01-12,"1,486.78","1,969.60","1,589.79",90.96
2002-01-19,"1,446.09","1,910.03","1,540.53",88.63
2002-01-26,"1,587.18","2,169.57","1,668.26",97.06
2002-02-02,"1,518.48","2,102.79","1,602.05",92.46
2002-02-09,"1,510.22","2,112.88","1,588.50",92.26
2002-02-16,"1,603.86","2,244.31","1,684.23",98.00
2002-02-23,"1,621.56","2,302.86","1,692.82",99.11
2002-03-02,"1,675.34","2,429.27","1,765.45",102.62
2002-03-09,"1,687.20","2,434.95","1,808.05",103.04
2002-03-16,"1,768.26","2,719.90","1,854.69",107.06
2002-03-23,"1,839.92","2,837.74","1,941.13",111.79
2002-03-30,"1,836.78","2,804.26","1,965.46",111.84
2002-04-06,"1,870.89","2,841.36","1,977.33",114.53
2002-04-13,"1,788.99","2,692.42","1,857.00",109.51
2002-04-20,"1,887.65","2,866.07","1,982.07",115.75
2002-04-27,"1,768.01","2,569.70","1,902.27",109.55
2002-05-04,"1,736.04","2,533.33","1,800.74",107.55
2002-05-11,"1,659.01","2,496.00","1,697.27",102.23
2002-05-18,"1,782.91","2,599.91","1,842.39",110.36
2002-05-25,"1,732.13","2,462.70","1,770.63",107.84
2002-06-01,"1,616.91","2,260.61","1,641.14",100.80
2002-06-08,"1,619.07","2,240.69","1,655.44",100.37
2002-06-15,"1,670.61","2,360.24","1,716.29",103.05
2002-06-22,"1,574.87","2,241.50","1,620.98",97.72
2002-06-29,"1,502.84","2,120.25","1,567.09",93.69
2002-07-06,"1,599.70","2,237.92","1,680.79",99.34
2002-07-13,"1,613.48","2,296.66","1,688.53",99.70
2002-07-20,"1,537.66","2,178.78","1,606.68",94.90
2002-07-27,"1,413.89","2,051.65","1,486.36",87.38
2002-08-03,"1,420.44","2,076.36","1,453.39",87.81
2002-08-10,"1,398.81","2,042.12","1,425.85",86.60
2002-08-17,"1,452.62","2,113.72","1,485.26",90.21
2002-08-24,"1,504.31","2,169.62","1,542.66",93.22
2002-08-31,"1,490.03","2,194.06","1,522.07",92.55
2002-09-07,"1,427.24","2,150.54","1,463.68",88.76
2002-09-14,"1,446.86","2,144.53","1,477.55",90.30
2002-09-21,"1,419.89","2,109.20","1,480.32",88.41
2002-09-28,"1,326.60","1,963.90","1,361.83",83.43
2002-10-05,"1,299.24","1,923.84","1,358.53",81.91
2002-10-12,"1,170.45","1,755.64","1,209.87",73.86
2002-10-19,"1,356.58","1,985.63","1,408.34",84.50
2002-10-26,"1,325.58","1,946.56","1,393.14",82.65
2002-11-02,"1,309.94","1,932.81","1,382.59",81.65
2002-11-09,"1,370.25","1,977.32","1,447.47",85.45
2002-11-16,"1,362.16","1,979.65","1,443.31",85.26
2002-11-23,"1,402.09","2,040.08","1,495.92",87.97
2002-11-30,"1,477.77","2,153.64","1,576.85",92.05
2002-12-07,"1,461.00","2,144.57","1,550.32",91.03
2002-12-14,"1,442.94","2,199.69","1,509.98",89.81
2002-12-21,"1,443.88","2,184.38","1,485.45",90.19
2002-12-28,"1,334.75","1,964.27","1,366.82",83.72
2003-01-04,"1,350.63","1,981.90","1,403.27",84.15
2003-01-11,"1,286.34","1,879.63","1,327.30",79.93
2003-01-18,"1,301.72","1,907.01","1,357.24",80.96
2003-01-25,"1,245.67","1,832.17","1,279.35",77.54
2003-02-01,"1,204.98","1,800.87","1,239.41",75.22
2003-02-08,"1,174.22","1,812.46","1,196.78",73.17
2003-02-15,"1,168.55","1,831.68","1,194.23",72.86
2003-02-22,"1,226.26","1,896.06","1,260.53",76.61
2003-03-01,"1,164.57","1,832.80","1,186.07",72.85
2003-03-08,"1,101.73","1,687.98","1,110.29",69.33
2003-03-15,"1,094.11","1,582.06","1,128.87",68.51
2003-03-22,"1,175.43","1,720.68","1,226.88",73.37
2003-03-29,"1,134.96","1,681.34","1,174.10",70.77
2003-04-05,"1,131.94","1,747.21","1,148.90",70.99
2003-04-12,"1,178.05","1,887.17","1,189.11",74.22
2003-04-19,"1,268.90","1,991.42","1,304.99",79.67
2003-04-26,"1,148.59","1,804.54","1,165.24",72.07
2003-05-03,"1,213.25","1,914.82","1,238.87",76.12
2003-05-10,"1,254.79","1,998.20","1,283.39",78.90
2003-05-17,"1,234.46","2,019.38","1,273.46",77.56
2003-05-24,"1,240.48","2,047.07","1,296.84",77.56
2003-05-31,"1,284.54","2,113.87","1,344.24",80.53
2003-06-07,"1,305.16","2,132.32","1,368.08",81.74
2003-06-14,"1,357.22","2,166.07","1,441.59",84.79
2003-06-21,"1,399.10","2,184.75","1,496.96",87.55
2003-06-28,"1,379.45","2,148.64","1,461.80",86.53
2003-07-05,"1,417.28","2,189.17","1,507.46",88.59
2003-07-12,"1,444.65","2,184.23","1,554.45",90.15
2003-07-19,"1,431.05","2,122.84","1,528.89",89.63
2003-07-26,"1,443.56","2,137.88","1,544.13",90.34
2003-08-02,"1,487.24","2,181.29","1,566.87",93.46
2003-08-09,"1,437.83","2,184.23","1,498.42",90.24
2003-08-16,"1,484.41","2,265.72","1,541.60",93.38
2003-08-23,"1,539.55","2,447.08","1,596.90",97.23
2003-08-30,"1,543.20","2,469.77","1,606.48",97.59
2003-09-06,"1,551.68","2,472.43","1,613.99",97.93
2003-09-13,"1,568.06","2,453.96","1,631.72",98.87
2003-09-20,"1,518.50","2,392.92","1,576.23",96.13
2003-09-27,"1,411.65","2,276.14","1,448.92",89.51
2003-10-04,"1,455.73","2,335.38","1,501.16",92.05
2003-10-11,"1,544.79","2,433.51","1,593.81",97.98
2003-10-18,"1,562.37","2,479.63","1,590.10",99.33
2003-10-25,"1,521.23","2,448.42","1,565.36",96.74
2003-11-01,"1,589.73","2,595.59","1,625.13",101.44
2003-11-08,"1,631.15","2,801.46","1,655.34",104.23
2003-11-15,"1,647.11","2,860.44","1,665.74",105.35
2003-11-22,"1,565.82","2,673.59","1,576.19",99.94
2003-11-29,"1,613.87","2,797.42","1,609.11",103.61
2003-12-06,"1,597.64","2,840.92","1,610.17",101.87
2003-12-13,"1,632.69","2,900.65","1,646.15",104.32
2003-12-20,"1,635.85","2,935.14","1,640.76",105.04
2003-12-27,"1,594.96","2,868.76","1,601.53",102.43
2004-01-03,"1,659.81","2,943.84","1,678.56",106.65
2004-01-10,"1,725.35","2,918.48","1,746.83",110.26
2004-01-17,"1,727.38","2,980.49","1,736.08",110.63
2004-01-24,"1,758.95","2,991.98","1,768.97",112.63
2004-01-31,"1,735.02","2,916.77","1,751.80",110.89
2004-02-07,"1,736.46","2,948.16","1,732.43",111.16
2004-02-14,"1,807.16","3,043.53","1,811.86",115.75
2004-02-21,"1,795.11","3,039.14","1,791.00",115.03
2004-02-28,"1,801.94","3,075.83","1,784.17",115.92
2004-03-06,"1,849.59","3,199.66","1,812.78",118.88
2004-03-13,"1,736.18","3,028.10","1,706.51",111.23
2004-03-20,"1,807.02","3,171.42","1,771.46",116.02
2004-03-27,"1,768.19","3,097.65","1,742.51",113.64
2004-04-03,"1,817.64","3,187.94","1,795.34",116.35
2004-04-10,"1,864.59","3,243.98","1,821.71",119.27
2004-04-17,"1,844.23","3,251.38","1,794.46",117.97
2004-04-24,"1,917.52","3,352.90","1,881.10",122.44
2004-05-01,"1,760.40","3,201.84","1,706.58",112.40
2004-05-08,"1,709.75","3,072.24","1,675.11",109.38
2004-05-15,"1,554.29","2,815.60","1,508.41",99.11
2004-05-22,"1,596.02","2,823.50","1,550.00",102.13
2004-05-29,"1,654.25","2,931.89","1,599.75",105.82
2004-06-05,"1,579.28","2,867.25","1,508.88",100.95
2004-06-12,"1,510.34","2,824.20","1,439.92",96.39
2004-06-19,"1,498.16","2,764.98","1,418.26",95.74
2004-06-26,"1,580.37","2,801.30","1,484.11",101.08
2004-07-03,"1,526.21","2,825.69","1,454.17",97.75
2004-07-10,"1,501.33","2,824.20","1,427.58",96.51
2004-07-17,"1,486.33","2,816.78","1,399.94",95.60
2004-07-24,"1,480.47","2,833.81","1,381.15",95.38
2004-07-31,"1,472.58","2,824.66","1,375.29",95.27
2004-08-07,"1,470.24","2,817.33","1,391.12",94.84
2004-08-14,"1,551.17","2,968.75","1,485.34",100.15
2004-08-21,"1,561.10","3,007.55","1,485.37",100.86
2004-08-28,"1,597.55","3,093.04","1,524.25",103.38
2004-09-04,"1,618.88","3,213.92","1,535.40",104.84
2004-09-11,"1,658.13","3,282.13","1,566.43",107.32
2004-09-18,"1,682.52","3,345.92","1,580.23",109.32
2004-09-25,"1,649.47","3,344.14","1,539.56",107.33
2004-10-02,"1,679.84","3,430.45","1,565.27",109.42
2004-10-09,"1,745.08","3,544.61","1,620.25",113.82
2004-10-16,"1,663.05","3,562.15","1,546.73",108.42
2004-10-23,"1,639.08","3,511.51","1,506.85",106.80
2004-10-30,"1,653.62","3,642.45","1,499.97",107.99
2004-11-06,"1,705.16","3,727.42","1,540.12",111.52
2004-11-13,"1,734.30","3,840.24","1,556.05",113.41
2004-11-20,"1,718.69","3,757.41","1,560.73",112.07
2004-11-27,"1,698.05","3,831.87","1,526.99",110.68
2004-12-04,"1,743.23","3,994.42","1,548.24",113.96
2004-12-11,"1,662.32","3,857.07","1,482.04",108.57
2004-12-18,"1,723.14","3,902.21","1,542.00",112.63
2004-12-25,"1,729.89","3,869.90","1,526.42",113.15
2005-01-01,"1,759.40","3,923.91","1,572.55",115.25
2005-01-08,"1,731.14","3,929.89","1,562.50",112.71
2005-01-15,"1,807.43","4,023.33","1,619.37",117.82
2005-01-22,"1,836.25","4,073.21","1,654.30",119.40
2005-01-29,"1,842.57","4,225.22","1,668.24",119.65
2005-02-05,"1,866.35","4,421.95","1,674.68",121.30
2005-02-12,"1,893.93","4,567.54","1,698.04",122.84
2005-02-19,"1,968.04","4,820.98","1,760.51",127.43
2005-02-26,"1,990.67","5,050.88","1,754.40",129.13
2005-03-05,"2,017.50","5,401.99","1,792.11",130.61
2005-03-12,"2,033.95","5,400.10","1,818.78",131.97
2005-03-19,"1,947.53","5,023.63","1,723.48",126.82
2005-03-26,"1,921.49","4,920.28","1,709.73",125.07
2005-04-02,"1,947.82","4,972.55","1,739.79",126.88
2005-04-09,"1,972.06","5,005.85","1,754.40",128.44
2005-04-16,"1,879.74","4,806.76","1,677.27",122.41
2005-04-23,"1,859.31","4,790.75","1,648.73",121.36
2005-04-30,"1,795.07","4,609.85","1,574.91",117.58
2005-05-07,"1,856.28","4,768.68","1,625.02",121.26
2005-05-14,"1,821.26","4,605.34","1,585.75",118.87
2005-05-21,"1,880.65","4,735.26","1,627.22",123.02
2005-05-28,"1,894.83","4,802.40","1,664.66",123.89
2005-06-04,"1,926.04","4,916.17","1,698.01",125.70
2005-06-11,"1,951.88","5,050.15","1,728.19",127.68
2005-06-18,"1,977.45","5,129.43","1,718.83",129.33
2005-06-25,"1,974.80","5,263.95","1,713.97",129.08
2005-07-02,"2,004.95","5,467.75","1,752.87",130.59
2005-07-09,"2,020.25","5,425.76","1,788.07",131.28
2005-07-16,"2,092.74","5,580.96","1,841.39",136.48
2005-07-23,"2,115.27","5,651.18","1,848.55",138.37
2005-07-30,"2,194.34","5,891.02","1,914.26",143.32
2005-08-06,"2,142.93","5,781.29","1,868.61",140.70
2005-08-13,"2,226.83","6,024.42","1,960.11",146.04
2005-08-20,"2,148.41","5,868.85","1,881.57",140.68
2005-08-27,"2,142.28","5,893.75","1,883.60",140.36
2005-09-03,"2,202.17","6,029.58","1,914.39",144.30
2005-09-10,"2,274.78","6,167.51","1,980.67",149.34
2005-09-17,"2,330.95","6,277.89","2,025.93",152.55
2005-09-24,"2,330.41","6,424.15","2,030.90",152.39
2005-10-01,"2,412.75","6,743.32","2,114.54",157.55
2005-10-08,"2,366.26","6,705.64","2,077.35",154.40
2005-10-15,"2,342.29","6,722.58","2,084.66",152.48
2005-10-22,"2,330.44","6,677.66","2,055.47",152.22
2005-10-29,"2,246.67","6,513.63","1,989.75",146.55
2005-11-05,"2,410.25","6,789.04","2,132.42",157.28
2005-11-12,"2,479.08","6,959.57","2,178.44",161.81
2005-11-19,"2,508.90","7,068.24","2,225.74",163.74
2005-11-26,"2,547.32","7,484.59","2,252.04",165.51
2005-12-03,"2,581.48","7,483.35","2,333.49",167.56
2005-12-10,"2,603.98","7,430.75","2,382.72",169.16
2005-12-17,"2,605.63","7,499.41","2,363.46",169.45
2005-12-24,"2,685.26","7,556.30","2,452.83",175.11
2005-12-31,"2,721.36","7,672.82","2,481.10",177.43
2006-01-07,"2,790.02","8,049.46","2,502.03",180.87
2006-01-14,"2,797.69","8,222.95","2,465.52",181.71
2006-01-21,"2,614.77","7,464.69","2,301.86",170.60
2006-01-28,"2,739.79","7,792.20","2,380.21",178.64
2006-02-04,"2,641.09","7,359.77","2,276.79",172.67
2006-02-11,"2,649.10","7,435.30","2,300.83",172.68
2006-02-18,"2,634.25","7,483.32","2,277.33",172.40
2006-02-25,"2,705.42","7,716.86","2,375.76",176.96
2006-03-04,"2,631.93","7,607.81","2,305.35",171.67
2006-03-11,"2,609.82","7,670.75","2,295.21",170.37
2006-03-18,"2,655.75","7,823.92","2,334.85",173.48
2006-03-25,"2,620.98","7,616.90","2,283.04",170.86
2006-04-01,"2,703.94","7,890.67","2,374.43",176.21
2006-04-08,"2,793.22","8,144.64","2,451.34",181.97
2006-04-15,"2,852.08","8,575.00","2,497.00",185.67
2006-04-22,"2,897.88","8,687.79","2,564.42",188.20
2006-04-29,"2,835.71","8,538.10","2,482.12",184.10
2006-05-06,"2,880.10","8,790.47","2,488.13",186.98
2006-05-13,"2,893.28","8,913.99","2,528.57",187.27
2006-05-20,"2,745.46","8,285.38","2,380.01",177.94
2006-05-27,"2,654.31","7,949.80","2,299.02",171.83
2006-06-03,"2,629.69","7,820.75","2,261.11",169.85
2006-06-10,"2,479.32","7,413.62","2,115.49",159.61
2006-06-17,"2,530.26","7,667.99","2,187.57",163.05
2006-06-24,"2,457.33","7,381.94","2,105.68",158.88
2006-07-01,"2,600.65","7,718.21","2,242.21",167.45
2006-07-08,"2,555.95","7,518.65","2,214.13",164.70
2006-07-15,"2,514.32","7,322.06","2,205.55",162.33
2006-07-22,"2,546.45","7,371.52","2,232.03",165.00
2006-07-29,"2,600.44","7,496.46","2,288.01",168.54
2006-08-05,"2,614.97","7,461.05","2,298.10",169.68
2006-08-12,"2,588.60","7,457.42","2,260.87",167.65
2006-08-19,"2,664.91","7,579.65","2,355.22",173.17
2006-08-26,"2,662.19","7,733.67","2,338.94",172.92
2006-09-02,"2,713.63","7,936.82","2,429.17",175.99
2006-09-09,"2,714.18","7,988.95","2,424.53",175.78
2006-09-16,"2,728.69","8,067.25","2,454.65",176.51
2006-09-23,"2,702.46","7,963.34","2,428.95",175.00
2006-09-30,"2,746.84","8,176.23","2,491.73",178.05
2006-10-07,"2,703.88","8,021.99","2,470.75",175.48
2006-10-14,"2,700.96","8,004.69","2,440.69",175.42
2006-10-21,"2,729.52","8,141.72","2,480.92",177.35
2006-10-28,"2,739.77","8,263.89","2,489.37",177.85
2006-11-04,"2,763.82","8,530.50","2,545.80",179.14
2006-11-11,"2,790.05","8,576.06","2,525.55",180.78
2006-11-18,"2,827.75","8,714.83","2,538.28",182.94
2006-11-25,"2,844.09","9,003.25","2,583.45",183.91
2006-12-02,"2,868.34","9,084.43","2,628.07",185.28
2006-12-09,"2,779.36","8,876.90","2,509.49",179.49
2006-12-16,"2,844.08","9,012.69","2,570.23",183.82
2006-12-23,"2,862.29","9,056.49","2,585.48",185.98
2006-12-30,"2,860.32","9,017.51","2,599.60",185.39
2007-01-06,"2,766.22","8,691.44","2,500.16",179.10
2007-01-13,"2,773.63","8,756.44","2,502.37",179.36
2007-01-20,"2,719.98","8,535.81","2,401.22",176.23
2007-01-27,"2,739.57","8,634.86","2,421.70",177.58
2007-02-03,"2,829.42","8,863.69","2,486.18",183.20
2007-02-10,"2,854.88","8,960.20","2,517.30",184.72
2007-02-17,"2,902.91","9,118.25","2,559.03",187.57
2007-02-24,"2,945.09","9,228.13","2,625.17",190.19
2007-03-03,"2,836.39","9,003.97","2,502.80",182.78
2007-03-10,"2,860.49","9,047.74","2,525.41",183.87
2007-03-17,"2,872.16","9,216.00","2,519.26",184.42
2007-03-24,"2,912.53","9,379.45","2,586.35",186.89
2007-03-31,"2,923.45","9,526.03","2,629.83",187.60
2007-04-07,"2,984.42","9,713.20","2,747.36",191.63
2007-04-14,"3,045.20","9,986.96","2,820.36",195.85
2007-04-21,"3,062.27","10,244.80","2,845.02",197.24
2007-04-28,"3,080.08","10,316.46","2,896.07",198.28
2007-05-05,"3,132.73","10,723.86","2,961.33",201.56
2007-05-12,"3,201.84","11,101.04","3,071.84",206.06
2007-05-19,"3,209.82","11,224.03","3,050.26",206.69
2007-05-26,"3,272.48","11,579.34","3,169.07",210.54
2007-06-02,"3,418.14","12,170.43","3,369.82",218.74
2007-06-09,"3,438.87","12,251.45","3,355.24",219.80
2007-06-16,"3,544.43","12,695.80","3,456.80",224.61
2007-06-23,"3,532.69","12,471.88","3,518.81",224.95
2007-06-30,"3,471.58","12,386.87","3,444.28",221.31
2007-07-07,"3,710.22","13,113.33","3,781.28",236.52
2007-07-14,"3,916.72","13,783.66","3,930.05",250.19
2007-07-21,"3,944.53","14,099.89","3,969.15",251.45
2007-07-28,"3,737.14","13,774.18","3,727.30",238.34
2007-08-04,"3,722.26","13,864.97","3,768.20",236.91
2007-08-11,"3,620.81","13,389.28","3,662.11",230.68
2007-08-18,"3,246.30","11,772.61","3,254.68",208.57
2007-08-25,"3,558.52","13,038.44","3,581.81",227.18
2007-09-01,"3,725.14","13,776.93","3,750.54",238.28
2007-09-08,"3,746.60","13,802.39","3,736.66",238.92
2007-09-15,"3,715.95","13,667.20","3,688.96",236.54
2007-09-22,"3,825.08","13,785.90","3,849.61",243.45
2007-09-29,"3,889.17","14,000.44","3,862.60",247.20
2007-10-06,"4,001.11","14,380.85","4,005.27",253.63
2007-10-13,"4,053.68","14,286.89","4,123.14",257.31
2007-10-20,"3,923.71","14,034.35","4,012.08",248.35
2007-10-27,"4,042.55","14,250.48","4,115.15",255.65
2007-11-03,"4,022.61","14,169.11","4,051.31",254.74
2007-11-10,"3,966.73","13,953.99","3,989.01",252.21
2007-11-17,"3,836.92","13,639.12","3,797.79",244.13
2007-11-24,"3,542.16","12,626.46","3,414.02",225.54
2007-12-01,"3,796.96","13,407.77","3,788.64",241.91
2007-12-08,"3,866.82","13,447.25","3,850.07",247.38
2007-12-15,"3,799.16","13,420.37","3,718.19",241.50
2007-12-22,"3,759.63","13,581.86","3,621.98",239.60
2007-12-29,"3,792.19","13,559.22","3,776.68",241.27
2008-01-05,"3,730.23","13,294.55","3,732.97",235.77
2008-01-12,"3,553.75","12,613.81","3,592.53",224.41
2008-01-19,"3,465.82","12,462.09","3,349.06",219.87
2008-01-26,"3,382.21","12,126.85","3,248.89",215.06
2008-02-02,"3,274.89","11,989.01","3,005.90",209.08
2008-02-09,"3,405.17","12,161.63","3,192.41",216.91
2008-02-16,"3,383.58","11,990.60","3,248.87",215.38
2008-02-23,"3,363.37","11,808.99","3,254.60",213.73
2008-03-01,"3,409.09","11,916.93","3,336.10",216.85
2008-03-08,"3,308.36","11,510.45","3,230.33",210.57
2008-03-15,"3,178.74","11,439.27","3,019.96",202.63
2008-03-22,"3,275.60","11,563.09","3,101.58",209.69
2008-03-29,"3,394.89","11,886.93","3,214.19",217.22
2008-04-05,"3,533.31","12,234.95","3,317.26",226.95
2008-04-12,"3,564.88","12,382.29","3,313.90",228.80
2008-04-19,"3,538.77","12,662.12","3,277.49",227.25
2008-04-26,"3,654.35","12,914.48","3,367.07",234.56
2008-05-03,"3,705.33","13,218.31","3,346.84",238.18
2008-05-10,"3,636.39","13,110.61","3,251.22",233.98
2008-05-17,"3,774.96","13,565.27","3,322.44",243.54
2008-05-24,"3,644.38","13,141.59","3,239.45",234.14
2008-05-31,"3,692.66","13,138.73","3,258.58",237.46
2008-06-07,"3,653.75","13,038.13","3,234.59",234.76
2008-06-14,"3,479.17","12,755.85","3,052.01",222.79
2008-06-21,"3,445.37","12,715.30","3,002.63",220.57
2008-06-28,"3,352.46","12,456.51","2,889.83",214.59
2008-07-05,"3,134.81","11,725.16","2,650.78",201.74
2008-07-12,"3,119.61","11,646.92","2,666.80",200.12
2008-07-19,"2,999.82","11,139.57","2,526.00",192.86
2008-07-26,"3,173.66","11,703.81","2,754.63",204.27
2008-08-02,"3,125.35","11,675.21","2,627.46",201.43
2008-08-09,"3,109.56","11,677.41","2,575.12",200.76
2008-08-16,"3,121.43","11,559.50","2,618.32",201.50
2008-08-23,"2,966.18","11,084.71","2,431.08",192.04
2008-08-30,"2,924.57","11,146.55","2,350.99",188.96
2008-09-06,"2,787.32","10,594.37","2,192.59",180.49
2008-09-13,"2,935.02","11,131.40","2,385.91",189.90
2008-09-20,"2,898.86","10,661.18","2,351.02",188.31
2008-09-27,"2,934.20","10,818.62","2,389.52",190.60
2008-10-04,"2,817.68","10,615.08","2,254.31",182.70
2008-10-11,"2,466.52","8,930.61","1,837.01",162.05
2008-10-18,"2,336.88","8,506.04","1,771.04",153.06
2008-10-25,"1,874.98","6,782.45","1,356.15",123.27
2008-11-01,"2,228.42","7,565.16","1,618.46",147.50
2008-11-08,"2,258.55","7,939.60","1,716.09",148.44
2008-11-15,"2,164.92","7,495.84","1,656.07",142.26
2008-11-22,"1,991.22","6,820.46","1,495.58",130.76
2008-11-29,"2,138.47","7,350.45","1,587.75",140.66
2008-12-06,"2,043.12","7,097.47","1,533.29",134.33
2008-12-13,"2,191.07","7,486.33","1,693.91",144.38
2008-12-20,"2,348.18","8,339.93","1,813.33",154.10
2008-12-27,"2,223.16","7,773.32","1,709.96",145.81
2009-01-03,"2,302.88","8,075.68","1,836.33",151.15
2009-01-10,"2,351.55","8,507.11","1,903.13",154.17
2009-01-17,"2,263.95","8,172.15","1,816.99",148.03
2009-01-24,"2,172.94","7,803.03","1,763.43",141.75
2009-01-31,"2,315.20","8,282.71","1,879.43",151.33
2009-02-07,"2,418.99","8,542.37","1,973.30",158.90
2009-02-14,"2,377.16","8,645.80","1,998.89",155.19
2009-02-21,"2,128.05","7,611.40","1,748.36",138.31
2009-02-28,"2,123.31","7,547.02","1,694.04",138.07
2009-03-07,"2,116.57","7,328.68","1,692.20",137.83
2009-03-14,"2,260.97","7,972.90","1,811.65",147.29
2009-03-21,"2,347.22","8,542.81","1,928.51",152.58
2009-03-28,"2,484.87","9,090.79","2,042.08",161.66
2009-04-04,"2,572.96","9,820.04","2,149.14",167.11
2009-04-11,"2,668.66","10,645.53","2,244.10",172.01
2009-04-18,"2,655.39","10,551.87","2,257.86",171.33
2009-04-25,"2,713.62","10,909.77","2,311.16",174.13
2009-05-02,"2,740.71","10,969.86","2,325.97",176.00
2009-05-09,"2,824.99","11,592.64","2,450.06",181.04
2009-05-16,"2,781.29","11,512.55","2,405.43",177.80
2009-05-23,"2,805.54","11,553.93","2,461.09",179.01
2009-05-30,"2,791.96","11,223.77","2,392.25",178.70
2009-06-06,"2,782.62","11,484.56","2,377.22",177.77
2009-06-13,"2,852.53","11,709.06","2,412.01",182.69
2009-06-20,"2,762.17","11,397.64","2,318.16",176.63
2009-06-27,"2,792.39","11,240.28","2,287.00",179.28
2009-07-04,"2,845.68","11,549.80","2,312.74",182.92
2009-07-11,"2,864.18","11,436.93","2,279.44",184.56
2009-07-18,"2,893.41","11,422.10","2,288.95",187.16
2009-07-25,"3,015.04","12,034.20","2,394.45",195.13
2009-08-01,"3,128.70","12,447.90","2,450.46",202.96
2009-08-08,"3,162.98","12,919.77","2,489.01",204.95
2009-08-15,"3,192.96","13,032.99","2,525.32",206.46
2009-08-22,"3,175.73","12,780.59","2,445.42",206.26
2009-08-29,"3,231.86","12,832.78","2,509.61",209.74
2009-09-05,"3,231.39","12,947.31","2,460.82",209.81
2009-09-12,"3,319.17","13,198.07","2,534.70",215.81
2009-09-19,"3,416.21","13,631.34","2,588.54",222.34
2009-09-26,"3,398.39","13,518.99","2,546.04",221.82
2009-10-03,"3,308.15","13,156.39","2,452.21",215.94
2009-10-10,"3,309.49","13,353.75","2,495.67",215.57
2009-10-17,"3,303.20","13,261.58","2,474.00",214.91
2009-10-24,"3,297.87","13,327.08","2,466.80",214.73
2009-10-31,"3,176.28","12,844.23","2,337.31",206.81
2009-11-07,"3,168.72","12,611.79","2,332.94",206.53
2009-11-14,"3,172.70","12,568.88","2,336.77",206.84
2009-11-21,"3,270.63","12,863.62","2,403.22",213.76
2009-11-28,"3,072.26","12,060.81","2,224.53",200.73
2009-12-05,"3,283.08","12,846.14","2,391.78",214.50
2009-12-12,"3,347.61","13,116.41","2,439.13",218.77
2009-12-19,"3,327.03","13,178.37","2,441.87",216.68
2009-12-26,"3,395.13","13,301.39","2,470.86",221.67
2010-01-02,"3,397.28","13,056.53","2,496.14",221.86
2010-01-09,"3,420.93","13,380.87","2,508.99",222.66
2010-01-16,"3,433.23","13,383.89","2,497.97",223.21
2010-01-23,"3,390.47","13,185.97","2,475.86",220.68
2010-01-30,"3,223.82","12,598.76","2,316.77",210.34
2010-02-06,"3,143.16","12,324.30","2,263.34",205.06
2010-02-13,"3,197.21","12,475.17","2,294.68",208.74
2010-02-20,"3,194.71","12,403.89","2,295.43",208.70
2010-02-27,"3,192.56","12,529.41","2,342.05",208.36
2010-03-06,"3,275.31","12,713.20","2,397.11",214.05
2010-03-13,"3,324.74","13,018.86","2,449.07",217.35
2010-03-20,"3,373.30","13,176.86","2,487.30",220.48
2010-03-27,"3,400.39","13,219.31","2,495.23",222.25
2010-04-03,"3,457.49","13,221.49","2,488.58",226.69
2010-04-10,"3,459.65","13,177.94","2,473.86",226.81
2010-04-17,"3,472.29","13,537.66","2,464.98",227.69
2010-04-24,"3,475.84","13,666.96","2,469.47",227.36
2010-05-01,"3,485.97","13,563.67","2,461.18",227.95
2010-05-08,"3,296.19","12,846.55","2,320.84",215.09
2010-05-15,"3,397.35","13,336.86","2,415.87",221.08
2010-05-22,"3,202.52","12,648.93","2,255.54",208.78
2010-05-29,"3,251.76","12,599.21","2,269.53",212.10
2010-06-05,"3,339.54","12,960.07","2,335.15",218.03
2010-06-12,"3,360.63","13,134.68","2,376.21",219.22
2010-06-19,"3,431.65","13,364.98","2,440.49",223.77
2010-06-26,"3,458.25","13,633.44","2,480.09",225.63
2010-07-03,"3,334.70","13,234.40","2,412.43",217.01
2010-07-10,"3,442.66","13,463.84","2,465.92",224.44
2010-07-17,"3,473.12","13,592.53","2,555.47",226.34
2010-07-24,"3,509.08","13,665.22","2,569.45",229.50
2010-07-31,"3,506.92","13,723.68","2,563.05",229.25
2010-08-07,"3,545.82","13,906.14","2,604.03",232.35
2010-08-14,"3,469.81","13,616.45","2,574.68",227.01
2010-08-21,"3,528.48","13,873.03","2,643.34",231.17
2010-08-28,"3,440.46","13,502.15","2,588.89",225.52
2010-09-04,"3,534.12","13,965.92","2,719.67",231.04
2010-09-11,"3,575.67","14,074.66","2,751.25",233.93
2010-09-18,"3,627.41","14,380.47","2,750.18",237.64
2010-09-25,"3,659.90","14,619.58","2,780.22",239.80
2010-10-02,"3,716.64","15,106.94","2,827.62",243.49
2010-10-09,"3,757.57","15,528.11","2,862.46",246.51
2010-10-16,"3,769.97","15,837.00","2,881.38",246.56
2010-10-23,"3,763.95","15,757.55","2,867.44",245.84
2010-10-30,"3,731.06","15,719.68","2,849.09",242.98
2010-11-06,"3,846.67","16,056.08","2,910.36",251.22
2010-11-13,"3,789.41","15,758.29","2,855.29",248.35
2010-11-20,"3,862.93","15,976.17","2,905.16",253.04
2010-11-27,"3,790.99","15,469.79","2,818.63",249.31
2010-12-04,"3,904.77","15,859.09","2,898.29",257.65
2010-12-11,"3,966.90","16,018.64","2,937.19",261.74
2010-12-18,"4,046.80","16,323.89","3,009.46",267.67
2010-12-25,"4,051.09","16,507.50","2,978.91",268.50
2011-01-01,"4,097.47","16,586.90","3,038.33",271.19
2011-01-08,"4,180.88","16,990.06","3,114.66",275.61
2011-01-15,"4,228.06","17,242.18","3,181.22",278.17
2011-01-22,"4,141.30","16,901.01","3,084.79",272.67
2011-01-29,"4,220.78","16,946.75","3,142.15",278.45
2011-02-05,"4,149.12","16,737.22","3,078.91",273.45
2011-02-12,"3,962.03","16,201.25","2,958.12",260.40
2011-02-19,"4,039.23","16,189.25","2,991.88",265.80
2011-02-26,"3,940.58","15,838.49","2,914.88",259.28
2011-03-05,"4,038.26","16,180.08","2,953.47",265.42
2011-03-12,"3,918.77","16,030.61","2,898.18",256.83
2011-03-19,"3,971.79","15,898.26","2,899.97",262.39
2011-03-26,"4,113.54","16,431.67","3,036.07",271.66
2011-04-02,"4,254.22","16,985.33","3,152.55",280.73
2011-04-09,"4,261.16","17,125.18","3,202.90",281.05
2011-04-16,"4,294.05","17,174.05","3,209.20",282.80
2011-04-23,"4,406.07","17,371.76","3,258.52",290.84
2011-04-30,"4,393.61","17,338.92","3,245.65",290.39
2011-05-07,"4,295.71","17,144.79","3,137.16",283.68
2011-05-14,"4,239.97","16,689.94","3,104.12",279.59
2011-05-21,"4,213.07","16,650.04","3,039.66",278.59
2011-05-28,"4,199.47","16,446.37","3,003.59",277.35
2011-06-04,"4,214.16","16,526.56","3,020.68",278.84
2011-06-11,"4,075.64","16,184.54","2,902.61",269.04
2011-06-18,"4,037.24","16,222.24","2,905.01",266.22
2011-06-25,"4,161.13","16,819.87","2,986.47",274.31
2011-07-02,"4,233.29","17,088.03","3,047.32",278.77
2011-07-09,"4,341.65","17,296.89","3,130.47",286.05
2011-07-16,"4,264.95","17,343.05","3,116.93",279.59
2011-07-23,"4,324.84","17,746.26","3,144.55",282.59
2011-07-30,"4,250.29","17,469.75","3,091.35",277.11
2011-08-06,"3,872.38","16,251.26","2,781.93",251.90
2011-08-13,"3,563.29","14,906.43","2,636.38",230.38
2011-08-20,"3,456.12","14,974.33","2,588.71",222.98
2011-08-27,"3,534.88","14,866.38","2,577.15",229.00
2011-09-03,"3,711.34","15,618.68","2,729.70",240.16
2011-09-10,"3,601.36","15,101.01","2,615.09",233.40
2011-09-17,"3,656.40","15,093.58","2,645.14",237.50
2011-09-24,"3,380.73","13,821.09","2,475.73",218.62
2011-10-01,"3,546.48","13,975.72","2,545.41",230.41
2011-10-08,"3,528.44","13,978.63","2,480.02",230.27
2011-10-15,"3,685.11","14,555.82","2,630.27",239.67
2011-10-22,"3,690.70","14,404.58","2,662.85",240.02
2011-10-29,"3,866.07","15,110.87","2,756.27",252.47
2011-11-05,"3,871.77","14,824.69","2,749.31",252.34
2011-11-12,"3,735.55","14,470.61","2,638.80",242.99
2011-11-19,"3,683.55","14,469.67","2,611.45",239.43
2011-11-26,"3,557.46","14,221.32","2,519.50",231.03
2011-12-03,"3,842.74","14,933.60","2,694.64",251.19
2011-12-10,"3,754.63","14,776.85","2,649.31",244.93
2011-12-17,"3,683.18","14,478.94","2,600.15",239.82
2011-12-24,"3,737.93","14,534.69","2,625.93",244.22
2011-12-31,"3,658.05","14,170.57","2,575.05",238.08
2012-01-07,"3,696.07","14,271.49","2,609.58",240.57
2012-01-14,"3,759.57","14,678.10","2,656.60",245.28
2012-01-21,"3,909.20","15,305.14","2,752.10",256.61
2012-01-28,"3,938.08","15,523.62","2,763.37",258.65
2012-02-04,"3,945.62","16,066.46","2,817.72",258.53
2012-02-11,"3,981.69","16,429.22","2,879.03",261.17
2012-02-18,"4,052.32","16,337.05","2,874.36",265.82
2012-02-25,"4,041.96","16,274.94","2,846.96",265.20
2012-03-03,"4,071.04","16,492.20","2,879.80",267.45
2012-03-10,"4,044.44","16,101.32","2,852.34",265.62
2012-03-17,"4,081.46","16,212.75","2,844.91",268.27
2012-03-24,"4,070.01","15,965.57","2,808.02",267.95
2012-03-31,"4,048.22","15,595.17","2,772.81",266.58
2012-04-07,"4,086.79","15,256.90","2,747.29",269.97
2012-04-14,"4,046.89","15,320.63","2,748.36",266.86
2012-04-21,"3,974.14","14,886.46","2,682.40",261.84
2012-04-28,"3,980.63","14,491.99","2,625.96",263.43
2012-05-05,"4,007.11","14,829.23","2,692.23",264.40
2012-05-12,"3,868.00","14,241.97","2,592.11",254.00
2012-05-19,"3,589.45","13,138.26","2,425.83",235.85
2012-05-26,"3,674.34","13,354.06","2,470.71",241.60
2012-06-02,"3,699.26","13,391.25","2,469.09",242.98
2012-06-09,"3,696.43","13,387.41","2,426.20",243.69
2012-06-16,"3,737.27","13,659.44","2,474.97",246.57
2012-06-23,"3,715.72","13,647.66","2,510.46",244.15
2012-06-30,"3,729.31","13,734.69","2,526.33",244.90
2012-07-07,"3,733.01","13,944.95","2,537.61",245.07
2012-07-14,"3,637.74","13,750.38","2,469.58",238.77
2012-07-21,"3,657.43","13,618.61","2,476.74",240.35
2012-07-28,"3,668.73","13,607.99","2,427.53",242.23
2012-08-04,"3,704.21","13,865.95","2,442.06",244.81
2012-08-11,"3,903.65","14,505.32","2,545.48",258.91
2012-08-18,"3,901.24","14,795.29","2,580.75",258.20
2012-08-25,"3,848.80","14,637.74","2,556.87",253.73
2012-09-01,"3,818.99","14,531.37","2,586.86",250.56
2012-09-08,"3,867.07","14,815.10","2,612.73",254.02
2012-09-15,"4,023.48","15,313.64","2,692.63",265.02
2012-09-22,"4,011.33","15,544.88","2,704.46",263.41
2012-09-29,"3,993.00","15,295.59","2,683.63",262.49
2012-10-06,"3,992.95","15,181.78","2,681.40",262.07
2012-10-13,"3,861.98","14,848.49","2,605.86",252.44
2012-10-20,"3,882.07","15,043.86","2,604.75",254.79
2012-10-27,"3,771.25","14,777.60","2,485.88",247.18
2012-11-03,"3,824.57","15,115.31","2,510.67",251.04
2012-11-10,"3,801.07","15,156.90","2,501.34",248.69
2012-11-17,"3,708.45","14,790.03","2,414.03",243.45
2012-11-24,"3,820.31","14,941.36","2,484.42",251.44
2012-12-01,"3,862.19","15,039.77","2,518.56",254.25
2012-12-08,"3,915.26","15,114.33","2,519.42",258.78
2012-12-15,"3,993.22","15,376.96","2,577.67",264.56
2012-12-22,"3,950.73","15,608.17","2,520.23",261.89
2012-12-29,"3,991.19","15,537.57","2,555.19",263.92
2013-01-05,"4,019.54","15,867.46","2,558.99",266.14
2013-01-12,"3,986.88","15,577.27","2,549.32",263.32
2013-01-19,"3,964.19","15,708.54","2,504.54",261.71
2013-01-26,"3,879.40","15,710.69","2,436.61",256.06
2013-02-02,"3,907.56","15,679.07","2,464.78",257.64
2013-02-09,"3,899.00","15,550.50","2,472.77",257.09
2013-02-16,"3,965.54","15,676.38","2,509.37",261.61
2013-02-23,"4,045.04","15,957.04","2,543.58",267.15
2013-03-02,"4,063.24","16,049.04","2,564.35",268.01
2013-03-09,"4,021.96","16,001.55","2,530.10",264.57
2013-03-16,"3,984.45","15,877.77","2,504.39",260.84
2013-03-23,"3,911.80","15,410.76","2,459.74",255.33
2013-03-30,"4,022.48","15,806.15","2,518.36",263.39
2013-04-06,"3,866.46","14,956.69","2,429.20",252.77
2013-04-13,"3,859.75","14,778.66","2,387.46",252.00
2013-04-20,"3,807.81","14,799.56","2,353.03",248.77
2013-04-27,"3,882.92","15,154.90","2,400.66",253.04
2013-05-04,"3,918.10","15,172.90","2,432.76",256.02
2013-05-11,"3,874.67","15,394.10","2,404.43",252.72
2013-05-18,"3,961.43","15,660.83","2,448.42",258.99
2013-05-25,"3,942.71","15,565.15","2,424.80",257.32
2013-06-01,"4,005.69","15,611.51","2,471.62",261.47
2013-06-08,"3,839.78","14,982.94","2,336.75",251.20
2013-06-15,"3,767.55","14,871.16","2,307.31",245.36
2013-06-22,"3,636.79","14,266.84","2,228.56",236.57
2013-06-29,"3,719.66","14,494.98","2,255.83",242.27
2013-07-06,"3,654.19","14,481.51","2,198.16",237.28
2013-07-13,"3,730.83","14,805.79","2,242.55",242.72
2013-07-20,"3,735.01","14,958.10","2,230.77",242.03
2013-07-27,"3,814.99","15,247.27","2,274.03",247.80
2013-08-03,"3,839.36","15,494.44","2,283.66",249.33
2013-08-10,"3,756.80","15,201.88","2,231.99",243.13
2013-08-17,"3,833.63","15,429.57","2,277.21",249.23
2013-08-24,"3,739.34","14,919.11","2,213.64",243.37
2013-08-31,"3,860.80","15,325.11","2,286.66",251.74
2013-09-07,"3,918.56","15,617.81","2,314.75",255.25
2013-09-14,"3,999.92","15,902.55","2,358.46",260.83
2013-09-21,"4,026.78","15,990.52","2,370.15",262.56
2013-09-28,"4,045.13","16,014.37","2,376.98",262.94
2013-10-05,"4,021.52","15,732.66","2,371.32",261.78
2013-10-12,"4,084.53","15,954.11","2,395.46",266.35
2013-10-19,"4,149.09","16,323.99","2,406.08",271.24
2013-10-26,"4,105.97","16,165.88","2,396.80",267.51
2013-11-02,"4,119.65","16,126.52","2,421.81",268.63
2013-11-09,"3,996.43","15,674.39","2,347.75",260.53
2013-11-16,"4,045.36","15,714.40","2,355.47",264.20
2013-11-23,"4,040.91","15,882.28","2,344.66",263.86
2013-11-30,"4,125.93","15,984.85","2,407.30",269.57
2013-12-07,"3,996.23","15,546.71","2,320.98",260.71
2013-12-14,"3,954.92","15,542.15","2,289.81",258.04
2013-12-21,"3,992.78","15,602.24","2,289.69",261.27
2013-12-28,"4,029.65","15,933.50","2,344.29",263.32
2014-01-04,"3,912.29","15,725.05","2,311.16",254.48
2014-01-11,"3,892.99","15,800.23","2,310.37",252.48
2014-01-18,"3,906.67","15,742.26","2,308.72",253.46
2014-01-25,"3,901.10","15,637.45","2,322.15",252.89
2014-02-01,"3,900.19","15,597.64","2,327.62",252.89
2014-02-08,"3,865.20","15,357.62","2,315.80",250.51
2014-02-15,"3,898.24","15,440.79","2,350.02",252.74
2014-02-22,"3,934.12","15,622.05","2,365.72",255.22
2014-03-01,"3,982.48","15,825.49","2,382.90",258.41
2014-03-08,"3,973.54","15,771.60","2,396.85",257.35
2014-03-15,"3,857.45","15,486.15","2,332.16",249.02
2014-03-22,"3,884.99","15,630.89","2,352.87",250.68
2014-03-29,"3,975.23","15,936.99","2,387.27",257.44
2014-04-05,"4,010.38","15,911.97","2,395.41",259.47
2014-04-12,"4,022.35","16,278.79","2,389.73",260.53
2014-04-19,"4,042.31","16,261.82","2,399.31",261.52
2014-04-26,"3,974.40","15,894.66","2,356.91",257.42
2014-05-03,"3,944.99","16,021.41","2,350.29",255.07
2014-05-10,"3,928.54","15,951.32","2,337.54",254.31
2014-05-17,"4,047.37","16,106.57","2,370.84",262.97
2014-05-24,"4,053.00","16,156.39","2,377.37",263.42
2014-05-31,"4,004.94","15,757.69","2,364.00",259.94
2014-06-07,"4,002.26","15,611.37","2,355.80",260.56
2014-06-14,"3,989.58","15,775.39","2,391.78",258.75
2014-06-21,"3,940.81","15,694.31","2,389.14",255.31
2014-06-28,"3,986.49","15,909.11","2,402.11",258.78
2014-07-05,"4,025.05","16,066.64","2,457.66",260.63
2014-07-12,"3,975.51","15,897.49","2,441.24",256.72
2014-07-19,"4,044.37","16,058.20","2,458.63",261.66
2014-07-26,"4,072.31","16,323.48","2,460.42",263.47
2014-08-02,"4,133.00","17,093.51","2,453.71",268.56
2014-08-09,"4,043.42","16,761.37","2,417.27",262.02
2014-08-16,"4,108.83","16,957.87","2,477.16",265.88
2014-08-23,"4,094.03","16,940.41","2,486.35",264.26
2014-08-30,"4,116.21","17,091.01","2,504.06",265.41
2014-09-06,"4,069.96","17,118.96","2,492.48",262.09
2014-09-13,"4,056.28","17,192.32","2,457.11",261.39
2014-09-20,"4,072.28","17,076.31","2,497.93",262.31
2014-09-27,"4,017.35","16,812.18","2,468.80",258.33
2014-10-04,"3,900.62","16,305.00","2,407.36",250.06
2014-10-11,"3,821.54","16,113.91","2,351.93",245.06
2014-10-18,"3,742.20","15,636.20","2,309.60",239.84
2014-10-25,"3,792.62","15,795.52","2,343.94",242.91
2014-11-01,"3,893.13","15,884.69","2,334.45",250.45
2014-11-08,"3,829.98","15,740.19","2,267.99",247.39
2014-11-15,"3,839.58","15,801.12","2,301.08",248.18
2014-11-22,"3,863.46","15,878.01","2,324.40",249.90
2014-11-29,"3,920.89","15,821.61","2,341.91",253.70
2014-12-06,"3,934.19","15,905.98","2,340.24",254.24
2014-12-13,"3,812.39","15,341.73","2,252.61",246.44
2014-12-20,"3,828.78","15,271.08","2,259.39",247.96
2014-12-27,"3,858.34","15,505.60","2,274.19",250.05
2015-01-03,"3,801.62","14,898.16","2,265.02",244.79
2015-01-10,"3,826.55","15,050.00","2,264.41",246.05
2015-01-17,"3,768.80","14,616.45","2,252.69",242.22
2015-01-24,"3,875.29","14,963.18","2,285.84",250.32
2015-01-31,"3,875.67","15,008.59","2,315.41",249.88
2015-02-07,"3,885.31","15,103.12","2,330.50",250.16
2015-02-14,"3,880.98","15,251.70","2,318.63",249.76
2015-02-21,"3,892.09","15,276.07","2,322.28",250.37
2015-02-28,"3,925.60","15,566.21","2,360.45",251.46
2015-03-07,"3,993.92","15,621.56","2,392.85",255.96
2015-03-14,"3,940.37","15,296.44","2,342.74",252.18
2015-03-21,"4,038.37","15,582.82","2,392.62",258.70
2015-03-28,"3,994.95","15,426.12","2,373.99",255.54
2015-04-04,"4,034.58","15,433.62","2,408.12",256.75
2015-04-11,"4,120.13","15,645.34","2,452.57",261.95
2015-04-18,"4,223.61","16,314.19","2,539.39",268.28
2015-04-25,"4,245.84","16,688.36","2,532.08",271.05
2015-05-02,"4,183.69","16,582.62","2,484.96",266.42
2015-05-09,"4,104.80","16,419.93","2,464.37",260.81
2015-05-16,"4,128.41","16,295.01","2,504.47",261.33
2015-05-23,"4,201.48","16,484.06","2,533.92",266.03
2015-05-30,"4,114.73","16,011.81","2,500.41",260.39
2015-06-06,"4,040.43","15,459.55","2,425.62",254.94
2015-06-13,"4,004.93","15,450.87","2,426.02",251.66
2015-06-20,"3,993.39","15,269.49","2,411.32",249.84
2015-06-27,"4,073.72","15,640.18","2,456.87",254.48
2015-07-04,"4,096.51","15,595.68","2,464.55",254.66
2015-07-11,"3,954.08","15,228.24","2,375.72",246.83
2015-07-18,"4,036.37","15,178.93","2,452.86",250.23
2015-07-25,"3,965.61","14,973.68","2,441.73",244.91
2015-08-01,"3,923.28","15,354.54","2,378.24",244.30
2015-08-08,"3,883.64","15,143.70","2,414.40",239.79
2015-08-15,"3,834.08","15,016.02","2,392.31",237.32
2015-08-22,"3,631.46","14,417.25","2,202.35",227.14
2015-08-29,"3,740.76","14,648.32","2,328.95",232.35
2015-09-05,"3,644.64","14,367.49","2,222.98",227.90
2015-09-12,"3,745.88","14,979.38","2,303.28",233.74
2015-09-19,"3,865.42","15,061.10","2,358.14",241.12
2015-09-26,"3,753.24","14,749.18","2,297.07",233.79
2015-10-03,"3,803.23","14,818.60","2,323.85",237.15
2015-10-10,"3,910.11","15,068.59","2,322.87",246.02
2015-10-17,"3,929.48","15,284.69","2,317.83",247.37
2015-10-24,"3,957.93","15,377.62","2,300.17",249.41
2015-10-31,"3,960.89","14,968.80","2,268.48",249.41
2015-11-07,"3,989.04","15,017.22","2,303.78",250.25
2015-11-14,"3,865.73","14,518.50","2,213.99",242.71
2015-11-21,"3,903.36","14,712.09","2,238.86",244.80
2015-11-28,"3,970.80","14,944.98","2,276.95",249.07
2015-12-05,"3,866.84","14,629.18","2,223.18",242.15
2015-12-12,"3,815.37","14,367.29","2,174.26",240.35
2015-12-19,"3,865.52","14,482.79","2,214.44",243.00
2015-12-26,"3,888.92","14,790.96","2,213.06",245.33
2016-01-02,"3,846.07","14,436.73","2,215.65",240.38
2016-01-09,"3,757.52","13,927.96","2,188.37",233.68
2016-01-16,"3,683.57","13,584.23","2,150.04",228.78
2016-01-23,"3,683.90","13,355.65","2,134.41",228.79
2016-01-30,"3,738.17","14,026.57","2,178.77",232.10
2016-02-06,"3,749.78","14,148.22","2,176.58",233.30
2016-02-13,"3,577.35","13,809.81","2,038.61",224.98
2016-02-20,"3,742.17","14,738.55","2,114.19",235.27
2016-02-27,"3,742.32","14,820.20","2,114.34",235.22
2016-03-05,"3,826.68","15,217.00","2,153.40",239.74
2016-03-12,"3,861.40","15,463.83","2,171.42",241.97
2016-03-19,"3,899.87","15,570.20","2,176.80",244.63
2016-03-26,"3,878.31","15,401.05","2,155.06",243.79
2016-04-02,"3,862.47","15,467.90","2,135.42",242.36
2016-04-09,"3,862.12","15,657.06","2,159.00",241.77
2016-04-16,"3,945.93","16,233.05","2,165.15",248.53
2016-04-23,"3,948.19","16,408.95","2,192.18",248.32
2016-04-30,"3,903.01","16,168.13","2,176.09",245.20
2016-05-07,"3,872.93","15,627.77","2,157.61",243.31
2016-05-14,"3,845.74","15,320.20","2,169.71",240.60
2016-05-21,"3,807.73","15,157.14","2,137.14",238.74
2016-05-28,"3,854.33","15,425.36","2,150.04",241.85
2016-06-04,"3,894.38","15,194.80","2,150.48",244.39
2016-06-11,"3,958.52","15,605.85","2,166.56",248.96
2016-06-18,"3,833.81","14,838.82","2,087.06",241.63
2016-06-25,"3,780.78","14,614.36","2,048.87",239.21
2016-07-02,"3,905.35","14,805.17","2,128.60",246.52
2016-07-09,"3,857.19","14,505.79","2,109.22",243.43
2016-07-16,"3,962.83","15,204.78","2,144.64",251.02
2016-07-23,"3,952.70","15,220.23","2,144.28",250.04
2016-07-30,"3,970.29","15,586.67","2,139.21",251.48
2016-08-06,"3,973.63","15,567.73","2,134.98",252.36
2016-08-13,"4,036.75","15,989.97","2,175.66",256.17
2016-08-20,"4,057.96","15,867.35","2,129.02",258.69
2016-08-27,"4,014.96","15,807.97","2,125.71",256.23
2016-09-03,"4,016.03","15,997.40","2,120.34",256.50
2016-09-10,"4,020.36","16,302.29","2,097.06",257.31
2016-09-17,"3,937.89","15,922.26","2,069.94",251.77
2016-09-24,"4,048.32","16,153.05","2,137.92",258.37
2016-10-01,"4,026.21","16,036.02","2,127.51",257.49
2016-10-08,"4,051.51","16,021.89","2,115.36",260.06
2016-10-15,"3,980.96","16,172.57","2,094.27",255.09
2016-10-22,"4,004.44","16,664.08","2,069.89",257.26
2016-10-29,"3,988.29","16,553.69","2,056.63",256.53
2016-11-05,"3,917.78","16,363.23","1,997.53",252.57
2016-11-12,"3,913.66","16,684.61","1,978.54",251.99
2016-11-19,"3,888.74","16,546.63","1,985.46",250.21
2016-11-26,"3,900.31","16,677.45","1,947.53",252.26
2016-12-03,"3,900.59","16,613.49","1,919.08",252.88
2016-12-10,"4,016.02","17,215.44","1,960.87",260.91
2016-12-17,"4,056.78","17,229.40","2,010.82",262.56
2016-12-24,"4,038.98","17,140.73","2,006.65",261.61
2016-12-31,"4,027.85","16,849.30","2,011.89",260.01
2017-01-07,"4,077.01","17,034.46","2,037.66",263.20
2017-01-14,"4,130.58","17,217.95","2,034.88",267.91
2017-01-21,"4,106.29","17,331.01","2,010.08",266.52
2017-01-28,"4,154.82","17,134.25","2,020.09",270.48
2017-02-04,"4,135.03","17,054.21","2,017.76",268.85
2017-02-11,"4,134.17","17,555.56","2,019.85",268.66
2017-02-18,"4,146.53","17,648.53","2,051.84",268.84
2017-02-25,"4,170.03","17,592.51","2,073.75",270.38
2017-03-04,"4,150.31","17,499.46","2,017.78",269.77
2017-03-11,"4,191.37","17,687.80","2,054.00",272.29
2017-03-18,"4,317.75","18,220.80","2,075.14",281.86
2017-03-25,"4,328.13","18,190.74","2,099.82",282.31
2017-04-01,"4,313.32","17,949.33","2,117.47",280.64
2017-04-08,"4,303.49","17,776.52","2,138.30",279.01
2017-04-15,"4,271.24","17,465.80","2,112.95",277.31
2017-04-22,"4,324.32","17,777.98","2,194.66",280.05
2017-04-29,"4,417.03","18,058.07","2,171.10",287.21
2017-05-06,"4,495.79","18,269.53","2,209.27",292.47
2017-05-13,"4,597.10","18,651.07","2,242.15",298.25
2017-05-20,"4,597.55","18,908.01","2,257.93",298.08
2017-05-27,"4,727.53","19,339.85","2,320.01",306.96
2017-06-03,"4,753.59","19,419.62","2,348.57",307.83
2017-06-10,"4,790.82","19,521.82","2,399.94",309.38
2017-06-17,"4,749.40","19,554.54","2,375.33",306.79
2017-06-24,"4,796.06","19,376.40","2,372.02",310.26
2017-07-01,"4,817.92","19,684.41","2,373.25",311.76
2017-07-08,"4,791.31","19,501.91","2,337.51",310.66
2017-07-15,"4,876.21","19,776.34","2,328.97",317.35
2017-07-22,"4,949.69","20,062.79","2,365.06",321.79
2017-07-29,"4,834.15","20,059.97","2,313.66",314.13
2017-08-05,"4,819.95","20,247.56","2,270.37",313.46
2017-08-12,"4,665.47","19,645.24","2,234.12",302.72
2017-08-19,"4,753.54","19,621.98","2,279.68",308.39
2017-08-26,"4,795.41","19,775.43","2,288.75",311.21
2017-09-02,"4,756.80","19,574.97","2,295.33",307.78
2017-09-09,"4,739.49","18,830.39","2,253.42",307.43
2017-09-16,"4,837.85","19,053.01","2,294.55",313.69
2017-09-23,"4,865.75","18,917.40","2,254.69",316.71
2017-09-30,"4,865.45","19,002.33","2,295.79",316.27
2017-10-07,"4,865.45","19,002.33","2,295.79",316.27
2017-10-14,"5,027.58","19,417.75","2,332.22",327.35
2017-10-21,"5,058.01","19,556.07","2,360.29",328.89
2017-10-28,"5,077.27","19,654.27","2,394.52",329.23
2017-11-04,"5,215.79","19,589.79","2,440.97",338.83
2017-11-11,"5,189.27","19,287.09","2,457.66",335.96
2017-11-18,"5,203.48","19,017.23","2,488.28",334.18
2017-11-25,"5,228.59","19,094.51","2,517.61",335.44
2017-12-02,"5,080.55","19,079.26","2,476.65",324.78
2017-12-09,"5,046.26","19,090.91","2,409.04",324.68
2017-12-16,"5,088.52","19,521.76","2,446.10",326.23
2017-12-23,"5,019.21","19,414.94","2,415.02",321.21
2017-12-30,"5,092.43","19,379.09","2,454.68",324.74
2018-01-06,"5,173.05","19,587.82","2,451.64",328.97
2018-01-13,"5,198.05","20,187.20","2,465.13",326.72
2018-01-20,"5,233.93","20,366.86","2,521.54",329.52
2018-01-27,"5,339.68","20,513.45","2,623.46",335.38
2018-02-03,"5,217.74","20,569.70","2,597.65",327.01
2018-02-10,"4,882.35","19,221.16","2,459.15",304.83
2018-02-17,"5,020.32","19,206.37","2,478.71",314.40
2018-02-24,"5,072.63","19,650.38","2,519.66",316.81
2018-03-03,"4,968.55","19,200.02","2,456.34",308.35
2018-03-10,"5,099.70","19,126.65","2,506.27",317.67
2018-03-17,"5,186.03","19,152.22","2,538.94",322.88
2018-03-24,"4,999.75","18,579.59","2,426.83",312.42
2018-03-31,"5,052.09","18,771.20","2,498.10",314.61
2018-04-07,"5,014.16","18,590.15","2,481.76",311.61
2018-04-14,"5,069.62","18,567.69","2,511.61",314.86
2018-04-21,"5,111.47","19,066.44","2,514.71",317.89
2018-04-28,"5,146.59","19,146.15","2,501.65",320.80
2018-05-05,"5,073.43","19,580.10","2,453.34",316.75
2018-05-12,"5,103.19","19,611.43","2,507.17",318.51
2018-05-19,"5,065.12","19,766.17","2,509.07",315.37
2018-05-26,"5,101.82","18,937.40","2,498.53",318.05
2018-06-02,"5,039.96","18,928.64","2,523.01",313.22
2018-06-09,"5,061.29","19,354.25","2,529.34",314.97
2018-06-16,"4,967.90","19,014.71","2,496.21",308.73
2018-06-23,"4,874.08","18,316.29","2,442.45",303.69
2018-06-30,"4,813.16","18,056.48","2,393.71",299.66
2018-07-07,"4,713.94","17,866.83","2,367.27",293.11
2018-07-14,"4,796.41","17,989.57","2,407.58",298.65
2018-07-21,"4,744.91","17,691.68","2,349.26",296.95
2018-07-28,"4,746.45","18,098.90","2,367.59",297.78
2018-08-04,"4,725.07","18,258.75","2,372.74",295.61
2018-08-11,"4,694.97","18,230.57","2,327.95",293.64
2018-08-18,"4,617.74","18,088.18","2,309.39",288.57
2018-08-25,"4,731.86","18,000.24","2,383.58",295.54
2018-09-01,"4,807.89","18,032.24","2,421.06",300.07
2018-09-08,"4,704.89","18,118.33","2,408.66",292.86
2018-09-15,"4,777.29","18,486.67","2,457.03",297.29
2018-09-22,"4,818.79","18,545.48","2,440.72",300.81
2018-09-29,"4,820.48","18,956.77","2,447.24",300.51
2018-10-06,"4,656.54","18,831.91","2,364.95",291.28
2018-10-13,"4,461.69","17,706.04","2,263.16",279.37
2018-10-20,"4,452.79","17,687.15","2,253.09",278.63
2018-10-27,"4,185.39","17,012.59","2,100.71",262.69
2018-11-03,"4,335.86","17,021.15","2,180.76",272.56
2018-11-10,"4,311.57","17,030.65","2,170.96",271.33
2018-11-17,"4,323.24","17,199.71","2,193.76",271.65
2018-11-24,"4,243.98","17,055.68","2,164.29",266.33
2018-12-01,"4,326.43","17,330.08","2,217.37",271.35
2018-12-08,"4,276.11","17,271.20","2,180.49",268.28
2018-12-15,"4,231.14","17,614.99","2,167.29",265.55
2018-12-22,"4,229.68","17,812.21","2,154.56",265.06
2018-12-29,"4,187.01","17,211.49","2,139.16",261.98
2019-01-05,"4,113.34","16,926.17","2,081.52",257.89
2019-01-12,"4,254.73","17,204.56","2,152.28",267.13
2019-01-19,"4,352.64","17,836.76","2,184.24",273.88
2019-01-26,"4,468.50","18,015.86","2,257.92",281.67
2019-02-02,"4,533.71","18,210.25","2,269.55",285.79
2019-02-09,"4,476.89","18,078.77","2,262.93",281.49
2019-02-16,"4,518.98","17,874.17","2,292.05",283.98
2019-02-23,"4,593.56","17,981.77","2,357.95",288.74
2019-03-02,"4,522.71","17,894.02","2,329.44",283.80
2019-03-09,"4,399.75","17,306.42","2,259.85",274.84
2019-03-16,"4,486.01","17,842.65","2,324.16",279.87
2019-03-23,"4,520.42","17,545.53","2,346.96",283.13
2019-03-30,"4,415.93","17,188.93","2,309.20",276.48
2019-04-06,"4,569.67","17,921.73","2,382.72",286.68
2019-04-13,"4,609.22","18,102.72","2,412.63",288.37
2019-04-20,"4,571.88","18,075.89","2,406.28",285.89
2019-04-27,"4,495.42","17,817.26","2,348.94",281.34
2019-05-04,"4,540.86","17,956.81","2,394.56",283.67
2019-05-11,"4,348.15","17,435.18","2,270.70",272.06
2019-05-18,"4,233.37","17,081.64","2,208.91",264.35
2019-05-25,"4,213.71","17,013.05","2,147.18",264.42
2019-06-01,"4,208.74","16,904.92","2,159.02",263.89
2019-06-08,"4,276.48","17,184.25","2,185.43",268.27
2019-06-15,"4,309.23","17,462.91","2,212.31",270.48
2019-06-22,"4,374.79","17,524.53","2,235.05",275.48
2019-06-29,"4,387.48","17,516.51","2,234.57",277.50
2019-07-06,"4,346.93","17,523.91","2,230.05",274.35
2019-07-13,"4,311.87","17,214.69","2,215.54",272.68
2019-07-20,"4,335.58","17,141.17","2,242.69",274.55
2019-07-27,"4,284.36","16,835.08","2,176.27",272.25
2019-08-03,"4,138.51","16,257.03","2,113.25",262.99
2019-08-10,"4,008.93","15,721.80","2,055.46",254.85
2019-08-17,"3,990.75","15,309.73","2,077.70",253.90
2019-08-24,"4,033.60","15,647.51","2,110.56",256.11
2019-08-31,"4,077.84","15,903.20","2,129.02",259.00
2019-09-07,"4,180.61","15,977.22","2,200.06",265.53
2019-09-14,"4,257.05","16,525.09","2,209.18",270.84
2019-09-21,"4,348.55","16,754.55","2,242.20",276.44
2019-09-28,"4,266.32","16,381.99","2,194.23",271.33
2019-10-05,"4,212.62","15,960.70","2,167.27",267.39
2019-10-12,"4,274.69","15,929.81","2,193.13",271.30
2019-10-19,"4,307.40","16,132.52","2,200.03",272.81
2019-10-26,"4,377.21","16,098.42","2,238.02",277.07
2019-11-02,"4,404.83","15,843.21","2,223.85",278.43
2019-11-09,"4,472.80","16,430.65","2,230.37",283.13
2019-11-16,"4,533.73","16,531.10","2,258.13",287.29
2019-11-23,"4,399.36","16,246.32","2,171.72",279.43
2019-11-30,"4,361.68","16,119.93","2,181.81",276.78
2019-12-07,"4,355.11","16,122.86","2,174.56",276.56
2019-12-14,"4,557.44","16,714.40","2,255.15",290.11
2019-12-21,"4,637.00","16,805.10","2,318.47",295.31
2019-12-28,"4,645.11","16,511.64","2,354.52",295.20
2020-01-04,"4,582.57","16,176.74","2,344.06",290.74
2020-01-11,"4,673.12","15,555.73","2,395.72",297.06
2020-01-18,"4,769.50","15,820.91","2,446.04",303.30
2020-01-25,"4,753.58","15,781.80","2,449.61",302.33
2020-02-01,"4,473.25","14,879.12","2,312.17",284.53
2020-02-08,"4,687.39","15,243.03","2,446.83",298.21
2020-02-15,"4,766.19","15,174.08","2,520.02",303.01
2020-02-22,"4,598.24","14,487.47","2,445.39",292.42
2020-02-29,"4,222.02","13,394.75","2,193.66",268.02
2020-03-07,"4,340.74","13,230.38","2,312.87",275.10
2020-03-14,"3,777.06","11,034.57","1,976.21",240.65
2020-03-21,"3,357.22","9,488.96","1,754.37",213.67
2020-03-28,"3,684.27","10,788.20","1,920.54",233.79
2020-04-04,"3,692.11","10,887.37","1,961.93",231.70
2020-04-11,"3,952.29","12,078.54","2,103.44",248.00
2020-04-18,"4,075.04","12,186.49","2,194.00",255.02
2020-04-25,"4,002.44","12,012.57","2,176.94",250.28
2020-05-02,"4,121.54","12,834.88","2,233.86",258.15
2020-05-09,"4,124.62","12,618.08","2,281.95",256.62
2020-05-16,"4,088.85","12,352.78","2,305.40",253.79
2020-05-23,"4,181.80","12,627.41","2,369.86",259.62
2020-05-30,"4,308.10","13,164.32","2,387.48",268.32
2020-06-06,"4,650.46","14,252.27","2,563.78",290.62
2020-06-13,"4,534.80","13,445.85","2,555.55",281.78
2020-06-20,"4,550.66","13,391.33","2,565.32",283.37
2020-06-27,"4,556.62","12,998.57","2,570.51",283.38
2020-07-04,"4,590.82","13,041.50","2,608.54",285.89
2020-07-11,"4,591.38","12,773.14","2,645.79",285.06
2020-07-18,"4,696.80","13,488.58","2,678.16",291.57
2020-07-25,"4,695.20","13,575.64","2,686.20",290.66
2020-08-01,"4,818.14","13,707.91","2,735.66",299.32
2020-08-08,"5,039.40","14,170.58","2,922.88",312.57
2020-08-15,"5,118.63","15,120.84","2,887.82",319.24
2020-08-22,"4,901.78","14,130.81","2,743.05",306.16
2020-08-29,"5,016.01","14,567.44","2,853.87",312.24
2020-09-05,"5,033.35","14,788.32","2,915.72",312.03
2020-09-12,"5,104.96","14,870.35","2,917.06",316.45
2020-09-19,"5,144.77","15,043.47","2,910.43",318.39
2020-09-26,"4,867.35","14,304.40","2,716.36",303.57
2020-10-03,"4,975.46","14,665.93","2,817.02",309.44
2020-10-10,"5,106.30","15,229.26","2,863.46",317.47
2020-10-17,"4,999.15","15,033.18","2,762.95",311.83
2020-10-24,"5,033.51","15,715.48","2,744.42",314.79
2020-10-31,"4,835.84","14,928.28","2,653.49",301.60
2020-11-07,"5,156.21","15,618.19","2,855.43",322.10
2020-11-14,"5,308.57","16,423.10","2,906.87",333.03
2020-11-21,"5,436.16","16,588.35","3,005.65",340.62
2020-11-28,"5,624.83","16,900.48","3,094.98",352.73
2020-12-05,"5,868.73","17,302.98","3,223.78",367.63
2020-12-12,"5,951.29","17,684.30","3,267.43",372.24
2020-12-19,"5,957.89","17,628.91","3,322.83",371.55
2020-12-26,"6,055.06","17,707.92","3,307.23",379.18
2021-01-02,"6,215.72","17,590.98","3,416.77",389.29
2021-01-09,"6,806.35","19,153.65","3,635.36",430.22
2021-01-16,"6,652.93","18,894.27","3,597.76",420.43
2021-01-23,"6,758.51","19,256.39","3,672.36",427.13
2021-01-30,"6,409.58","17,937.12","3,490.62",404.56
2021-02-06,"6,706.35","19,112.92","3,641.75",423.30
2021-02-13,"6,650.49","19,211.82","3,654.48",419.65
2021-02-20,"6,660.69","19,070.59","3,695.75",420.94
2021-02-27,"6,465.81","18,652.99","3,560.37",409.91
2021-03-06,"6,499.24","19,050.49","3,611.78",412.00
2021-03-13,"6,557.38","19,452.93","3,605.31",416.13
2021-03-20,"6,530.03","19,653.78","3,596.28",412.91
2021-03-27,"6,520.11","19,821.68","3,579.31",412.89
2021-04-03,"6,685.31","20,069.20","3,644.46",423.74
2021-04-10,"6,702.04","20,456.51","3,648.93",424.30
2021-04-17,"6,837.30","20,697.74","3,708.42",432.43
2021-04-24,"6,782.71","21,140.25","3,679.59",428.34
2021-05-01,"6,661.88","21,314.83","3,603.55",422.36
2021-05-08,"6,740.30","22,112.80","3,633.19",428.56
2021-05-15,"6,618.10","22,038.34","3,556.54",420.17
2021-05-22,"6,644.59","21,606.33","3,606.83",422.08
2021-05-29,"6,693.70","22,107.37","3,648.41",425.95
2021-06-05,"6,794.64","22,455.15","3,710.13",432.22
2021-06-12,"6,808.82","22,384.33","3,715.69",432.78
2021-06-19,"6,864.32","22,309.98","3,780.26",435.02
2021-06-26,"6,940.50","22,636.14","3,815.19",440.40
2021-07-03,"6,902.33","22,376.34","3,839.51",436.00
2021-07-10,"6,779.54","21,536.18","3,784.12",427.84
2021-07-17,"6,897.95","22,112.95","3,879.93",434.82
2021-07-24,"6,861.54","22,108.02","3,897.39",431.55
2021-07-31,"6,735.76","21,907.16","3,818.03",423.91
2021-08-07,"6,888.99","21,980.58","3,923.92",433.29
2021-08-14,"6,652.04","21,720.59","3,819.98",416.06
2021-08-21,"6,393.65","20,541.40","3,593.28",400.78
2021-08-28,"6,567.08","21,557.73","3,706.51",410.24
2021-09-04,"6,717.53","21,872.41","3,800.41",419.22
2021-09-11,"6,565.93","21,779.21","3,701.33",408.70
2021-09-18,"6,605.46","21,972.28","3,701.96",410.99
2021-09-25,"6,582.75","21,802.66","3,674.98",409.84
2021-10-02,"6,329.46","21,588.24","3,503.45",394.79
2021-10-09,"6,203.15","21,308.61","3,428.57",387.42
2021-10-16,"6,309.58","21,679.32","3,530.18",393.19
2021-10-23,"6,310.81","21,660.53","3,546.58",393.34
2021-10-30,"6,235.79","21,256.27","3,512.58",388.47
2021-11-06,"6,266.22","21,039.62","3,542.21",389.86
2021-11-13,"6,276.69","21,045.87","3,574.53",390.38
2021-11-20,"6,301.00","20,777.96","3,631.09",390.53
2021-11-27,"6,201.46","20,359.39","3,554.92",385.07
2021-12-04,"6,298.25","20,496.65","3,574.33",391.96
2021-12-11,"6,390.09","20,787.48","3,625.82",397.97
2021-12-18,"6,392.87","21,222.23","3,621.25",398.96
2021-12-25,"6,413.58","21,050.60","3,670.17",400.53
2022-01-01,"6,343.29","20,386.87","3,714.30",394.19
2022-01-08,"6,259.76","20,759.26","3,581.20",390.85
2022-01-15,"6,191.16","21,043.66","3,528.87",387.45
2022-01-22,"6,012.34","20,464.68","3,438.56",376.08
2022-01-29,"5,702.20","19,611.27","3,279.93",357.98
2022-02-05,"5,848.74","20,218.69","3,370.62",366.34
2022-02-12,"5,855.15","20,633.65","3,290.73",368.61
2022-02-19,"5,857.36","20,579.33","3,298.55",368.55
2022-02-26,"5,716.41","20,030.02","3,254.23",358.44
2022-03-05,"5,782.32","20,464.33","3,313.30",361.69
2022-03-12,"5,685.84","20,268.61","3,252.11",355.31
2022-03-19,"5,813.85","20,511.82","3,362.95",362.33
2022-03-26,"5,816.95","20,944.71","3,413.63",362.06
2022-04-02,"5,835.97","21,112.80","3,395.09",363.19
2022-04-09,"5,738.13","20,821.32","3,358.34",356.01
2022-04-16,"5,696.73","20,967.83","3,355.71",353.84
2022-04-23,"5,717.35","21,498.64","3,378.42",355.43
2022-04-30,"5,697.91","21,109.33","3,320.37",355.08
2022-05-07,"5,592.66","21,065.42","3,230.60",349.00
2022-05-14,"5,525.94","20,848.86","3,178.86",345.50
2022-05-21,"5,605.02","20,635.81","3,216.34",349.29
2022-05-28,"5,584.06","20,992.36","3,200.94",348.04
2022-06-04,"5,649.32","21,060.63","3,237.25",352.01
2022-06-11,"5,485.45","20,733.74","3,158.21",341.89
2022-06-18,"5,138.62","19,453.15","2,930.17",320.09
2022-06-25,"4,997.36","18,606.67","2,829.82",312.07
2022-07-02,"4,860.21","18,535.89","2,737.25",304.02
2022-07-09,"4,971.09","18,093.61","2,845.12",310.15
2022-07-16,"4,937.12","17,450.75","2,804.57",307.91
2022-07-23,"5,086.89","18,215.44","2,903.91",317.33
2022-07-30,"5,187.54","18,686.67","2,975.92",323.31
2022-08-06,"5,270.66","18,711.33","3,048.63",327.50
2022-08-13,"5,316.79","19,371.18","3,066.89",330.67
2022-08-20,"5,246.56","19,197.09","2,999.94",326.79
2022-08-27,"5,198.55","19,197.02","2,960.83",323.91
2022-09-03,"5,034.19","18,609.41","2,876.71",312.92
2022-09-05,"5,014.79","18,732.74","2,855.41",312.47
